{"textures":{"0":"modelengine:entity/mso_magma_imp","particle":"#0"},"elements":[{"from":[4.0,-2.3650322,8.769854],"to":[12.0,8.634968,16.769854],"faces":{"east":{"uv":[1.0,1.25,2.0,2.625],"tintindex":0,"rotation":0,"texture":"#0"},"south":{"uv":[2.0,1.25,3.0,2.625],"tintindex":0,"rotation":0,"texture":"#0"},"north":{"uv":[0.0,1.25,1.0,2.625],"tintindex":0,"rotation":0,"texture":"#0"},"west":{"uv":[0.0,2.625,1.0,4.0],"tintindex":0,"rotation":0,"texture":"#0"},"up":{"uv":[4.0,3.0,3.0,2.0],"tintindex":0,"rotation":0,"texture":"#0"},"down":{"uv":[4.0,3.0,3.0,4.0],"tintindex":0,"rotation":0,"texture":"#0"}},"rotation":{"origin":[4.5,2.7099676,1.4573541],"angle":-22.5,"axis":"x"}},{"from":[6.5,6.134968,15.269854],"to":[9.5,9.134968,17.269854],"faces":{"east":{"uv":[1.625,5.875,1.875,6.25],"tintindex":0,"rotation":0,"texture":"#0"},"south":{"uv":[4.0,7.125,4.375,7.5],"tintindex":0,"rotation":0,"texture":"#0"},"north":{"uv":[3.625,7.125,4.0,7.5],"tintindex":0,"rotation":0,"texture":"#0"},"west":{"uv":[7.125,5.875,7.375,6.25],"tintindex":0,"rotation":0,"texture":"#0"},"up":{"uv":[7.5,7.125,7.125,6.875],"tintindex":0,"rotation":0,"texture":"#0"},"down":{"uv":[7.5,7.125,7.125,7.375],"tintindex":0,"rotation":0,"texture":"#0"}},"rotation":{"origin":[4.5,2.7099676,1.4573541],"angle":-22.5,"axis":"x"}},{"from":[2.5,0.60996723,10.269854],"to":[13.5,5.609967,13.269854],"faces":{"east":{"uv":[0.375,7.0,0.75,7.625],"tintindex":0,"rotation":0,"texture":"#0"},"south":{"uv":[3.875,4.75,5.25,5.375],"tintindex":0,"rotation":0,"texture":"#0"},"north":{"uv":[1.0,4.625,2.375,5.25],"tintindex":0,"rotation":0,"texture":"#0"},"west":{"uv":[0.75,7.0,1.125,7.625],"tintindex":0,"rotation":0,"texture":"#0"},"up":{"uv":[6.5,1.0,5.125,0.625],"tintindex":0,"rotation":0,"texture":"#0"},"down":{"uv":[7.25,1.0,5.875,1.375],"tintindex":0,"rotation":0,"texture":"#0"}},"rotation":{"origin":[4.5,2.7099676,1.4573541],"angle":-22.5,"axis":"x"}}],"display":{"head":{"rotation":[0.0,0.0,0.0]},"firstperson_righthand":{"rotation":[0.0,0.0,0.0]},"thirdperson_lefthand":{"rotation":[0.0,-0.0,-0.0]},"firstperson_lefthand":{"rotation":[0.0,-0.0,-0.0]},"fixed":{"rotation":[0.0,0.0,0.0]},"ground":{"rotation":[0.0,0.0,0.0]},"thirdperson_righthand":{"rotation":[0.0,0.0,0.0]},"gui":{"rotation":[-150.0,-45.0,180.0]}}}