{"textures":{"0":"modelengine:entity/mso_magma_imp","particle":"#0"},"elements":[{"from":[8.0,5.0,8.0],"to":[15.0,8.0,15.0],"faces":{"east":{"uv":[2.375,6.25,3.25,6.625],"tintindex":0,"rotation":0,"texture":"#0"},"south":{"uv":[6.25,4.5,7.125,4.875],"tintindex":0,"rotation":0,"texture":"#0"},"north":{"uv":[6.125,3.625,7.0,4.0],"tintindex":0,"rotation":0,"texture":"#0"},"west":{"uv":[6.25,4.875,7.125,5.25],"tintindex":0,"rotation":0,"texture":"#0"},"up":{"uv":[0.875,5.75,0.0,4.875],"tintindex":0,"rotation":0,"texture":"#0"},"down":{"uv":[5.875,1.0,5.0,1.875],"tintindex":0,"rotation":0,"texture":"#0"}}},{"from":[9.5,6.5,6.0],"to":[13.5,11.5,8.0],"faces":{"east":{"uv":[2.0,7.125,2.25,7.75],"tintindex":0,"rotation":0,"texture":"#0"},"south":{"uv":[1.75,6.5,2.25,7.125],"tintindex":0,"rotation":0,"texture":"#0"},"north":{"uv":[3.25,6.25,3.75,6.875],"tintindex":0,"rotation":0,"texture":"#0"},"west":{"uv":[7.125,3.375,7.375,4.0],"tintindex":0,"rotation":0,"texture":"#0"},"up":{"uv":[2.75,1.25,2.25,1.0],"tintindex":0,"rotation":0,"texture":"#0"},"down":{"uv":[4.875,7.125,4.375,7.375],"tintindex":0,"rotation":0,"texture":"#0"}}},{"from":[7.51,8.01,7.51],"to":[15.49,12.99,15.49],"faces":{"east":{"uv":[5.0,1.875,6.0,2.5],"tintindex":0,"rotation":0,"texture":"#0"},"south":{"uv":[2.375,5.0,3.375,5.625],"tintindex":0,"rotation":0,"texture":"#0"},"north":{"uv":[4.875,4.0,5.875,4.625],"tintindex":0,"rotation":0,"texture":"#0"},"west":{"uv":[5.125,0.0,6.125,0.625],"tintindex":0,"rotation":0,"texture":"#0"},"up":{"uv":[3.25,1.0,2.25,0.0],"tintindex":0,"rotation":0,"texture":"#0"},"down":{"uv":[2.0,2.625,1.0,3.625],"tintindex":0,"rotation":0,"texture":"#0"}}}],"display":{"head":{"rotation":[0.0,0.0,0.0]},"firstperson_righthand":{"rotation":[0.0,0.0,0.0]},"thirdperson_lefthand":{"rotation":[0.0,-0.0,-0.0]},"firstperson_lefthand":{"rotation":[0.0,-0.0,-0.0]},"fixed":{"rotation":[0.0,0.0,0.0]},"ground":{"rotation":[0.0,0.0,0.0]},"thirdperson_righthand":{"rotation":[0.0,0.0,0.0]},"gui":{"rotation":[-150.0,-45.0,180.0]}}}