{"textures":{"0":"modelengine:entity/mso_magma_imp","particle":"#0"},"elements":[{"from":[10.25,6.0,8.0],"to":[20.25,11.0,8.0],"faces":{"south":{"uv":[6.125,3.375,4.875,4.0],"tintindex":0,"rotation":0,"texture":"#0"},"north":{"uv":[6.125,2.75,4.875,3.375],"tintindex":0,"rotation":0,"texture":"#0"}},"rotation":{"origin":[10.25,1.5,7.0],"angle":22.5,"axis":"z"}}],"display":{"head":{"rotation":[0.0,0.0,0.0]},"firstperson_righthand":{"rotation":[0.0,0.0,0.0]},"thirdperson_lefthand":{"rotation":[0.0,-0.0,-0.0]},"firstperson_lefthand":{"rotation":[0.0,-0.0,-0.0]},"fixed":{"rotation":[0.0,0.0,0.0]},"ground":{"rotation":[0.0,0.0,0.0]},"thirdperson_righthand":{"rotation":[0.0,0.0,0.0]},"gui":{"rotation":[-150.0,-45.0,180.0]}}}