{"textures":{"0":"modelengine:entity/mso_magma_imp","particle":"#0"},"elements":[{"from":[6.5,5.3416667,6.0],"to":[9.5,10.341667,10.0],"faces":{"east":{"uv":[5.375,6.5,4.875,7.125],"tintindex":0,"rotation":0,"texture":"#0"},"south":{"uv":[6.75,6.875,6.375,7.5],"tintindex":0,"rotation":0,"texture":"#0"},"north":{"uv":[3.625,6.875,3.25,7.5],"tintindex":0,"rotation":0,"texture":"#0"},"west":{"uv":[4.875,6.5,4.375,7.125],"tintindex":0,"rotation":0,"texture":"#0"},"up":{"uv":[6.875,0.5,7.25,0.0],"tintindex":0,"rotation":0,"texture":"#0"},"down":{"uv":[6.875,2.375,7.25,2.875],"tintindex":0,"rotation":0,"texture":"#0"}}}],"display":{"head":{"rotation":[0.0,0.0,0.0]},"firstperson_righthand":{"rotation":[0.0,0.0,0.0]},"thirdperson_lefthand":{"rotation":[0.0,-0.0,-0.0]},"firstperson_lefthand":{"rotation":[0.0,-0.0,-0.0]},"fixed":{"rotation":[0.0,0.0,0.0]},"ground":{"rotation":[0.0,0.0,0.0]},"thirdperson_righthand":{"rotation":[0.0,0.0,0.0]},"gui":{"rotation":[-150.0,-45.0,180.0]}}}