{"textures":{"0":"modelengine:entity/mso_warmm","particle":"#0"},"elements":[{"from":[6.04,6.04,7.54],"to":[9.96,9.96,16.46],"faces":{"east":{"uv":[3.0,10.25,5.25,11.25],"tintindex":0,"rotation":0,"texture":"#0"},"south":{"uv":[7.25,9.0,8.25,10.0],"tintindex":0,"rotation":0,"texture":"#0"},"north":{"uv":[5.0,7.75,6.0,8.75],"tintindex":0,"rotation":0,"texture":"#0"},"west":{"uv":[5.25,10.25,7.5,11.25],"tintindex":0,"rotation":0,"texture":"#0"},"up":{"uv":[11.25,8.75,10.25,6.5],"tintindex":0,"rotation":0,"texture":"#0"},"down":{"uv":[8.5,10.75,7.5,13.0],"tintindex":0,"rotation":0,"texture":"#0"}}}],"display":{"head":{"rotation":[0.0,0.0,0.0]},"firstperson_righthand":{"rotation":[0.0,0.0,0.0]},"thirdperson_lefthand":{"rotation":[0.0,-0.0,-0.0]},"firstperson_lefthand":{"rotation":[0.0,-0.0,-0.0]},"fixed":{"rotation":[0.0,0.0,0.0]},"ground":{"rotation":[0.0,0.0,0.0]},"thirdperson_righthand":{"rotation":[0.0,0.0,0.0]},"gui":{"rotation":[-150.0,-45.0,180.0]}}}