{"textures":{"0":"modelengine:entity/mso_warmm","particle":"#0"},"elements":[{"from":[5.53,5.363333,7.3633337],"to":[10.47,10.303333,16.303333],"faces":{"east":{"uv":[5.0,9.0,7.25,10.25],"tintindex":0,"rotation":0,"texture":"#0"},"south":{"uv":[11.25,6.5,12.5,7.75],"tintindex":0,"rotation":0,"texture":"#0"},"north":{"uv":[5.5,11.25,6.75,12.5],"tintindex":0,"rotation":0,"texture":"#0"},"west":{"uv":[9.5,5.25,11.75,6.5],"tintindex":0,"rotation":0,"texture":"#0"},"up":{"uv":[11.0,2.25,9.75,0.0],"tintindex":0,"rotation":0,"texture":"#0"},"down":{"uv":[11.0,8.75,9.75,11.0],"tintindex":0,"rotation":0,"texture":"#0"}}}],"display":{"head":{"rotation":[0.0,0.0,0.0]},"firstperson_righthand":{"rotation":[0.0,0.0,0.0]},"thirdperson_lefthand":{"rotation":[0.0,-0.0,-0.0]},"firstperson_lefthand":{"rotation":[0.0,-0.0,-0.0]},"fixed":{"rotation":[0.0,0.0,0.0]},"ground":{"rotation":[0.0,0.0,0.0]},"thirdperson_righthand":{"rotation":[0.0,0.0,0.0]},"gui":{"rotation":[-150.0,-45.0,180.0]}}}