{"textures":{"0":"modelengine:entity/mso_warmm","particle":"#0"},"elements":[{"from":[4.51,4.01,7.176667],"to":[11.49,10.99,16.156668],"faces":{"east":{"uv":[4.25,2.0,6.5,3.75],"tintindex":0,"rotation":0,"texture":"#0"},"south":{"uv":[8.0,0.0,9.75,1.75],"tintindex":0,"rotation":0,"texture":"#0"},"north":{"uv":[7.75,5.5,9.5,7.25],"tintindex":0,"rotation":0,"texture":"#0"},"west":{"uv":[4.25,3.75,6.5,5.5],"tintindex":0,"rotation":0,"texture":"#0"},"up":{"uv":[1.75,6.75,0.0,4.5],"tintindex":0,"rotation":0,"texture":"#0"},"down":{"uv":[6.0,5.5,4.25,7.75],"tintindex":0,"rotation":0,"texture":"#0"}}}],"display":{"head":{"rotation":[0.0,0.0,0.0]},"firstperson_righthand":{"rotation":[0.0,0.0,0.0]},"thirdperson_lefthand":{"rotation":[0.0,-0.0,-0.0]},"firstperson_lefthand":{"rotation":[0.0,-0.0,-0.0]},"fixed":{"rotation":[0.0,0.0,0.0]},"ground":{"rotation":[0.0,0.0,0.0]},"thirdperson_righthand":{"rotation":[0.0,0.0,0.0]},"gui":{"rotation":[-150.0,-45.0,180.0]}}}