{"textures":{"0":"modelengine:entity/mso_overlord_stage1","particle":"#0"},"elements":[{"from":[6.99,5.99,6.99],"to":[9.01,8.01,9.01],"faces":{"east":{"uv":[4.875,11.625,5.125,11.875],"tintindex":0,"rotation":0,"texture":"#0"},"south":{"uv":[4.875,11.625,4.625,11.875],"tintindex":0,"rotation":0,"texture":"#0"},"north":{"uv":[4.375,11.625,4.125,11.875],"tintindex":0,"rotation":0,"texture":"#0"},"west":{"uv":[4.375,11.625,4.625,11.875],"tintindex":0,"rotation":0,"texture":"#0"},"up":{"uv":[1.5,12.0,1.25,11.75],"tintindex":0,"rotation":0,"texture":"#0"},"down":{"uv":[3.125,11.75,2.875,12.0],"tintindex":0,"rotation":0,"texture":"#0"}}}],"display":{"head":{"rotation":[0.0,0.0,0.0]},"firstperson_righthand":{"rotation":[0.0,0.0,0.0]},"thirdperson_lefthand":{"rotation":[0.0,-0.0,-0.0]},"firstperson_lefthand":{"rotation":[0.0,-0.0,-0.0]},"fixed":{"rotation":[0.0,0.0,0.0]},"ground":{"rotation":[0.0,0.0,0.0]},"thirdperson_righthand":{"rotation":[0.0,0.0,0.0]},"gui":{"rotation":[-150.0,-45.0,180.0]}}}