{"textures":{"0":"modelengine:entity/mso_overlord_stage1","particle":"#0"},"elements":[{"from":[6.98,5.98,6.98],"to":[9.02,8.02,9.02],"faces":{"east":{"uv":[2.25,11.625,2.5,11.875],"tintindex":0,"rotation":0,"texture":"#0"},"south":{"uv":[2.5,11.625,2.75,11.875],"tintindex":0,"rotation":0,"texture":"#0"},"north":{"uv":[2.0,11.625,2.25,11.875],"tintindex":0,"rotation":0,"texture":"#0"},"west":{"uv":[11.625,3.125,11.875,3.375],"tintindex":0,"rotation":0,"texture":"#0"},"up":{"uv":[11.875,3.625,11.625,3.375],"tintindex":0,"rotation":0,"texture":"#0"},"down":{"uv":[11.875,3.625,11.625,3.875],"tintindex":0,"rotation":0,"texture":"#0"}}}],"display":{"head":{"rotation":[0.0,0.0,0.0]},"firstperson_righthand":{"rotation":[0.0,0.0,0.0]},"thirdperson_lefthand":{"rotation":[0.0,-0.0,-0.0]},"firstperson_lefthand":{"rotation":[0.0,-0.0,-0.0]},"fixed":{"rotation":[0.0,0.0,0.0]},"ground":{"rotation":[0.0,0.0,0.0]},"thirdperson_righthand":{"rotation":[0.0,0.0,0.0]},"gui":{"rotation":[-150.0,-45.0,180.0]}}}