{"textures":{"0":"modelengine:entity/mso_overlord_stage1","particle":"#0"},"elements":[{"from":[6.98,5.98,6.98],"to":[9.02,8.02,9.02],"faces":{"east":{"uv":[11.625,8.875,11.875,9.125],"tintindex":0,"rotation":0,"texture":"#0"},"south":{"uv":[9.625,11.625,9.875,11.875],"tintindex":0,"rotation":0,"texture":"#0"},"north":{"uv":[8.875,11.625,9.125,11.875],"tintindex":0,"rotation":0,"texture":"#0"},"west":{"uv":[9.875,11.625,10.125,11.875],"tintindex":0,"rotation":0,"texture":"#0"},"up":{"uv":[10.375,11.875,10.125,11.625],"tintindex":0,"rotation":0,"texture":"#0"},"down":{"uv":[11.875,10.25,11.625,10.5],"tintindex":0,"rotation":0,"texture":"#0"}}}],"display":{"head":{"rotation":[0.0,0.0,0.0]},"firstperson_righthand":{"rotation":[0.0,0.0,0.0]},"thirdperson_lefthand":{"rotation":[0.0,-0.0,-0.0]},"firstperson_lefthand":{"rotation":[0.0,-0.0,-0.0]},"fixed":{"rotation":[0.0,0.0,0.0]},"ground":{"rotation":[0.0,0.0,0.0]},"thirdperson_righthand":{"rotation":[0.0,0.0,0.0]},"gui":{"rotation":[-150.0,-45.0,180.0]}}}