{"textures":{"0":"modelengine:entity/mso_overlord_stage1","particle":"#0"},"elements":[{"from":[6.0,8.0,2.9735298],"to":[10.0,10.0,4.97353],"faces":{"east":{"uv":[4.625,7.5,4.875,7.75],"tintindex":0,"rotation":0,"texture":"#0"},"south":{"uv":[4.75,11.375,5.25,11.625],"tintindex":0,"rotation":0,"texture":"#0"},"north":{"uv":[4.875,9.25,5.375,9.5],"tintindex":0,"rotation":0,"texture":"#0"},"west":{"uv":[8.125,2.25,8.375,2.5],"tintindex":0,"rotation":0,"texture":"#0"},"up":{"uv":[6.25,11.625,5.75,11.375],"tintindex":0,"rotation":0,"texture":"#0"},"down":{"uv":[11.875,8.375,11.375,8.625],"tintindex":0,"rotation":0,"texture":"#0"}}},{"from":[4.0,10.0,2.9735298],"to":[12.0,17.0,10.97353],"faces":{"east":{"uv":[6.25,0.0,7.25,0.875],"tintindex":0,"rotation":0,"texture":"#0"},"south":{"uv":[6.25,0.875,7.25,1.75],"tintindex":0,"rotation":0,"texture":"#0"},"north":{"uv":[6.125,5.75,7.125,6.625],"tintindex":0,"rotation":0,"texture":"#0"},"west":{"uv":[6.25,1.75,7.25,2.625],"tintindex":0,"rotation":0,"texture":"#0"},"up":{"uv":[6.25,1.875,5.25,0.875],"tintindex":0,"rotation":0,"texture":"#0"},"down":{"uv":[6.25,1.875,5.25,2.875],"tintindex":0,"rotation":0,"texture":"#0"}}},{"from":[7.875,10.900002,2.9485302],"to":[8.125,11.900002,2.9485302],"faces":{"east":{"uv":[7.375,7.25,8.375,8.125],"tintindex":0,"rotation":0,"texture":"#0"},"north":{"uv":[5.125,0.875,5.1875,1.0],"tintindex":0,"rotation":0,"texture":"#0"},"west":{"uv":[7.5,6.125,8.5,7.0],"tintindex":0,"rotation":0,"texture":"#0"},"up":{"uv":[3.5,7.625,2.5,6.625],"tintindex":0,"rotation":0,"texture":"#0"},"down":{"uv":[4.5,6.625,3.5,7.625],"tintindex":0,"rotation":0,"texture":"#0"}}},{"from":[9.0,15.0,0.47352982],"to":[11.0,22.0,0.47352982],"faces":{"south":{"uv":[7.875,11.0,8.125,11.875],"tintindex":0,"rotation":0,"texture":"#0"},"north":{"uv":[3.875,11.0,4.125,11.875],"tintindex":0,"rotation":0,"texture":"#0"}},"rotation":{"origin":[8.0,22.5,2.9735298],"angle":-22.5,"axis":"x"}},{"from":[4.0,17.0,10.97353],"to":[12.0,28.0,10.97353],"faces":{"south":{"uv":[2.0,2.875,3.0,4.25],"tintindex":0,"rotation":0,"texture":"#0"},"north":{"uv":[1.0,2.875,2.0,4.25],"tintindex":0,"rotation":0,"texture":"#0"}}},{"from":[4.0,17.0,2.9735298],"to":[12.0,28.0,2.9735298],"faces":{"south":{"uv":[3.0,2.875,4.0,4.25],"tintindex":0,"rotation":0,"texture":"#0"},"north":{"uv":[3.0,1.5,4.0,2.875],"tintindex":0,"rotation":0,"texture":"#0"}}},{"from":[4.0,17.0,2.9735298],"to":[4.0,28.0,10.97353],"faces":{"east":{"uv":[0.0,1.5,1.0,2.875],"tintindex":0,"rotation":0,"texture":"#0"},"west":{"uv":[1.0,1.5,2.0,2.875],"tintindex":0,"rotation":0,"texture":"#0"}}},{"from":[7.75,12.900002,2.9485302],"to":[8.25,13.900002,2.9485302],"faces":{"east":{"uv":[7.375,7.25,8.375,8.125],"tintindex":0,"rotation":0,"texture":"#0"},"north":{"uv":[5.0,0.875,5.0625,1.0],"tintindex":0,"rotation":0,"texture":"#0"},"west":{"uv":[7.5,6.125,8.5,7.0],"tintindex":0,"rotation":0,"texture":"#0"},"up":{"uv":[3.5,7.625,2.5,6.625],"tintindex":0,"rotation":0,"texture":"#0"},"down":{"uv":[4.5,6.625,3.5,7.625],"tintindex":0,"rotation":0,"texture":"#0"}}},{"from":[5.0,15.0,0.47352982],"to":[7.0,22.0,0.47352982],"faces":{"south":{"uv":[2.125,10.125,2.375,11.0],"tintindex":0,"rotation":0,"texture":"#0"},"north":{"uv":[6.5,8.25,6.75,9.125],"tintindex":0,"rotation":0,"texture":"#0"}},"rotation":{"origin":[8.0,22.5,2.9735298],"angle":-22.5,"axis":"x"}},{"from":[12.0,17.0,2.9735298],"to":[12.0,28.0,10.97353],"faces":{"east":{"uv":[2.0,1.5,3.0,2.875],"tintindex":0,"rotation":0,"texture":"#0"},"west":{"uv":[0.0,2.875,1.0,4.25],"tintindex":0,"rotation":0,"texture":"#0"}}}],"display":{"head":{"rotation":[0.0,0.0,0.0]},"firstperson_righthand":{"rotation":[0.0,0.0,0.0]},"thirdperson_lefthand":{"rotation":[0.0,-0.0,-0.0]},"firstperson_lefthand":{"rotation":[0.0,-0.0,-0.0]},"fixed":{"rotation":[0.0,0.0,0.0]},"ground":{"rotation":[0.0,0.0,0.0]},"thirdperson_righthand":{"rotation":[0.0,0.0,0.0]},"gui":{"rotation":[-150.0,-45.0,180.0]}}}