{"textures":{"0":"modelengine:entity/mso_overlord_stage1","particle":"#0"},"elements":[{"from":[5.33333,-2.966669,4.83333],"to":[11.33333,2.033331,10.83333],"faces":{"east":{"uv":[7.125,9.25,7.875,9.875],"tintindex":0,"rotation":0,"texture":"#0"},"south":{"uv":[1.0,9.375,1.75,10.0],"tintindex":0,"rotation":0,"texture":"#0"},"north":{"uv":[6.375,9.25,7.125,9.875],"tintindex":0,"rotation":0,"texture":"#0"},"west":{"uv":[9.5,1.375,10.25,2.0],"tintindex":0,"rotation":0,"texture":"#0"},"up":{"uv":[9.5,2.125,8.75,1.375],"tintindex":0,"rotation":0,"texture":"#0"},"down":{"uv":[9.5,5.375,8.75,6.125],"tintindex":0,"rotation":0,"texture":"#0"}}},{"from":[6.32333,5.0233307,5.82333],"to":[10.34333,8.043331,9.84333],"faces":{"east":{"uv":[11.125,0.0,11.625,0.375],"tintindex":0,"rotation":0,"texture":"#0"},"south":{"uv":[11.125,3.25,11.625,3.625],"tintindex":0,"rotation":0,"texture":"#0"},"north":{"uv":[9.0,7.625,9.5,8.0],"tintindex":0,"rotation":0,"texture":"#0"},"west":{"uv":[11.125,3.625,11.625,4.0],"tintindex":0,"rotation":0,"texture":"#0"},"up":{"uv":[10.875,2.5,10.375,2.0],"tintindex":0,"rotation":0,"texture":"#0"},"down":{"uv":[10.875,4.25,10.375,4.75],"tintindex":0,"rotation":0,"texture":"#0"}}},{"from":[4.33333,2.033331,3.8333302],"to":[12.33333,5.033331,11.83333],"faces":{"east":{"uv":[10.0,6.125,11.0,6.5],"tintindex":0,"rotation":0,"texture":"#0"},"south":{"uv":[2.875,10.125,3.875,10.5],"tintindex":0,"rotation":0,"texture":"#0"},"north":{"uv":[10.0,3.125,11.0,3.5],"tintindex":0,"rotation":0,"texture":"#0"},"west":{"uv":[10.125,5.375,11.125,5.75],"tintindex":0,"rotation":0,"texture":"#0"},"up":{"uv":[6.25,3.875,5.25,2.875],"tintindex":0,"rotation":0,"texture":"#0"},"down":{"uv":[1.0,5.375,0.0,6.375],"tintindex":0,"rotation":0,"texture":"#0"}}}],"display":{"head":{"rotation":[0.0,0.0,0.0]},"firstperson_righthand":{"rotation":[0.0,0.0,0.0]},"thirdperson_lefthand":{"rotation":[0.0,-0.0,-0.0]},"firstperson_lefthand":{"rotation":[0.0,-0.0,-0.0]},"fixed":{"rotation":[0.0,0.0,0.0]},"ground":{"rotation":[0.0,0.0,0.0]},"thirdperson_righthand":{"rotation":[0.0,0.0,0.0]},"gui":{"rotation":[-150.0,-45.0,180.0]}}}