{"textures":{"0":"modelengine:entity/mso_overlord_stage1","particle":"#0"},"elements":[{"from":[5.08333,0.9833298,6.03333],"to":[10.08333,2.9833298,12.03333],"faces":{"east":{"uv":[11.25,1.625,11.875,1.875],"tintindex":0,"rotation":0,"texture":"#0"},"south":{"uv":[11.25,1.625,11.875,1.875],"tintindex":0,"rotation":0,"texture":"#0"},"north":{"uv":[11.25,1.625,11.875,1.875],"tintindex":0,"rotation":0,"texture":"#0"},"west":{"uv":[11.25,1.625,11.875,1.875],"tintindex":0,"rotation":0,"texture":"#0"},"up":{"uv":[10.125,6.125,9.5,5.375],"tintindex":0,"rotation":0,"texture":"#0"},"down":{"uv":[6.125,9.5,5.5,10.25],"tintindex":0,"rotation":0,"texture":"#0"}}},{"from":[5.08333,3.9833298,6.03333],"to":[10.08333,6.98333,12.03333],"faces":{"east":{"uv":[5.25,10.25,6.0,10.625],"tintindex":0,"rotation":0,"texture":"#0"},"south":{"uv":[10.875,9.375,11.5,9.75],"tintindex":0,"rotation":0,"texture":"#0"},"north":{"uv":[10.875,9.375,11.5,9.75],"tintindex":0,"rotation":0,"texture":"#0"},"west":{"uv":[5.25,10.25,6.0,10.625],"tintindex":0,"rotation":0,"texture":"#0"},"up":{"uv":[2.375,10.125,1.75,9.375],"tintindex":0,"rotation":0,"texture":"#0"},"down":{"uv":[5.5,9.5,4.875,10.25],"tintindex":0,"rotation":0,"texture":"#0"}}},{"from":[5.58333,6.98333,7.03333],"to":[9.58333,7.98333,11.03333],"faces":{"east":{"uv":[9.875,4.25,10.375,4.375],"tintindex":0,"rotation":0,"texture":"#0"},"south":{"uv":[8.25,5.375,8.75,5.5],"tintindex":0,"rotation":0,"texture":"#0"},"north":{"uv":[5.25,3.875,5.75,4.0],"tintindex":0,"rotation":0,"texture":"#0"},"west":{"uv":[8.375,3.75,8.875,3.875],"tintindex":0,"rotation":0,"texture":"#0"},"up":{"uv":[10.875,0.875,10.375,0.375],"tintindex":0,"rotation":0,"texture":"#0"},"down":{"uv":[10.875,0.875,10.375,1.375],"tintindex":0,"rotation":0,"texture":"#0"}}},{"from":[5.58333,-5.01667,6.53333],"to":[9.58333,3.9833298,11.53333],"faces":{"east":{"uv":[8.75,0.0,8.125,1.125],"tintindex":0,"rotation":0,"texture":"#0"},"south":{"uv":[2.375,8.75,2.875,9.875],"tintindex":0,"rotation":0,"texture":"#0"},"north":{"uv":[7.375,8.125,7.875,9.25],"tintindex":0,"rotation":0,"texture":"#0"},"west":{"uv":[8.125,0.0,8.75,1.125],"tintindex":0,"rotation":0,"texture":"#0"},"up":{"uv":[1.875,8.75,1.375,8.125],"tintindex":0,"rotation":0,"texture":"#0"},"down":{"uv":[10.75,1.375,10.25,2.0],"tintindex":0,"rotation":0,"texture":"#0"}}},{"from":[5.08333,-2.0166702,6.03333],"to":[10.08333,-0.016670227,12.03333],"faces":{"east":{"uv":[11.25,1.625,11.875,1.875],"tintindex":0,"rotation":0,"texture":"#0"},"south":{"uv":[11.25,1.625,11.875,1.875],"tintindex":0,"rotation":0,"texture":"#0"},"north":{"uv":[11.25,1.625,11.875,1.875],"tintindex":0,"rotation":0,"texture":"#0"},"west":{"uv":[11.25,1.625,11.875,1.875],"tintindex":0,"rotation":0,"texture":"#0"},"up":{"uv":[10.125,7.375,9.5,6.625],"tintindex":0,"rotation":0,"texture":"#0"},"down":{"uv":[10.125,7.375,9.5,8.125],"tintindex":0,"rotation":0,"texture":"#0"}}}],"display":{"head":{"rotation":[0.0,0.0,0.0]},"firstperson_righthand":{"rotation":[0.0,0.0,0.0]},"thirdperson_lefthand":{"rotation":[0.0,-0.0,-0.0]},"firstperson_lefthand":{"rotation":[0.0,-0.0,-0.0]},"fixed":{"rotation":[0.0,0.0,0.0]},"ground":{"rotation":[0.0,0.0,0.0]},"thirdperson_righthand":{"rotation":[0.0,0.0,0.0]},"gui":{"rotation":[-150.0,-45.0,180.0]}}}