{"textures":{"0":"modelengine:entity/mso_overlord_stage1","particle":"#0"},"elements":[{"from":[4.0,6.1875,5.0],"to":[12.0,10.1875,11.0],"faces":{"east":{"uv":[9.875,3.75,10.625,4.25],"tintindex":0,"rotation":0,"texture":"#0"},"south":{"uv":[9.0,6.125,10.0,6.625],"tintindex":0,"rotation":0,"texture":"#0"},"north":{"uv":[5.375,9.0,6.375,9.5],"tintindex":0,"rotation":0,"texture":"#0"},"west":{"uv":[1.0,10.0,1.75,10.5],"tintindex":0,"rotation":0,"texture":"#0"},"up":{"uv":[5.625,8.5,4.625,7.75],"tintindex":0,"rotation":0,"texture":"#0"},"down":{"uv":[2.875,8.0,1.875,8.75],"tintindex":0,"rotation":0,"texture":"#0"}}}],"display":{"head":{"rotation":[0.0,0.0,0.0]},"firstperson_righthand":{"rotation":[0.0,0.0,0.0]},"thirdperson_lefthand":{"rotation":[0.0,-0.0,-0.0]},"firstperson_lefthand":{"rotation":[0.0,-0.0,-0.0]},"fixed":{"rotation":[0.0,0.0,0.0]},"ground":{"rotation":[0.0,0.0,0.0]},"thirdperson_righthand":{"rotation":[0.0,0.0,0.0]},"gui":{"rotation":[-150.0,-45.0,180.0]}}}