{"textures":{"0":"modelengine:entity/mso_overlord_stage1","particle":"#0"},"elements":[{"from":[7.386795,5.8624897,4.53631],"to":[8.886795,9.86249,6.03631],"faces":{"east":{"uv":[3.875,10.0,4.25,11.0],"tintindex":0,"rotation":0,"texture":"#0"},"south":{"uv":[7.875,10.0,8.25,11.0],"tintindex":0,"rotation":0,"texture":"#0"},"north":{"uv":[9.0,9.875,9.375,10.875],"tintindex":0,"rotation":0,"texture":"#0"},"west":{"uv":[3.875,10.0,4.25,11.0],"tintindex":0,"rotation":0,"texture":"#0"},"up":{"uv":[6.125,7.5,5.75,7.125],"tintindex":0,"rotation":0,"texture":"#0"},"down":{"uv":[7.125,7.5,6.75,7.875],"tintindex":0,"rotation":0,"texture":"#0"}}},{"from":[7.386795,7.1124897,6.03631],"to":[8.886795,8.61249,11.03631],"faces":{"east":{"uv":[9.625,5.0,10.875,5.375],"tintindex":0,"rotation":0,"texture":"#0"},"south":{"uv":[5.75,6.75,6.125,7.125],"tintindex":0,"rotation":0,"texture":"#0"},"north":{"uv":[3.875,6.0,4.25,6.375],"tintindex":0,"rotation":0,"texture":"#0"},"west":{"uv":[10.875,5.0,9.625,5.375],"tintindex":0,"rotation":0,"texture":"#0"},"up":{"uv":[2.75,11.125,2.375,9.875],"tintindex":0,"rotation":0,"texture":"#0"},"down":{"uv":[2.75,9.875,2.375,11.125],"tintindex":0,"rotation":0,"texture":"#0"}}},{"from":[7.136795,6.8624897,10.03631],"to":[9.136795,8.86249,12.03631],"faces":{"east":{"uv":[9.25,11.0,9.75,11.5],"tintindex":0,"rotation":0,"texture":"#0"},"south":{"uv":[9.25,11.0,9.75,11.5],"tintindex":0,"rotation":0,"texture":"#0"},"north":{"uv":[3.375,11.0,3.875,11.5],"tintindex":0,"rotation":0,"texture":"#0"},"west":{"uv":[9.25,11.0,9.75,11.5],"tintindex":0,"rotation":0,"texture":"#0"},"up":{"uv":[9.25,11.0,9.75,11.5],"tintindex":0,"rotation":0,"texture":"#0"},"down":{"uv":[9.25,11.0,9.75,11.5],"tintindex":0,"rotation":0,"texture":"#0"}}},{"from":[7.136795,7.0624905,3.61131],"to":[9.136795,8.56249,5.11131],"faces":{"east":{"uv":[8.375,9.0,8.75,9.375],"tintindex":0,"rotation":0,"texture":"#0"},"south":{"uv":[11.25,8.0,11.75,8.375],"tintindex":0,"rotation":0,"texture":"#0"},"north":{"uv":[8.125,11.125,8.625,11.5],"tintindex":0,"rotation":0,"texture":"#0"},"west":{"uv":[8.75,9.0,8.375,9.375],"tintindex":0,"rotation":0,"texture":"#0"},"up":{"uv":[11.75,11.5,11.25,11.125],"tintindex":0,"rotation":0,"texture":"#0"},"down":{"uv":[11.875,0.375,11.375,0.75],"tintindex":0,"rotation":0,"texture":"#0"}},"rotation":{"origin":[7.886795,8.06249,4.36131],"angle":-45.0,"axis":"x"}},{"from":[7.836795,6.8124895,-11.513691],"to":[8.436795,8.91249,-9.413689],"faces":{"east":{"uv":[11.0,2.75,11.5,3.25],"tintindex":0,"rotation":0,"texture":"#0"},"south":{"uv":[7.25,10.625,7.375,11.125],"tintindex":0,"rotation":0,"texture":"#0"},"north":{"uv":[5.625,7.75,5.75,8.25],"tintindex":0,"rotation":0,"texture":"#0"},"west":{"uv":[11.5,2.75,11.0,3.25],"tintindex":0,"rotation":0,"texture":"#0"},"up":{"uv":[7.375,11.125,7.25,10.625],"tintindex":0,"rotation":0,"texture":"#0"},"down":{"uv":[7.5,11.75,7.375,12.25],"tintindex":0,"rotation":0,"texture":"#0"}},"rotation":{"origin":[8.136795,7.8624897,-10.46369],"angle":45.0,"axis":"x"}},{"from":[7.886795,6.3624897,-10.46369],"to":[8.386795,9.36249,4.53631],"faces":{"east":{"uv":[0.0,0.0,3.75,0.75],"tintindex":0,"rotation":0,"texture":"#0"},"south":{"uv":[7.875,8.125,8.0,8.875],"tintindex":0,"rotation":0,"texture":"#0"},"north":{"uv":[7.125,3.875,7.25,4.625],"tintindex":0,"rotation":0,"texture":"#0"},"west":{"uv":[3.75,0.0,0.0,0.75],"tintindex":0,"rotation":0,"texture":"#0"},"up":{"uv":[2.875,13.625,2.75,9.875],"tintindex":0,"rotation":0,"texture":"#0"},"down":{"uv":[7.875,9.875,7.75,13.625],"tintindex":0,"rotation":0,"texture":"#0"}}}],"display":{"head":{"rotation":[0.0,0.0,0.0]},"firstperson_righthand":{"rotation":[0.0,0.0,0.0]},"thirdperson_lefthand":{"rotation":[0.0,-0.0,-0.0]},"firstperson_lefthand":{"rotation":[0.0,-0.0,-0.0]},"fixed":{"rotation":[0.0,0.0,0.0]},"ground":{"rotation":[0.0,0.0,0.0]},"thirdperson_righthand":{"rotation":[0.0,0.0,0.0]},"gui":{"rotation":[-150.0,-45.0,180.0]}}}