{"textures":{"0":"modelengine:entity/bl_fire_elemental_blessed","particle":"#0"},"elements":[{"from":[6.0,8.0,6.0],"to":[10.0,20.0,10.0],"faces":{"east":{"uv":[9.857143,7.714286,10.428572,9.428572],"tintindex":0,"rotation":0,"texture":"#0"},"south":{"uv":[9.857143,9.428572,10.428572,11.142858],"tintindex":0,"rotation":0,"texture":"#0"},"north":{"uv":[8.0,9.142858,8.571429,10.857143],"tintindex":0,"rotation":0,"texture":"#0"},"west":{"uv":[8.571429,10.0,9.142858,11.714286],"tintindex":0,"rotation":0,"texture":"#0"},"up":{"uv":[14.142858,11.714286,13.571429,11.142858],"tintindex":0,"rotation":0,"texture":"#0"},"down":{"uv":[14.142858,11.714286,13.571429,12.285715],"tintindex":0,"rotation":0,"texture":"#0"}}},{"from":[8.0,20.0,6.0],"to":[8.0,24.0,10.0],"faces":{"east":{"uv":[4.0,13.714287,4.571429,14.285715],"tintindex":0,"rotation":0,"texture":"#0"},"west":{"uv":[13.714287,4.0,14.285715,4.571429],"tintindex":0,"rotation":0,"texture":"#0"}}}],"display":{"head":{"rotation":[0.0,0.0,0.0]},"firstperson_righthand":{"rotation":[0.0,0.0,0.0]},"thirdperson_lefthand":{"rotation":[0.0,-0.0,-0.0]},"firstperson_lefthand":{"rotation":[0.0,-0.0,-0.0]},"fixed":{"rotation":[0.0,0.0,0.0]},"ground":{"rotation":[0.0,0.0,0.0]},"thirdperson_righthand":{"rotation":[0.0,0.0,0.0]},"gui":{"rotation":[-150.0,-45.0,180.0]}}}