{"textures":{"0":"modelengine:entity/bl_fire_elemental_blessed","particle":"#0"},"elements":[{"from":[8.0,14.0,6.0],"to":[8.0,20.0,10.0],"faces":{"east":{"uv":[6.8571434,12.857143,7.4285717,13.714287],"tintindex":0,"rotation":0,"texture":"#0"},"west":{"uv":[7.4285717,12.857143,8.0,13.714287],"tintindex":0,"rotation":0,"texture":"#0"}}},{"from":[6.0,8.0,6.0],"to":[10.0,14.0,10.0],"faces":{"east":{"uv":[4.571429,12.857143,5.1428576,13.714287],"tintindex":0,"rotation":0,"texture":"#0"},"south":{"uv":[5.1428576,12.857143,5.714286,13.714287],"tintindex":0,"rotation":0,"texture":"#0"},"north":{"uv":[4.0,12.857143,4.571429,13.714287],"tintindex":0,"rotation":0,"texture":"#0"},"west":{"uv":[6.2857146,12.857143,6.8571434,13.714287],"tintindex":0,"rotation":0,"texture":"#0"},"up":{"uv":[5.1428576,14.285715,4.571429,13.714287],"tintindex":0,"rotation":0,"texture":"#0"},"down":{"uv":[14.285715,4.571429,13.714287,5.1428576],"tintindex":0,"rotation":0,"texture":"#0"}}}],"display":{"head":{"rotation":[0.0,0.0,0.0]},"firstperson_righthand":{"rotation":[0.0,0.0,0.0]},"thirdperson_lefthand":{"rotation":[0.0,-0.0,-0.0]},"firstperson_lefthand":{"rotation":[0.0,-0.0,-0.0]},"fixed":{"rotation":[0.0,0.0,0.0]},"ground":{"rotation":[0.0,0.0,0.0]},"thirdperson_righthand":{"rotation":[0.0,0.0,0.0]},"gui":{"rotation":[-150.0,-45.0,180.0]}}}