{"textures":{"0":"modelengine:entity/bl_fire_elemental_blessed","particle":"#0"},"elements":[{"from":[1.3725848,7.5,-8.0],"to":[14.627415,8.5,-8.0],"faces":{"south":{"uv":[7.714286,2.2857144,11.571429,2.5714288],"tintindex":0,"rotation":0,"texture":"#0"},"north":{"uv":[7.714286,2.0,11.571429,2.2857144],"tintindex":0,"rotation":0,"texture":"#0"}}},{"from":[1.3725848,7.5,24.0],"to":[14.627415,8.5,24.0],"faces":{"south":{"uv":[7.714286,2.857143,11.571429,3.1428573],"tintindex":0,"rotation":0,"texture":"#0"},"north":{"uv":[7.714286,2.5714288,11.571429,2.857143],"tintindex":0,"rotation":0,"texture":"#0"}},"rotation":{"origin":[8.0,8.0,8.0],"angle":45.0,"axis":"y"}},{"from":[24.0,7.5,1.3725848],"to":[24.0,8.5,14.627415],"faces":{"east":{"uv":[5.1428576,8.571429,9.0,8.857143],"tintindex":0,"rotation":0,"texture":"#0"},"west":{"uv":[5.1428576,8.857143,9.0,9.142858],"tintindex":0,"rotation":0,"texture":"#0"}}},{"from":[1.3725848,7.5,-8.0],"to":[14.627415,8.5,-8.0],"faces":{"south":{"uv":[7.714286,1.7142859,11.571429,2.0],"tintindex":0,"rotation":0,"texture":"#0"},"north":{"uv":[7.714286,1.4285715,11.571429,1.7142859],"tintindex":0,"rotation":0,"texture":"#0"}},"rotation":{"origin":[8.0,8.0,8.0],"angle":45.0,"axis":"y"}},{"from":[24.0,7.5,1.3725848],"to":[24.0,8.5,14.627415],"faces":{"east":{"uv":[5.1428576,8.0,9.0,8.285715],"tintindex":0,"rotation":0,"texture":"#0"},"west":{"uv":[5.1428576,8.285715,9.0,8.571429],"tintindex":0,"rotation":0,"texture":"#0"}},"rotation":{"origin":[8.0,8.0,8.0],"angle":45.0,"axis":"y"}},{"from":[-8.0,7.5,1.3725848],"to":[-8.0,8.5,14.627415],"faces":{"east":{"uv":[7.714286,3.7142859,11.571429,4.0],"tintindex":0,"rotation":0,"texture":"#0"},"west":{"uv":[7.714286,4.0,11.571429,4.2857146],"tintindex":0,"rotation":0,"texture":"#0"}},"rotation":{"origin":[8.0,8.0,8.0],"angle":45.0,"axis":"y"}},{"from":[1.3725848,7.5,24.0],"to":[14.627415,8.5,24.0],"faces":{"south":{"uv":[7.714286,3.4285717,11.571429,3.7142859],"tintindex":0,"rotation":0,"texture":"#0"},"north":{"uv":[7.714286,3.1428573,11.571429,3.4285717],"tintindex":0,"rotation":0,"texture":"#0"}}},{"from":[-8.0,7.5,1.3725848],"to":[-8.0,8.5,14.627415],"faces":{"east":{"uv":[7.714286,4.2857146,11.571429,4.571429],"tintindex":0,"rotation":0,"texture":"#0"},"west":{"uv":[5.1428576,7.714286,9.0,8.0],"tintindex":0,"rotation":0,"texture":"#0"}}}],"display":{"head":{"rotation":[0.0,0.0,0.0]},"firstperson_righthand":{"rotation":[0.0,0.0,0.0]},"thirdperson_lefthand":{"rotation":[0.0,-0.0,-0.0]},"firstperson_lefthand":{"rotation":[0.0,-0.0,-0.0]},"fixed":{"rotation":[0.0,0.0,0.0]},"ground":{"rotation":[0.0,0.0,0.0]},"thirdperson_righthand":{"rotation":[0.0,0.0,0.0]},"gui":{"rotation":[-150.0,-45.0,180.0]}}}