{"textures":{"0":"modelengine:entity/mso_magma_imp","particle":"#0"},"elements":[{"from":[4.0,7.2758293,7.1543217],"to":[12.0,8.275829,15.154322],"faces":{"east":{"uv":[6.75,5.75,7.75,5.875],"tintindex":0,"rotation":0,"texture":"#0"},"south":{"uv":[7.125,4.5,8.125,4.625],"tintindex":0,"rotation":0,"texture":"#0"},"north":{"uv":[6.5,0.875,7.5,1.0],"tintindex":0,"rotation":0,"texture":"#0"},"west":{"uv":[7.125,4.625,8.125,4.75],"tintindex":0,"rotation":0,"texture":"#0"},"up":{"uv":[4.25,1.0,3.25,0.0],"tintindex":0,"rotation":0,"texture":"#0"},"down":{"uv":[2.0,3.625,1.0,4.625],"tintindex":0,"rotation":0,"texture":"#0"}},"rotation":{"origin":[8.0,8.0,8.0],"angle":-45.0,"axis":"x"}}],"display":{"head":{"rotation":[0.0,0.0,0.0]},"firstperson_righthand":{"rotation":[0.0,0.0,0.0]},"thirdperson_lefthand":{"rotation":[0.0,-0.0,-0.0]},"firstperson_lefthand":{"rotation":[0.0,-0.0,-0.0]},"fixed":{"rotation":[0.0,0.0,0.0]},"ground":{"rotation":[0.0,0.0,0.0]},"thirdperson_righthand":{"rotation":[0.0,0.0,0.0]},"gui":{"rotation":[-150.0,-45.0,180.0]}}}