{"textures":{"0":"modelengine:entity/mso_magma_imp","particle":"#0"},"elements":[{"from":[5.8125,7.6937504,-1.5],"to":[9.8125,17.69375,2.5],"faces":{"east":{"uv":[4.375,5.375,3.875,6.625],"tintindex":0,"rotation":0,"texture":"#0"},"south":{"uv":[5.25,5.25,5.75,6.5],"tintindex":0,"rotation":0,"texture":"#0"},"north":{"uv":[3.375,5.0,3.875,6.25],"tintindex":0,"rotation":0,"texture":"#0"},"west":{"uv":[3.875,5.375,4.375,6.625],"tintindex":0,"rotation":0,"texture":"#0"},"up":{"uv":[5.875,7.25,5.375,6.75],"tintindex":0,"rotation":0,"texture":"#0"},"down":{"uv":[6.375,6.75,5.875,7.25],"tintindex":0,"rotation":0,"texture":"#0"}},"rotation":{"origin":[3.0625,7.6937504,1.0],"angle":22.5,"axis":"x"}},{"from":[4.3225,6.7037506,2.01],"to":[11.3025,11.68375,9.99],"faces":{"east":{"uv":[6.25,4.625,5.25,5.25],"tintindex":0,"rotation":0,"texture":"#0"},"south":{"uv":[0.0,5.75,0.875,6.375],"tintindex":0,"rotation":0,"texture":"#0"},"north":{"uv":[4.375,5.375,5.25,6.0],"tintindex":0,"rotation":0,"texture":"#0"},"west":{"uv":[5.25,4.625,6.25,5.25],"tintindex":0,"rotation":0,"texture":"#0"},"up":{"uv":[4.875,3.75,4.0,2.75],"tintindex":0,"rotation":0,"texture":"#0"},"down":{"uv":[3.875,4.0,3.0,5.0],"tintindex":0,"rotation":0,"texture":"#0"}}}],"display":{"head":{"rotation":[0.0,0.0,0.0]},"firstperson_righthand":{"rotation":[0.0,0.0,0.0]},"thirdperson_lefthand":{"rotation":[0.0,-0.0,-0.0]},"firstperson_lefthand":{"rotation":[0.0,-0.0,-0.0]},"fixed":{"rotation":[0.0,0.0,0.0]},"ground":{"rotation":[0.0,0.0,0.0]},"thirdperson_righthand":{"rotation":[0.0,0.0,0.0]},"gui":{"rotation":[-150.0,-45.0,180.0]}}}