{"textures":{"0":"modelengine:entity/mso_magma_imp","particle":"#0"},"elements":[{"from":[5.6666665,9.333333,0.833333],"to":[5.6666665,13.333333,5.833333],"faces":{"east":{"uv":[7.125,5.875,6.5,6.375],"tintindex":0,"rotation":0,"texture":"#0"},"west":{"uv":[6.5,5.875,7.125,6.375],"tintindex":0,"rotation":0,"texture":"#0"}},"rotation":{"origin":[5.6666665,9.333333,2.583333],"angle":22.5,"axis":"z"}},{"from":[12.666666,9.333333,0.833333],"to":[12.666666,13.333333,5.833333],"faces":{"east":{"uv":[7.125,5.875,6.5,6.375],"tintindex":0,"rotation":0,"texture":"#0"},"west":{"uv":[6.5,5.875,7.125,6.375],"tintindex":0,"rotation":0,"texture":"#0"}},"rotation":{"origin":[12.666666,9.333333,2.583333],"angle":-22.5,"axis":"z"}},{"from":[5.6666665,9.333333,0.833333],"to":[12.666666,12.333333,0.833333],"faces":{"south":{"uv":[5.75,6.375,6.625,6.75],"tintindex":0,"rotation":0,"texture":"#0"},"north":{"uv":[5.75,6.375,6.625,6.75],"tintindex":0,"rotation":0,"texture":"#0"}},"rotation":{"origin":[9.416667,9.333333,0.833333],"angle":-22.5,"axis":"x"}},{"from":[5.6666665,6.333333,0.833333],"to":[12.666666,9.333333,8.833333],"faces":{"east":{"uv":[7.125,3.25,6.125,3.625],"tintindex":0,"rotation":0,"texture":"#0"},"south":{"uv":[0.875,6.375,1.75,6.75],"tintindex":0,"rotation":0,"texture":"#0"},"north":{"uv":[0.0,6.375,0.875,6.75],"tintindex":0,"rotation":0,"texture":"#0"},"west":{"uv":[6.125,3.25,7.125,3.625],"tintindex":0,"rotation":0,"texture":"#0"},"up":{"uv":[4.875,4.75,4.0,3.75],"tintindex":0,"rotation":0,"texture":"#0"},"down":{"uv":[5.125,0.0,4.25,1.0],"tintindex":0,"rotation":0,"texture":"#0"}}}],"display":{"head":{"rotation":[0.0,0.0,0.0]},"firstperson_righthand":{"rotation":[0.0,0.0,0.0]},"thirdperson_lefthand":{"rotation":[0.0,-0.0,-0.0]},"firstperson_lefthand":{"rotation":[0.0,-0.0,-0.0]},"fixed":{"rotation":[0.0,0.0,0.0]},"ground":{"rotation":[0.0,0.0,0.0]},"thirdperson_righthand":{"rotation":[0.0,0.0,0.0]},"gui":{"rotation":[-150.0,-45.0,180.0]}}}