{"textures":{"0":"modelengine:entity/mso_magma_imp","particle":"#0"},"elements":[{"from":[3.0,6.0,6.0],"to":[9.0,10.0,10.0],"faces":{"east":{"uv":[3.75,6.625,4.25,7.125],"tintindex":0,"rotation":0,"texture":"#0"},"south":{"uv":[5.875,1.375,6.625,1.875],"tintindex":0,"rotation":0,"texture":"#0"},"north":{"uv":[0.875,5.875,1.625,6.375],"tintindex":0,"rotation":0,"texture":"#0"},"west":{"uv":[1.125,6.75,1.625,7.25],"tintindex":0,"rotation":0,"texture":"#0"},"up":{"uv":[6.625,4.5,5.875,4.0],"tintindex":0,"rotation":0,"texture":"#0"},"down":{"uv":[6.5,5.875,5.75,6.375],"tintindex":0,"rotation":0,"texture":"#0"}}}],"display":{"head":{"rotation":[0.0,0.0,0.0]},"firstperson_righthand":{"rotation":[0.0,0.0,0.0]},"thirdperson_lefthand":{"rotation":[0.0,-0.0,-0.0]},"firstperson_lefthand":{"rotation":[0.0,-0.0,-0.0]},"fixed":{"rotation":[0.0,0.0,0.0]},"ground":{"rotation":[0.0,0.0,0.0]},"thirdperson_righthand":{"rotation":[0.0,0.0,0.0]},"gui":{"rotation":[-150.0,-45.0,180.0]}}}