{"textures":{"0":"modelengine:entity/mso_magma_imp","particle":"#0"},"elements":[{"from":[7.0,6.0,6.0],"to":[13.0,10.0,10.0],"faces":{"east":{"uv":[1.625,6.75,1.125,7.25],"tintindex":0,"rotation":0,"texture":"#0"},"south":{"uv":[6.625,1.375,5.875,1.875],"tintindex":0,"rotation":0,"texture":"#0"},"north":{"uv":[1.625,5.875,0.875,6.375],"tintindex":0,"rotation":0,"texture":"#0"},"west":{"uv":[4.25,6.625,3.75,7.125],"tintindex":0,"rotation":0,"texture":"#0"},"up":{"uv":[5.875,4.5,6.625,4.0],"tintindex":0,"rotation":0,"texture":"#0"},"down":{"uv":[5.75,5.875,6.5,6.375],"tintindex":0,"rotation":0,"texture":"#0"}}}],"display":{"head":{"rotation":[0.0,0.0,0.0]},"firstperson_righthand":{"rotation":[0.0,0.0,0.0]},"thirdperson_lefthand":{"rotation":[0.0,-0.0,-0.0]},"firstperson_lefthand":{"rotation":[0.0,-0.0,-0.0]},"fixed":{"rotation":[0.0,0.0,0.0]},"ground":{"rotation":[0.0,0.0,0.0]},"thirdperson_righthand":{"rotation":[0.0,0.0,0.0]},"gui":{"rotation":[-150.0,-45.0,180.0]}}}