{"textures":{"0":"modelengine:entity/mso_magma_imp","particle":"#0"},"elements":[{"from":[7.99,5.99,5.99],"to":[14.01,10.01,10.01],"faces":{"east":{"uv":[7.25,5.25,6.75,5.75],"tintindex":0,"rotation":0,"texture":"#0"},"south":{"uv":[5.125,6.0,4.375,6.5],"tintindex":0,"rotation":0,"texture":"#0"},"north":{"uv":[6.75,1.875,6.0,2.375],"tintindex":0,"rotation":0,"texture":"#0"},"west":{"uv":[7.25,1.875,6.75,2.375],"tintindex":0,"rotation":0,"texture":"#0"},"up":{"uv":[6.125,0.5,6.875,0.0],"tintindex":0,"rotation":0,"texture":"#0"},"down":{"uv":[6.125,2.375,6.875,2.875],"tintindex":0,"rotation":0,"texture":"#0"}}}],"display":{"head":{"rotation":[0.0,0.0,0.0]},"firstperson_righthand":{"rotation":[0.0,0.0,0.0]},"thirdperson_lefthand":{"rotation":[0.0,-0.0,-0.0]},"firstperson_lefthand":{"rotation":[0.0,-0.0,-0.0]},"fixed":{"rotation":[0.0,0.0,0.0]},"ground":{"rotation":[0.0,0.0,0.0]},"thirdperson_righthand":{"rotation":[0.0,0.0,0.0]},"gui":{"rotation":[-150.0,-45.0,180.0]}}}