{"textures":{"0":"modelengine:entity/mso_magma_imp","particle":"#0"},"elements":[{"from":[3.5,3.0,10.0],"to":[12.5,5.0,12.0],"faces":{"east":{"uv":[7.25,0.25,7.5,0.5],"tintindex":0,"rotation":0,"texture":"#0"},"south":{"uv":[6.625,6.375,7.75,6.625],"tintindex":0,"rotation":0,"texture":"#0"},"north":{"uv":[6.625,4.25,7.75,4.5],"tintindex":0,"rotation":0,"texture":"#0"},"west":{"uv":[7.25,1.0,7.5,1.25],"tintindex":0,"rotation":0,"texture":"#0"},"up":{"uv":[7.75,6.875,6.625,6.625],"tintindex":0,"rotation":0,"texture":"#0"},"down":{"uv":[1.125,6.75,0.0,7.0],"tintindex":0,"rotation":0,"texture":"#0"}},"rotation":{"origin":[4.5,3.1000004,-1.3125],"angle":-22.5,"axis":"x"}},{"from":[3.5,3.0,-2.5],"to":[12.5,5.0,7.5],"faces":{"east":{"uv":[6.625,1.375,7.875,1.625],"tintindex":0,"rotation":0,"texture":"#0"},"south":{"uv":[6.625,4.0,7.75,4.25],"tintindex":0,"rotation":0,"texture":"#0"},"north":{"uv":[5.0,2.5,6.125,2.75],"tintindex":0,"rotation":0,"texture":"#0"},"west":{"uv":[6.625,1.625,7.875,1.875],"tintindex":0,"rotation":0,"texture":"#0"},"up":{"uv":[1.125,1.25,0.0,0.0],"tintindex":0,"rotation":0,"texture":"#0"},"down":{"uv":[2.25,0.0,1.125,1.25],"tintindex":0,"rotation":0,"texture":"#0"}},"rotation":{"origin":[4.5,3.1000004,-1.3125],"angle":-22.5,"axis":"x"}}],"display":{"head":{"rotation":[0.0,0.0,0.0]},"firstperson_righthand":{"rotation":[0.0,0.0,0.0]},"thirdperson_lefthand":{"rotation":[0.0,-0.0,-0.0]},"firstperson_lefthand":{"rotation":[0.0,-0.0,-0.0]},"fixed":{"rotation":[0.0,0.0,0.0]},"ground":{"rotation":[0.0,0.0,0.0]},"thirdperson_righthand":{"rotation":[0.0,0.0,0.0]},"gui":{"rotation":[-150.0,-45.0,180.0]}}}