{"textures":{"0":"modelengine:entity/mso_magma_imp","particle":"#0"},"elements":[{"from":[3.9,6.8006387,3.2369971],"to":[12.1,14.00064,11.436997],"faces":{"east":{"uv":[0.0,4.0,1.0,4.875],"tintindex":0,"rotation":0,"texture":"#0"},"south":{"uv":[4.0,1.0,5.0,1.875],"tintindex":0,"rotation":0,"texture":"#0"},"north":{"uv":[2.0,3.625,3.0,4.5],"tintindex":0,"rotation":0,"texture":"#0"},"west":{"uv":[4.0,1.875,5.0,2.75],"tintindex":0,"rotation":0,"texture":"#0"},"up":{"uv":[3.0,3.625,2.0,2.625],"tintindex":0,"rotation":0,"texture":"#0"},"down":{"uv":[4.0,1.0,3.0,2.0],"tintindex":0,"rotation":0,"texture":"#0"}},"rotation":{"origin":[8.5,10.71234,6.9157505],"angle":-22.5,"axis":"x"}}],"display":{"head":{"rotation":[0.0,0.0,0.0]},"firstperson_righthand":{"rotation":[0.0,0.0,0.0]},"thirdperson_lefthand":{"rotation":[0.0,-0.0,-0.0]},"firstperson_lefthand":{"rotation":[0.0,-0.0,-0.0]},"fixed":{"rotation":[0.0,0.0,0.0]},"ground":{"rotation":[0.0,0.0,0.0]},"thirdperson_righthand":{"rotation":[0.0,0.0,0.0]},"gui":{"rotation":[-150.0,-45.0,180.0]}}}