{
    "credit": "Pologony Creation Co.,Ltd.",
    "textures": {
        "2": "lugin:item/ender_dragonset/dragon_head",
        "4": "lugin:item/ender_dragonset/animations/fire_eyes",
        "5": "lugin:item/ender_dragonset/bow",
        "particle": "lugin:item/ender_dragonset/dragon_head"
    },
    "elements": [
        {
            "from": [
                7.25,
                3,
                8
            ],
            "to": [
                8.75,
                5,
                10
            ],
            "rotation": {
                "angle": -45,
                "axis": "x",
                "origin": [
                    7.5,
                    3,
                    8
                ]
            },
            "faces": {
                "north": {
                    "uv": [
                        10.5,
                        5,
                        11.25,
                        6
                    ],
                    "texture": "#5"
                },
                "east": {
                    "uv": [
                        10.5,
                        3.5,
                        11.5,
                        4.5
                    ],
                    "texture": "#5"
                },
                "south": {
                    "uv": [
                        5.5,
                        10.5,
                        6.25,
                        11.5
                    ],
                    "texture": "#5"
                },
                "west": {
                    "uv": [
                        4,
                        10.5,
                        5,
                        11.5
                    ],
                    "texture": "#5"
                },
                "up": {
                    "uv": [
                        11.25,
                        7.5,
                        10.5,
                        6.5
                    ],
                    "texture": "#5"
                },
                "down": {
                    "uv": [
                        2.75,
                        11,
                        2,
                        12
                    ],
                    "texture": "#5"
                }
            }
        },
        {
            "from": [
                7.11612,
                5.5,
                7.92678
            ],
            "to": [
                8.61612,
                6,
                9.42678
            ],
            "rotation": {
                "angle": 45,
                "axis": "y",
                "origin": [
                    7.11612,
                    5.5,
                    8.17678
                ]
            },
            "faces": {
                "north": {
                    "uv": [
                        14,
                        10.5,
                        14.75,
                        10.75
                    ],
                    "texture": "#5"
                },
                "east": {
                    "uv": [
                        14,
                        11.5,
                        14.75,
                        11.75
                    ],
                    "texture": "#5"
                },
                "south": {
                    "uv": [
                        12.5,
                        14,
                        13.25,
                        14.25
                    ],
                    "texture": "#5"
                },
                "west": {
                    "uv": [
                        14,
                        14,
                        14.75,
                        14.25
                    ],
                    "texture": "#5"
                },
                "up": {
                    "uv": [
                        5.75,
                        12.75,
                        5,
                        12
                    ],
                    "texture": "#5"
                },
                "down": {
                    "uv": [
                        12.75,
                        6,
                        12,
                        6.75
                    ],
                    "texture": "#5"
                }
            }
        },
        {
            "from": [
                7.11612,
                10,
                7.92678
            ],
            "to": [
                8.61612,
                10.5,
                9.42678
            ],
            "rotation": {
                "angle": 45,
                "axis": "y",
                "origin": [
                    7.11612,
                    4,
                    8.17678
                ]
            },
            "faces": {
                "north": {
                    "uv": [
                        14.5,
                        0,
                        15.25,
                        0.25
                    ],
                    "texture": "#5"
                },
                "east": {
                    "uv": [
                        14.5,
                        1,
                        15.25,
                        1.25
                    ],
                    "texture": "#5"
                },
                "south": {
                    "uv": [
                        14.5,
                        2,
                        15.25,
                        2.25
                    ],
                    "texture": "#5"
                },
                "west": {
                    "uv": [
                        14.5,
                        3,
                        15.25,
                        3.25
                    ],
                    "texture": "#5"
                },
                "up": {
                    "uv": [
                        7.25,
                        12.75,
                        6.5,
                        12
                    ],
                    "texture": "#5"
                },
                "down": {
                    "uv": [
                        8.75,
                        12,
                        8,
                        12.75
                    ],
                    "texture": "#5"
                }
            }
        },
        {
            "from": [
                7.11612,
                7.75,
                8
            ],
            "to": [
                8.36612,
                8.25,
                9.25
            ],
            "rotation": {
                "angle": 45,
                "axis": "y",
                "origin": [
                    7.11612,
                    4.75,
                    8
                ]
            },
            "faces": {
                "north": {
                    "uv": [
                        14.5,
                        5,
                        15.125,
                        5.25
                    ],
                    "texture": "#5"
                },
                "east": {
                    "uv": [
                        14.5,
                        6,
                        15.125,
                        6.25
                    ],
                    "texture": "#5"
                },
                "south": {
                    "uv": [
                        14.5,
                        7,
                        15.125,
                        7.25
                    ],
                    "texture": "#5"
                },
                "west": {
                    "uv": [
                        9,
                        14.5,
                        9.625,
                        14.75
                    ],
                    "texture": "#5"
                },
                "up": {
                    "uv": [
                        13.625,
                        1.625,
                        13,
                        1
                    ],
                    "texture": "#5"
                },
                "down": {
                    "uv": [
                        13.625,
                        12.5,
                        13,
                        13.125
                    ],
                    "texture": "#5"
                }
            }
        },
        {
            "from": [
                7.29289,
                5,
                8
            ],
            "to": [
                8.29289,
                11,
                9
            ],
            "rotation": {
                "angle": 45,
                "axis": "y",
                "origin": [
                    7.29289,
                    4.5,
                    8
                ]
            },
            "faces": {
                "north": {
                    "uv": [
                        8,
                        8.5,
                        8.5,
                        11.5
                    ],
                    "texture": "#5"
                },
                "east": {
                    "uv": [
                        9,
                        8.5,
                        9.5,
                        11.5
                    ],
                    "texture": "#5"
                },
                "south": {
                    "uv": [
                        10,
                        8.5,
                        10.5,
                        11.5
                    ],
                    "texture": "#5"
                },
                "west": {
                    "uv": [
                        10.5,
                        0,
                        11,
                        3
                    ],
                    "texture": "#5"
                },
                "up": {
                    "uv": [
                        14,
                        10,
                        13.5,
                        9.5
                    ],
                    "texture": "#5"
                },
                "down": {
                    "uv": [
                        12,
                        13.5,
                        11.5,
                        14
                    ],
                    "texture": "#5"
                }
            }
        },
        {
            "from": [
                7.5,
                1.5462,
                7.56208
            ],
            "to": [
                8.5,
                3.5462,
                9.06208
            ],
            "rotation": {
                "angle": -22.5,
                "axis": "x",
                "origin": [
                    8,
                    1.65175,
                    7.81315
                ]
            },
            "faces": {
                "north": {
                    "uv": [
                        12.5,
                        9,
                        13,
                        10
                    ],
                    "texture": "#5"
                },
                "east": {
                    "uv": [
                        11,
                        11,
                        11.75,
                        12
                    ],
                    "texture": "#5"
                },
                "south": {
                    "uv": [
                        10.5,
                        12.5,
                        11,
                        13.5
                    ],
                    "texture": "#5"
                },
                "west": {
                    "uv": [
                        11.5,
                        0,
                        12.25,
                        1
                    ],
                    "texture": "#5"
                },
                "up": {
                    "uv": [
                        14,
                        6.25,
                        13.5,
                        5.5
                    ],
                    "texture": "#5"
                },
                "down": {
                    "uv": [
                        6.5,
                        13.5,
                        6,
                        14.25
                    ],
                    "texture": "#5"
                }
            }
        },
        {
            "from": [
                7.5035,
                1.37939,
                7.81459
            ],
            "to": [
                8.4965,
                2.87939,
                9.81459
            ],
            "rotation": {
                "angle": 45,
                "axis": "x",
                "origin": [
                    8,
                    1.65175,
                    7.81315
                ]
            },
            "faces": {
                "east": {
                    "uv": [
                        11,
                        8,
                        12,
                        8.75
                    ],
                    "texture": "#5"
                },
                "south": {
                    "uv": [
                        5,
                        13.5,
                        5.5,
                        14.25
                    ],
                    "texture": "#5"
                },
                "west": {
                    "uv": [
                        11,
                        9.5,
                        12,
                        10.25
                    ],
                    "texture": "#5"
                },
                "up": {
                    "uv": [
                        2.5,
                        13.5,
                        2,
                        12.5
                    ],
                    "texture": "#5"
                },
                "down": {
                    "uv": [
                        13,
                        7.5,
                        12.5,
                        8.5
                    ],
                    "texture": "#5"
                }
            }
        },
        {
            "from": [
                7.5085,
                0.02004,
                8.88203
            ],
            "to": [
                8.4915,
                2.02004,
                10.13203
            ],
            "rotation": {
                "angle": 22.5,
                "axis": "x",
                "origin": [
                    8,
                    1.65175,
                    7.81315
                ]
            },
            "faces": {
                "north": {
                    "uv": [
                        7,
                        10.5,
                        7.5,
                        11.5
                    ],
                    "texture": "#5"
                },
                "east": {
                    "uv": [
                        11.5,
                        1.5,
                        12.125,
                        2.5
                    ],
                    "texture": "#5"
                },
                "south": {
                    "uv": [
                        9.5,
                        12,
                        10,
                        13
                    ],
                    "texture": "#5"
                },
                "west": {
                    "uv": [
                        12,
                        3,
                        12.625,
                        4
                    ],
                    "texture": "#5"
                },
                "down": {
                    "uv": [
                        8.5,
                        13.5,
                        8,
                        14.125
                    ],
                    "texture": "#5"
                }
            }
        },
        {
            "from": [
                7.5,
                2.54619,
                6.56208
            ],
            "to": [
                8.5,
                4.04619,
                7.56208
            ],
            "rotation": {
                "angle": -22.5,
                "axis": "x",
                "origin": [
                    8,
                    1.65175,
                    7.81315
                ]
            },
            "faces": {
                "north": {
                    "uv": [
                        13.5,
                        2.5,
                        14,
                        3.25
                    ],
                    "texture": "#5"
                },
                "east": {
                    "uv": [
                        3,
                        13.5,
                        3.5,
                        14.25
                    ],
                    "texture": "#5"
                },
                "south": {
                    "uv": [
                        4,
                        13.5,
                        4.5,
                        14.25
                    ],
                    "texture": "#5"
                },
                "west": {
                    "uv": [
                        13.5,
                        4,
                        14,
                        4.75
                    ],
                    "texture": "#5"
                },
                "up": {
                    "uv": [
                        2.5,
                        14.5,
                        2,
                        14
                    ],
                    "texture": "#5"
                },
                "down": {
                    "uv": [
                        11,
                        14,
                        10.5,
                        14.5
                    ],
                    "texture": "#5"
                }
            }
        },
        {
            "from": [
                6.875,
                11.39589,
                3.82935
            ],
            "to": [
                9.125,
                12.39589,
                5.82935
            ],
            "rotation": {
                "angle": -22.5,
                "axis": "x",
                "origin": [
                    8,
                    12.70202,
                    6.88547
                ]
            },
            "faces": {
                "north": {
                    "uv": [
                        8.57143,
                        2.28571,
                        8,
                        3.57143
                    ],
                    "rotation": 90,
                    "texture": "#2"
                },
                "east": {
                    "uv": [
                        4,
                        8,
                        4.57143,
                        9.14286
                    ],
                    "rotation": 270,
                    "texture": "#2"
                },
                "west": {
                    "uv": [
                        1.71429,
                        9.14286,
                        2.28571,
                        10.28571
                    ],
                    "rotation": 90,
                    "texture": "#2"
                },
                "up": {
                    "uv": [
                        5.71429,
                        4,
                        7,
                        5.14286
                    ],
                    "rotation": 180,
                    "texture": "#2"
                },
                "down": {
                    "uv": [
                        5.14286,
                        0,
                        6.42857,
                        1.14286
                    ],
                    "texture": "#2"
                }
            }
        },
        {
            "from": [
                7.25,
                11.64589,
                3.57935
            ],
            "to": [
                8.75,
                12.64589,
                4.57935
            ],
            "rotation": {
                "angle": -22.5,
                "axis": "x",
                "origin": [
                    8,
                    12.70202,
                    6.88547
                ]
            },
            "faces": {
                "north": {
                    "uv": [
                        11.42857,
                        0,
                        10.85714,
                        0.85714
                    ],
                    "rotation": 90,
                    "texture": "#2"
                },
                "east": {
                    "uv": [
                        9.14286,
                        10.85714,
                        9.71429,
                        11.42857
                    ],
                    "rotation": 270,
                    "texture": "#2"
                },
                "south": {
                    "uv": [
                        3.42857,
                        11.14286,
                        2.85714,
                        10.28571
                    ],
                    "rotation": 90,
                    "texture": "#2"
                },
                "west": {
                    "uv": [
                        10.85714,
                        9.14286,
                        11.42857,
                        9.71429
                    ],
                    "rotation": 90,
                    "texture": "#2"
                },
                "up": {
                    "uv": [
                        10.28571,
                        5.71429,
                        11.14286,
                        6.28571
                    ],
                    "rotation": 180,
                    "texture": "#2"
                },
                "down": {
                    "uv": [
                        10.28571,
                        4.57143,
                        11.14286,
                        5.14286
                    ],
                    "texture": "#2"
                }
            }
        },
        {
            "from": [
                6.875,
                10.64948,
                3.40991
            ],
            "to": [
                9.125,
                11.64948,
                5.90991
            ],
            "rotation": {
                "angle": -45,
                "axis": "x",
                "origin": [
                    8,
                    12.70202,
                    6.88547
                ]
            },
            "faces": {
                "north": {
                    "uv": [
                        3.42857,
                        8,
                        2.85714,
                        9.28571
                    ],
                    "rotation": 90,
                    "texture": "#2"
                },
                "east": {
                    "uv": [
                        6.28571,
                        7.42857,
                        6.85714,
                        8.85714
                    ],
                    "rotation": 270,
                    "texture": "#2"
                },
                "west": {
                    "uv": [
                        8,
                        0,
                        8.57143,
                        1.42857
                    ],
                    "rotation": 90,
                    "texture": "#2"
                },
                "up": {
                    "uv": [
                        4.57143,
                        1.71429,
                        5.85714,
                        3.14286
                    ],
                    "rotation": 180,
                    "texture": "#2"
                },
                "down": {
                    "uv": [
                        1.71429,
                        4.57143,
                        3,
                        6
                    ],
                    "texture": "#2"
                }
            }
        },
        {
            "from": [
                6.375,
                10.39589,
                6.82935
            ],
            "to": [
                9.625,
                12.39589,
                8.82935
            ],
            "rotation": {
                "angle": -22.5,
                "axis": "x",
                "origin": [
                    8,
                    12.70202,
                    6.88547
                ]
            },
            "faces": {
                "north": {
                    "uv": [
                        1.14286,
                        4,
                        0,
                        5.85714
                    ],
                    "rotation": 90,
                    "texture": "#2"
                },
                "east": {
                    "uv": [
                        5.71429,
                        5.71429,
                        6.85714,
                        6.85714
                    ],
                    "rotation": 270,
                    "texture": "#2"
                },
                "south": {
                    "uv": [
                        4,
                        3.57143,
                        2.85714,
                        1.71429
                    ],
                    "rotation": 90,
                    "texture": "#2"
                },
                "west": {
                    "uv": [
                        0,
                        6.85714,
                        1.14286,
                        8
                    ],
                    "rotation": 90,
                    "texture": "#2"
                },
                "up": {
                    "uv": [
                        2.28571,
                        0,
                        4.14286,
                        1.14286
                    ],
                    "rotation": 180,
                    "texture": "#2"
                },
                "down": {
                    "uv": [
                        0,
                        2.28571,
                        1.85714,
                        3.42857
                    ],
                    "texture": "#2"
                }
            }
        },
        {
            "from": [
                6.625,
                10.39589,
                5.82935
            ],
            "to": [
                9.375,
                12.39589,
                6.82935
            ],
            "rotation": {
                "angle": -22.5,
                "axis": "x",
                "origin": [
                    8,
                    12.70202,
                    6.88547
                ]
            },
            "faces": {
                "north": {
                    "uv": [
                        5.14286,
                        4.57143,
                        4,
                        6.14286
                    ],
                    "rotation": 90,
                    "texture": "#2"
                },
                "east": {
                    "uv": [
                        9.14286,
                        3.42857,
                        10.28571,
                        4
                    ],
                    "rotation": 270,
                    "texture": "#2"
                },
                "west": {
                    "uv": [
                        9.14286,
                        8,
                        10.28571,
                        8.57143
                    ],
                    "rotation": 90,
                    "texture": "#2"
                },
                "down": {
                    "uv": [
                        2.85714,
                        6.85714,
                        4.42857,
                        7.42857
                    ],
                    "texture": "#2"
                }
            }
        },
        {
            "from": [
                6.625,
                12.39589,
                5.82935
            ],
            "to": [
                9.375,
                13.39589,
                8.82935
            ],
            "rotation": {
                "angle": -22.5,
                "axis": "x",
                "origin": [
                    8,
                    12.70202,
                    6.88547
                ]
            },
            "faces": {
                "north": {
                    "uv": [
                        8,
                        5.71429,
                        7.42857,
                        7.28571
                    ],
                    "rotation": 90,
                    "texture": "#2"
                },
                "east": {
                    "uv": [
                        1.71429,
                        6.85714,
                        2.28571,
                        8.57143
                    ],
                    "rotation": 270,
                    "texture": "#2"
                },
                "south": {
                    "uv": [
                        5.71429,
                        9,
                        5.14286,
                        7.42857
                    ],
                    "rotation": 90,
                    "texture": "#2"
                },
                "west": {
                    "uv": [
                        6.85714,
                        1.71429,
                        7.42857,
                        3.42857
                    ],
                    "rotation": 90,
                    "texture": "#2"
                },
                "up": {
                    "uv": [
                        0,
                        0,
                        1.57143,
                        1.71429
                    ],
                    "rotation": 180,
                    "texture": "#2"
                }
            }
        },
        {
            "from": [
                8.25,
                11.96232,
                7.87133
            ],
            "to": [
                9.75,
                13.46232,
                9.37133
            ],
            "rotation": {
                "angle": -45,
                "axis": "x",
                "origin": [
                    8,
                    12.70202,
                    6.88547
                ]
            },
            "faces": {
                "north": {
                    "uv": [
                        10,
                        1.71429,
                        9.14286,
                        2.57143
                    ],
                    "rotation": 90,
                    "texture": "#2"
                },
                "east": {
                    "uv": [
                        7.42857,
                        8,
                        8.28571,
                        8.85714
                    ],
                    "rotation": 270,
                    "texture": "#2"
                },
                "south": {
                    "uv": [
                        10,
                        0.85714,
                        9.14286,
                        0
                    ],
                    "rotation": 90,
                    "texture": "#2"
                },
                "west": {
                    "uv": [
                        8.57143,
                        4.57143,
                        9.42857,
                        5.42857
                    ],
                    "rotation": 90,
                    "texture": "#2"
                },
                "up": {
                    "uv": [
                        8.57143,
                        6.28571,
                        9.42857,
                        7.14286
                    ],
                    "rotation": 180,
                    "texture": "#2"
                },
                "down": {
                    "uv": [
                        0,
                        8.57143,
                        0.85714,
                        9.42857
                    ],
                    "texture": "#2"
                }
            }
        },
        {
            "from": [
                8.375,
                14.71557,
                7.22015
            ],
            "to": [
                9.625,
                15.96557,
                8.47015
            ],
            "rotation": {
                "angle": 22.5,
                "axis": "x",
                "origin": [
                    8,
                    12.70202,
                    6.88547
                ]
            },
            "faces": {
                "north": {
                    "uv": [
                        7.42857,
                        9.71429,
                        8.14286,
                        10.42857
                    ],
                    "texture": "#2"
                },
                "east": {
                    "uv": [
                        9.14286,
                        9.14286,
                        9.85714,
                        9.85714
                    ],
                    "texture": "#2"
                },
                "south": {
                    "uv": [
                        4,
                        9.71429,
                        4.71429,
                        10.42857
                    ],
                    "texture": "#2"
                },
                "west": {
                    "uv": [
                        5.71429,
                        9.71429,
                        6.42857,
                        10.42857
                    ],
                    "texture": "#2"
                },
                "up": {
                    "uv": [
                        0.71429,
                        11,
                        0,
                        10.28571
                    ],
                    "rotation": 90,
                    "texture": "#2"
                }
            }
        },
        {
            "from": [
                8.5,
                15.10828,
                8.50585
            ],
            "to": [
                9.5,
                16.10828,
                9.50585
            ],
            "rotation": {
                "angle": 0,
                "axis": "x",
                "origin": [
                    8,
                    12.70202,
                    6.88547
                ]
            },
            "faces": {
                "north": {
                    "uv": [
                        6.28571,
                        11.42857,
                        6.85714,
                        12
                    ],
                    "texture": "#2"
                },
                "east": {
                    "uv": [
                        10.28571,
                        10.85714,
                        10.85714,
                        11.42857
                    ],
                    "texture": "#2"
                },
                "south": {
                    "uv": [
                        4,
                        11.42857,
                        4.57143,
                        12
                    ],
                    "texture": "#2"
                },
                "west": {
                    "uv": [
                        5.14286,
                        11.42857,
                        5.71429,
                        12
                    ],
                    "texture": "#2"
                },
                "up": {
                    "uv": [
                        8,
                        12,
                        7.42857,
                        11.42857
                    ],
                    "rotation": 90,
                    "texture": "#2"
                }
            }
        },
        {
            "from": [
                6.5,
                15.10828,
                8.50585
            ],
            "to": [
                7.5,
                16.10828,
                9.50585
            ],
            "rotation": {
                "angle": 0,
                "axis": "x",
                "origin": [
                    8,
                    12.70202,
                    6.88547
                ]
            },
            "faces": {
                "north": {
                    "uv": [
                        6.85714,
                        11.42857,
                        6.28571,
                        12
                    ],
                    "texture": "#2"
                },
                "east": {
                    "uv": [
                        5.71429,
                        11.42857,
                        5.14286,
                        12
                    ],
                    "texture": "#2"
                },
                "south": {
                    "uv": [
                        4.57143,
                        11.42857,
                        4,
                        12
                    ],
                    "texture": "#2"
                },
                "west": {
                    "uv": [
                        10.85714,
                        10.85714,
                        10.28571,
                        11.42857
                    ],
                    "texture": "#2"
                },
                "up": {
                    "uv": [
                        8,
                        11.42857,
                        7.42857,
                        12
                    ],
                    "rotation": 90,
                    "texture": "#2"
                }
            }
        },
        {
            "from": [
                6.375,
                14.71557,
                7.22015
            ],
            "to": [
                7.625,
                15.96557,
                8.47015
            ],
            "rotation": {
                "angle": 22.5,
                "axis": "x",
                "origin": [
                    8,
                    12.70202,
                    6.88547
                ]
            },
            "faces": {
                "north": {
                    "uv": [
                        8.14286,
                        9.71429,
                        7.42857,
                        10.42857
                    ],
                    "texture": "#2"
                },
                "east": {
                    "uv": [
                        6.42857,
                        9.71429,
                        5.71429,
                        10.42857
                    ],
                    "texture": "#2"
                },
                "south": {
                    "uv": [
                        4.71429,
                        9.71429,
                        4,
                        10.42857
                    ],
                    "texture": "#2"
                },
                "west": {
                    "uv": [
                        9.85714,
                        9.14286,
                        9.14286,
                        9.85714
                    ],
                    "texture": "#2"
                },
                "up": {
                    "uv": [
                        0.71429,
                        10.28571,
                        0,
                        11
                    ],
                    "rotation": 90,
                    "texture": "#2"
                }
            }
        },
        {
            "from": [
                6.25,
                11.96232,
                7.87133
            ],
            "to": [
                7.75,
                13.46232,
                9.37133
            ],
            "rotation": {
                "angle": -45,
                "axis": "x",
                "origin": [
                    8,
                    12.70202,
                    6.88547
                ]
            },
            "faces": {
                "north": {
                    "uv": [
                        10,
                        2.57143,
                        9.14286,
                        1.71429
                    ],
                    "rotation": 90,
                    "texture": "#2"
                },
                "east": {
                    "uv": [
                        9.42857,
                        4.57143,
                        8.57143,
                        5.42857
                    ],
                    "rotation": 270,
                    "texture": "#2"
                },
                "south": {
                    "uv": [
                        10,
                        0,
                        9.14286,
                        0.85714
                    ],
                    "rotation": 90,
                    "texture": "#2"
                },
                "west": {
                    "uv": [
                        8.28571,
                        8,
                        7.42857,
                        8.85714
                    ],
                    "rotation": 90,
                    "texture": "#2"
                },
                "up": {
                    "uv": [
                        9.42857,
                        6.28571,
                        8.57143,
                        7.14286
                    ],
                    "rotation": 180,
                    "texture": "#2"
                },
                "down": {
                    "uv": [
                        0.85714,
                        8.57143,
                        0,
                        9.42857
                    ],
                    "texture": "#2"
                }
            }
        },
        {
            "from": [
                7.5,
                8.70554,
                7.45173
            ],
            "to": [
                8.5,
                9.70554,
                8.20173
            ],
            "rotation": {
                "angle": 22.5,
                "axis": "x",
                "origin": [
                    8,
                    12.70202,
                    6.88547
                ]
            },
            "faces": {
                "east": {
                    "uv": [
                        0,
                        12,
                        0.42857,
                        12.57143
                    ],
                    "texture": "#2"
                },
                "south": {
                    "uv": [
                        11.42857,
                        10.28571,
                        12,
                        10.85714
                    ],
                    "texture": "#2"
                },
                "west": {
                    "uv": [
                        12,
                        0,
                        12.42857,
                        0.57143
                    ],
                    "texture": "#2"
                },
                "up": {
                    "uv": [
                        12.42857,
                        1.71429,
                        12,
                        1.14286
                    ],
                    "rotation": 90,
                    "texture": "#2"
                },
                "down": {
                    "uv": [
                        12.42857,
                        2.28571,
                        12,
                        2.85714
                    ],
                    "rotation": 270,
                    "texture": "#2"
                }
            }
        },
        {
            "from": [
                7.625,
                8.57659,
                6.57569
            ],
            "to": [
                8.375,
                9.32659,
                7.32569
            ],
            "rotation": {
                "angle": 0,
                "axis": "x",
                "origin": [
                    8,
                    12.70202,
                    6.88547
                ]
            },
            "faces": {
                "east": {
                    "uv": [
                        2.85714,
                        12,
                        3.28571,
                        12.42857
                    ],
                    "texture": "#2"
                },
                "south": {
                    "uv": [
                        12,
                        3.42857,
                        12.42857,
                        3.85714
                    ],
                    "texture": "#2"
                },
                "west": {
                    "uv": [
                        12,
                        4.57143,
                        12.42857,
                        5
                    ],
                    "texture": "#2"
                },
                "up": {
                    "uv": [
                        12.42857,
                        6.14286,
                        12,
                        5.71429
                    ],
                    "rotation": 90,
                    "texture": "#2"
                },
                "down": {
                    "uv": [
                        12.42857,
                        6.85714,
                        12,
                        7.28571
                    ],
                    "rotation": 270,
                    "texture": "#2"
                }
            }
        },
        {
            "from": [
                8.945,
                11.64948,
                3.55991
            ],
            "to": [
                8.975,
                12.14948,
                5.90991
            ],
            "rotation": {
                "angle": -45,
                "axis": "x",
                "origin": [
                    8,
                    12.70202,
                    6.88547
                ]
            },
            "faces": {
                "east": {
                    "uv": [
                        1.71429,
                        10.85714,
                        2,
                        12.14286
                    ],
                    "rotation": 270,
                    "texture": "#2"
                },
                "west": {
                    "uv": [
                        2,
                        10.85714,
                        1.71429,
                        12.14286
                    ],
                    "rotation": 90,
                    "texture": "#2"
                }
            }
        },
        {
            "from": [
                7.025,
                11.64948,
                3.55991
            ],
            "to": [
                7.055,
                12.14948,
                5.90991
            ],
            "rotation": {
                "angle": -45,
                "axis": "x",
                "origin": [
                    8,
                    12.70202,
                    6.88547
                ]
            },
            "faces": {
                "east": {
                    "uv": [
                        1.71429,
                        10.85714,
                        2,
                        12.14286
                    ],
                    "rotation": 270,
                    "texture": "#2"
                },
                "west": {
                    "uv": [
                        2,
                        10.85714,
                        1.71429,
                        12.14286
                    ],
                    "rotation": 90,
                    "texture": "#2"
                }
            }
        },
        {
            "from": [
                7.025,
                11.64948,
                3.55991
            ],
            "to": [
                8.975,
                12.14948,
                3.58991
            ],
            "rotation": {
                "angle": -45,
                "axis": "x",
                "origin": [
                    8,
                    12.70202,
                    6.88547
                ]
            },
            "faces": {
                "north": {
                    "uv": [
                        11.71429,
                        11.42857,
                        11.42857,
                        12.57143
                    ],
                    "rotation": 90,
                    "texture": "#2"
                },
                "south": {
                    "uv": [
                        11.71429,
                        12.57143,
                        11.42857,
                        11.42857
                    ],
                    "rotation": 90,
                    "texture": "#2"
                }
            }
        },
        {
            "from": [
                6.925,
                10.8959,
                3.97934
            ],
            "to": [
                9.075,
                11.3959,
                4.00934
            ],
            "rotation": {
                "angle": -22.5,
                "axis": "x",
                "origin": [
                    8,
                    12.70202,
                    6.88547
                ]
            },
            "faces": {
                "north": {
                    "uv": [
                        11.14286,
                        1.71429,
                        10.85714,
                        3
                    ],
                    "rotation": 90,
                    "texture": "#2"
                },
                "south": {
                    "uv": [
                        11.14286,
                        1.71429,
                        10.85714,
                        3
                    ],
                    "rotation": 90,
                    "texture": "#2"
                }
            }
        },
        {
            "from": [
                9.045,
                10.8959,
                3.97934
            ],
            "to": [
                9.075,
                11.3959,
                6.32934
            ],
            "rotation": {
                "angle": -22.5,
                "axis": "x",
                "origin": [
                    8,
                    12.70202,
                    6.88547
                ]
            },
            "faces": {
                "east": {
                    "uv": [
                        10.85714,
                        6.85714,
                        11.14286,
                        8.14286
                    ],
                    "rotation": 270,
                    "texture": "#2"
                },
                "west": {
                    "uv": [
                        11.14286,
                        6.85714,
                        10.85714,
                        8.14286
                    ],
                    "rotation": 90,
                    "texture": "#2"
                }
            }
        },
        {
            "from": [
                6.925,
                10.8959,
                3.97934
            ],
            "to": [
                6.955,
                11.3959,
                6.32934
            ],
            "rotation": {
                "angle": -22.5,
                "axis": "x",
                "origin": [
                    8,
                    12.70202,
                    6.88547
                ]
            },
            "faces": {
                "east": {
                    "uv": [
                        10.85714,
                        6.85714,
                        11.14286,
                        8.14286
                    ],
                    "rotation": 270,
                    "texture": "#2"
                },
                "west": {
                    "uv": [
                        11.14286,
                        6.85714,
                        10.85714,
                        8.14286
                    ],
                    "rotation": 90,
                    "texture": "#2"
                }
            }
        },
        {
            "from": [
                5.25,
                12.89489,
                5.57935
            ],
            "to": [
                10.75,
                12.92489,
                8.07935
            ],
            "rotation": {
                "angle": -22.5,
                "axis": "x",
                "origin": [
                    8,
                    12.70202,
                    6.88547
                ]
            },
            "faces": {
                "up": {
                    "uv": [
                        5,
                        11,
                        0,
                        0
                    ],
                    "rotation": 90,
                    "texture": "#4"
                },
                "down": {
                    "uv": [
                        5,
                        0,
                        0,
                        11
                    ],
                    "rotation": 270,
                    "texture": "#4"
                }
            }
        },
        {
            "from": [
                7.625,
                -0.56928,
                8.94841
            ],
            "to": [
                8.375,
                0.43072,
                10.94841
            ],
            "rotation": {
                "angle": -22.5,
                "axis": "x",
                "origin": [
                    7.625,
                    0.43072,
                    8.94841
                ]
            },
            "faces": {
                "east": {
                    "uv": [
                        12.5,
                        10.5,
                        13.5,
                        11
                    ],
                    "texture": "#5"
                },
                "south": {
                    "uv": [
                        14.5,
                        4,
                        14.875,
                        4.5
                    ],
                    "texture": "#5"
                },
                "west": {
                    "uv": [
                        11.5,
                        12.5,
                        12.5,
                        13
                    ],
                    "texture": "#5"
                },
                "up": {
                    "uv": [
                        7.375,
                        14.5,
                        7,
                        13.5
                    ],
                    "texture": "#5"
                },
                "down": {
                    "uv": [
                        13.875,
                        7,
                        13.5,
                        8
                    ],
                    "texture": "#5"
                }
            }
        },
        {
            "from": [
                7.375,
                15.56928,
                8.94841
            ],
            "to": [
                8.625,
                16.56928,
                10.94841
            ],
            "rotation": {
                "angle": 22.5,
                "axis": "x",
                "origin": [
                    7.625,
                    15.56928,
                    8.94841
                ]
            },
            "faces": {
                "north": {
                    "uv": [
                        13.5,
                        8.5,
                        14.125,
                        9
                    ],
                    "texture": "#5"
                },
                "east": {
                    "uv": [
                        12.5,
                        11.5,
                        13.5,
                        12
                    ],
                    "texture": "#5"
                },
                "south": {
                    "uv": [
                        9,
                        13.5,
                        9.625,
                        14
                    ],
                    "texture": "#5"
                },
                "west": {
                    "uv": [
                        13,
                        0,
                        14,
                        0.5
                    ],
                    "texture": "#5"
                },
                "up": {
                    "uv": [
                        4.125,
                        13,
                        3.5,
                        12
                    ],
                    "texture": "#5"
                },
                "down": {
                    "uv": [
                        12.625,
                        4.5,
                        12,
                        5.5
                    ],
                    "texture": "#5"
                }
            }
        },
        {
            "from": [
                7.995,
                0.25,
                10.54617
            ],
            "to": [
                8.005,
                15.75,
                16.04617
            ],
            "rotation": {
                "angle": 0,
                "axis": "y",
                "origin": [
                    7.995,
                    2,
                    10.54617
                ]
            },
            "faces": {
                "east": {
                    "uv": [
                        2.75,
                        0,
                        0,
                        7.75
                    ],
                    "texture": "#5"
                },
                "west": {
                    "uv": [
                        0,
                        0,
                        2.75,
                        7.75
                    ],
                    "texture": "#5"
                }
            }
        },
        {
            "from": [
                7.985,
                0.00562,
                3.81921
            ],
            "to": [
                8.015,
                3.50562,
                6.81921
            ],
            "rotation": {
                "angle": -22.5,
                "axis": "x",
                "origin": [
                    7.985,
                    4.00562,
                    3.31921
                ]
            },
            "faces": {
                "east": {
                    "uv": [
                        3.5,
                        8.5,
                        2,
                        10.25
                    ],
                    "texture": "#5"
                },
                "west": {
                    "uv": [
                        2,
                        8.5,
                        3.5,
                        10.25
                    ],
                    "texture": "#5"
                }
            }
        },
        {
            "from": [
                7.99,
                -4.02369,
                2.6299
            ],
            "to": [
                8.01,
                -1.02369,
                5.4049
            ],
            "rotation": {
                "angle": -45,
                "axis": "x",
                "origin": [
                    7.99,
                    2.97631,
                    2.1299
                ]
            },
            "faces": {
                "east": {
                    "uv": [
                        5.5,
                        8.5,
                        4,
                        10
                    ],
                    "texture": "#5"
                },
                "west": {
                    "uv": [
                        4,
                        8.5,
                        5.5,
                        10
                    ],
                    "texture": "#5"
                }
            }
        },
        {
            "from": [
                7.995,
                -2.30809,
                7.89305
            ],
            "to": [
                8.005,
                0.26691,
                10.89305
            ],
            "rotation": {
                "angle": 22.5,
                "axis": "x",
                "origin": [
                    7.995,
                    -0.80809,
                    9.39305
                ]
            },
            "faces": {
                "east": {
                    "uv": [
                        7.5,
                        8.5,
                        6,
                        10
                    ],
                    "texture": "#5"
                },
                "west": {
                    "uv": [
                        6,
                        8.5,
                        7.5,
                        10
                    ],
                    "texture": "#5"
                }
            }
        }
    ],
    "gui_light": "front",
    "display": {
        "thirdperson_righthand": {
            "translation": [
                0,
                -2,
                0.75
            ]
        },
        "thirdperson_lefthand": {
            "translation": [
                0,
                -2,
                0.75
            ]
        },
        "firstperson_righthand": {
            "rotation": [
                4.5,
                0,
                0
            ],
            "translation": [
                3,
                4.75,
                -0.25
            ],
            "scale": [
                0.8,
                0.8,
                0.8
            ]
        },
        "firstperson_lefthand": {
            "rotation": [
                4.5,
                0,
                0
            ],
            "translation": [
                3,
                4.75,
                -0.25
            ],
            "scale": [
                0.8,
                0.8,
                0.8
            ]
        },
        "ground": {
            "rotation": [
                45,
                0,
                0
            ],
            "translation": [
                0,
                3,
                0
            ],
            "scale": [
                0.7,
                0.7,
                0.7
            ]
        },
        "gui": {
            "rotation": [
                -90,
                135,
                90
            ],
            "translation": [
                -1,
                1,
                0
            ]
        },
        "head": {
            "rotation": [
                90,
                -45,
                90
            ]
        },
        "fixed": {
            "rotation": [
                0,
                -90,
                0
            ],
            "translation": [
                0,
                0,
                -1.5
            ],
            "scale": [
                2,
                2,
                2
            ]
        }
    }
}