{
  "providers": [
    { "type": "space", "advances": { " ": 4 } },
    {
      "type": "bitmap",
      "file": "lugin:_fonts/black_box_1.png",
      "chars": ["\uE000"],
      "ascent": 250,
      "height": 1500
    },
    {
      "type": "bitmap",
      "file": "lugin:_fonts/black_box_2.png",
      "chars": ["\uE001"],
      "ascent": 10,
      "height": 300
    },
    {
      "type": "bitmap",
      "file": "lugin:_fonts/black_box_30.png",
      "chars": ["\uE002"],
      "ascent": 250,
      "height": 1200
    }
  ]
}
