{
  "providers": [
    { "type": "space", "advances": { " ": 4 } },
    {
      "type": "bitmap",
      "file": "lugin:_fonts/misc/green_chat_info.png",
      "chars": ["\uE000"],
      "ascent": 7,
      "height": 8
    },
    {
      "type": "bitmap",
      "file": "lugin:_fonts/misc/green_chat_tag.png",
      "chars": ["\uE001"],
      "ascent": 7,
      "height": 8
    },
    {
      "type": "bitmap",
      "file": "lugin:_fonts/misc/orange_chat_info.png",
      "chars": ["\uE002"],
      "ascent": 7,
      "height": 8
    },
    {
      "type": "bitmap",
      "file": "lugin:_fonts/misc/orange_chat_tag.png",
      "chars": ["\uE003"],
      "ascent": 7,
      "height": 8
    },
    {
      "type": "bitmap",
      "file": "lugin:_fonts/misc/pink_chat_info.png",
      "chars": ["\uE004"],
      "ascent": 7,
      "height": 8
    },
    {
      "type": "bitmap",
      "file": "lugin:_fonts/misc/purple_chat_tag.png",
      "chars": ["\uE005"],
      "ascent": 7,
      "height": 8
    },
    {
      "type": "bitmap",
      "file": "lugin:_fonts/misc/red_chat_info.png",
      "chars": ["\uE006"],
      "ascent": 7,
      "height": 8
    },
    {
      "type": "bitmap",
      "file": "lugin:_fonts/misc/red_chat_tag.png",
      "chars": ["\uE007"],
      "ascent": 7,
      "height": 8
    }
  ]
}