{
  "providers": [
    { "type": "space", "advances": { " ": 4 } },
    {
      "type": "bitmap",
      "file": "lugin:_fonts/tags/vip_campeao.png",
      "chars": ["\uE000"],
      "ascent": 9,
      "height": 10
    },
    {
      "type": "bitmap",
      "file": "lugin:_fonts/tags/vip_lendario.png",
      "chars": ["\uE001"],
      "ascent": 9,
      "height": 10
    },
    {
      "type": "bitmap",
      "file": "lugin:_fonts/tags/vip_supremo.png",
      "chars": ["\uE002"],
      "ascent": 9,
      "height": 10
    },
    {
      "type": "bitmap",
      "file": "lugin:_fonts/tags/tag_master.png",
      "chars": ["\uE003"],
      "ascent": 9,
      "height": 10
    },
    {
      "type": "bitmap",
      "file": "lugin:_fonts/tags/tag_gerente.png",
      "chars": ["\uE004"],
      "ascent": 9,
      "height": 10
    },
    {
      "type": "bitmap",
      "file": "lugin:_fonts/tags/tag_admin.png",
      "chars": ["\uE005"],
      "ascent": 9,
      "height": 10
    },
    {
      "type": "bitmap",
      "file": "lugin:_fonts/tags/tag_mod.png",
      "chars": ["\uE006"],
      "ascent": 9,
      "height": 10
    },
    {
      "type": "bitmap",
      "file": "lugin:_fonts/tags/tag_ajudante.png",
      "chars": ["\uE007"],
      "ascent": 9,
      "height": 10
    },
    {
      "type": "bitmap",
      "file": "lugin:_fonts/tags/tag_diario.png",
      "chars": ["\uE008"],
      "ascent": 9,
      "height": 10
    },
    {
      "type": "bitmap",
      "file": "lugin:_fonts/tags/tag_semanal.png",
      "chars": ["\uE009"],
      "ascent": 9,
      "height": 10
    },
    {
      "type": "bitmap",
      "file": "lugin:_fonts/tags/tag_membro.png",
      "chars": ["\uE00A"],
      "ascent": 9,
      "height": 10
    },
    {
      "type": "bitmap",
      "file": "lugin:_fonts/tags/tag_streamer.png",
      "chars": ["\uE00B"],
      "ascent": 9,
      "height": 10
    },
    {
      "type": "bitmap",
      "file": "lugin:_fonts/tags/maca_suprema.png",
      "chars": ["\uE00C"],
      "ascent": 9,
      "height": 10
    },
    {
      "type": "bitmap",
      "file": "lugin:_fonts/tags/tnt_impulsao.png",
      "chars": ["\uE00D"],
      "ascent": 9,
      "height": 10
    },
       {
      "type": "bitmap",
      "file": "lugin:_fonts/tags/tag_alpha.png",
      "chars": ["\uE00E"],
      "ascent": 9,
      "height": 10
    },
       {
      "type": "bitmap",
      "file": "lugin:_fonts/tags/tag_construtor.png",
      "chars": ["\uE00F"],
      "ascent": 9,
      "height": 10
    },
       {
      "type": "bitmap",
      "file": "lugin:_fonts/tags/tag_youtuber.png",
      "chars": ["\uE010"],
      "ascent": 9,
      "height": 10
    },
       {
      "type": "bitmap",
      "file": "lugin:_fonts/tags/tag_magnata.png",
      "chars": ["\uE011"],
      "ascent": 9,
      "height": 10
    }
  ]
}
