{"textures":{"0":"modelengine:entity/minotaur","particle":"#0"},"elements":[{"from":[6.75,-2.25,4.75],"to":[13.25,12.25,11.25],"faces":{"east":{"uv":[4.25,11.75,5.0,13.5],"tintindex":0,"rotation":0,"texture":"#0"},"south":{"uv":[6.5,11.75,7.25,13.5],"tintindex":0,"rotation":0,"texture":"#0"},"north":{"uv":[5.0,11.75,5.75,13.5],"tintindex":0,"rotation":0,"texture":"#0"},"west":{"uv":[5.75,11.75,6.5,13.5],"tintindex":0,"rotation":0,"texture":"#0"},"up":{"uv":[5.75,11.75,5.0,11.0],"tintindex":0,"rotation":0,"texture":"#0"},"down":{"uv":[6.5,11.0,5.75,11.75],"tintindex":0,"rotation":0,"texture":"#0"}}},{"from":[7.0,-2.0,5.0],"to":[13.0,12.0,11.0],"faces":{"east":{"uv":[0.0,11.125,0.75,12.875],"tintindex":0,"rotation":0,"texture":"#0"},"south":{"uv":[2.25,11.125,3.0,12.875],"tintindex":0,"rotation":0,"texture":"#0"},"north":{"uv":[0.75,11.125,1.5,12.875],"tintindex":0,"rotation":0,"texture":"#0"},"west":{"uv":[1.5,11.125,2.25,12.875],"tintindex":0,"rotation":0,"texture":"#0"},"up":{"uv":[1.5,11.125,0.75,10.375],"tintindex":0,"rotation":0,"texture":"#0"},"down":{"uv":[2.25,10.375,1.5,11.125],"tintindex":0,"rotation":0,"texture":"#0"}}}],"display":{"head":{"rotation":[0.0,0.0,0.0]},"firstperson_righthand":{"rotation":[0.0,0.0,0.0]},"thirdperson_lefthand":{"rotation":[0.0,-0.0,-0.0]},"firstperson_lefthand":{"rotation":[0.0,-0.0,-0.0]},"fixed":{"rotation":[0.0,0.0,0.0]},"ground":{"rotation":[0.0,0.0,0.0]},"thirdperson_righthand":{"rotation":[0.0,0.0,0.0]},"gui":{"rotation":[-150.0,-45.0,180.0]}}}