{"textures":{"0":"modelengine:entity/ork_nil_ground_fx","particle":"#0"},"elements":[{"from":[-9.5,8.0,-10.0],"to":[25.5,8.0,26.0],"faces":{"up":{"uv":[10.75,10.75,16.0,16.0],"tintindex":0,"rotation":0,"texture":"#0"},"down":{"uv":[10.75,10.75,16.0,16.0],"tintindex":0,"rotation":0,"texture":"#0"}}}],"display":{"head":{"rotation":[0.0,0.0,0.0]},"firstperson_righthand":{"rotation":[0.0,0.0,0.0]},"thirdperson_lefthand":{"rotation":[0.0,-0.0,-0.0]},"firstperson_lefthand":{"rotation":[0.0,-0.0,-0.0]},"fixed":{"rotation":[0.0,0.0,0.0]},"ground":{"rotation":[0.0,0.0,0.0]},"thirdperson_righthand":{"rotation":[0.0,0.0,0.0]},"gui":{"rotation":[-150.0,-45.0,180.0]}}}