{"textures":{"0":"modelengine:entity/ork_nil_ground_fx","particle":"#0"},"elements":[{"from":[6.25,6.75,3.75],"to":[13.25,9.75,14.75],"faces":{"east":{"uv":[3.5,8.5,6.25,9.25],"tintindex":0,"rotation":0,"texture":"#0"},"south":{"uv":[9.0,7.75,10.75,8.5],"tintindex":0,"rotation":0,"texture":"#0"},"north":{"uv":[9.0,7.0,10.75,7.75],"tintindex":0,"rotation":0,"texture":"#0"},"west":{"uv":[6.25,8.5,9.0,9.25],"tintindex":0,"rotation":0,"texture":"#0"},"up":{"uv":[1.75,11.25,0.0,8.5],"tintindex":0,"rotation":0,"texture":"#0"},"down":{"uv":[3.5,8.5,1.75,11.25],"tintindex":0,"rotation":0,"texture":"#0"}}},{"from":[2.25,6.75,-1.25],"to":[10.25,8.75,14.75],"faces":{"east":{"uv":[8.0,4.0,12.0,4.5],"tintindex":0,"rotation":0,"texture":"#0"},"south":{"uv":[5.5,9.25,7.5,9.75],"tintindex":0,"rotation":0,"texture":"#0"},"north":{"uv":[3.5,9.25,5.5,9.75],"tintindex":0,"rotation":0,"texture":"#0"},"west":{"uv":[9.0,4.5,13.0,5.0],"tintindex":0,"rotation":0,"texture":"#0"},"up":{"uv":[7.0,8.5,5.0,4.5],"tintindex":0,"rotation":0,"texture":"#0"},"down":{"uv":[9.0,4.5,7.0,8.5],"tintindex":0,"rotation":0,"texture":"#0"}}}],"display":{"head":{"rotation":[0.0,0.0,0.0]},"firstperson_righthand":{"rotation":[0.0,0.0,0.0]},"thirdperson_lefthand":{"rotation":[0.0,-0.0,-0.0]},"firstperson_lefthand":{"rotation":[0.0,-0.0,-0.0]},"fixed":{"rotation":[0.0,0.0,0.0]},"ground":{"rotation":[0.0,0.0,0.0]},"thirdperson_righthand":{"rotation":[0.0,0.0,0.0]},"gui":{"rotation":[-150.0,-45.0,180.0]}}}