{
    "vertex": "core/pipeline/texture",
    "fragment": "core/pipeline/texture",
    "samplers": [
        { "name": "Sampler0" }
    ],
    "uniforms": [
        {
            "name": "ModelViewMat",
            "type": "matrix4x4",
            "count": 16,
            "values": [
                1.0,
                0.0,
                0.0,
                0.0,
                0.0,
                1.0,
                0.0,
                0.0,
                0.0,
                0.0,
                1.0,
                0.0,
                0.0,
                0.0,
                0.0,
                1.0
            ]
        },
        {
            "name": "ProjMat",
            "type": "matrix4x4",
            "count": 16,
            "values": [
                1.0,
                0.0,
                0.0,
                0.0,
                0.0,
                1.0,
                0.0,
                0.0,
                0.0,
                0.0,
                1.0,
                0.0,
                0.0,
                0.0,
                0.0,
                1.0
            ]
        },
        {
            "name": "ColorModulator",
            "type": "float",
            "count": 4,
            "values": [1.0, 1.0, 1.0, 1.0]
        },
        {
            "name": "ScreenSize",
            "type": "float",
            "count": 2,
            "values": [
                0.0,
                0.0
            ]
        },
        {
            "name": "GameTime",
            "type": "float",
            "count": 1,
            "values": [
                1.0
            ]
        }
    ]
}
