{
  "blend": { "dstrgb": "1-srcalpha", "func": "add", "srcrgb": "srcalpha" },
  "fragment": "core/pipeline/gui",
  "samplers": [],
  "uniforms": [
    {
      "count": 16,
      "name": "ModelViewMat",
      "type": "matrix4x4",
      "values": [
        1.0, 0.0, 0.0, 0.0, 0.0, 1.0, 0.0, 0.0, 0.0, 0.0, 1.0, 0.0, 0.0, 0.0,
        0.0, 1.0
      ]
    },
    {
      "count": 16,
      "name": "ProjMat",
      "type": "matrix4x4",
      "values": [
        1.0, 0.0, 0.0, 0.0, 0.0, 1.0, 0.0, 0.0, 0.0, 0.0, 1.0, 0.0, 0.0, 0.0,
        0.0, 1.0
      ]
    },
    {
      "count": 4,
      "name": "ColorModulator",
      "type": "float",
      "values": [1.0, 1.0, 1.0, 1.0]
    }
  ],
  "vertex": "core/pipeline/gui"
}
