{"textures":{"0":"modelengine:entity/mso_unstable_fel","particle":"#0"},"elements":[{"from":[1.0,16.0,4.0],"to":[4.0,17.0,12.0],"faces":{"east":{"uv":[6.25,7.0,7.25,6.875],"tintindex":0,"rotation":0,"texture":"#0"},"south":{"uv":[8.625,7.0,9.0,6.875],"tintindex":0,"rotation":0,"texture":"#0"},"north":{"uv":[7.25,7.0,7.625,6.875],"tintindex":0,"rotation":0,"texture":"#0"},"west":{"uv":[7.625,7.0,8.625,6.875],"tintindex":0,"rotation":0,"texture":"#0"},"up":{"uv":[8.0,6.875,7.625,5.875],"tintindex":0,"rotation":0,"texture":"#0"},"down":{"uv":[7.625,5.875,7.25,6.875],"tintindex":0,"rotation":0,"texture":"#0"}}},{"from":[0.0,1.0,1.0],"to":[1.0,15.0,15.0],"faces":{"east":{"uv":[3.5,1.875,1.75,3.625],"tintindex":0,"rotation":270,"texture":"#0"},"south":{"uv":[5.25,3.75,7.0,3.625],"tintindex":0,"rotation":270,"texture":"#0"},"north":{"uv":[1.75,3.75,3.5,3.625],"tintindex":0,"rotation":90,"texture":"#0"},"west":{"uv":[5.25,3.625,3.5,1.875],"tintindex":0,"rotation":270,"texture":"#0"},"up":{"uv":[0.0,3.75,1.75,3.625],"tintindex":0,"rotation":270,"texture":"#0"},"down":{"uv":[3.5,3.75,5.25,3.625],"tintindex":0,"rotation":270,"texture":"#0"}}},{"from":[4.0,17.0,4.0],"to":[12.0,18.0,12.0],"faces":{"east":{"uv":[5.25,3.0,6.25,2.875],"tintindex":0,"rotation":0,"texture":"#0"},"south":{"uv":[8.25,3.0,9.25,2.875],"tintindex":0,"rotation":0,"texture":"#0"},"north":{"uv":[6.25,3.0,7.25,2.875],"tintindex":0,"rotation":0,"texture":"#0"},"west":{"uv":[7.25,3.0,8.25,2.875],"tintindex":0,"rotation":0,"texture":"#0"},"up":{"uv":[8.25,2.875,7.25,1.875],"tintindex":0,"rotation":0,"texture":"#0"},"down":{"uv":[7.25,1.875,6.25,2.875],"tintindex":0,"rotation":0,"texture":"#0"}}},{"from":[1.0,0.0,1.0],"to":[15.0,1.0,15.0],"faces":{"east":{"uv":[0.0,3.625,1.75,3.75],"tintindex":0,"rotation":0,"texture":"#0"},"south":{"uv":[5.25,3.625,7.0,3.75],"tintindex":0,"rotation":0,"texture":"#0"},"north":{"uv":[1.75,3.625,3.5,3.75],"tintindex":0,"rotation":0,"texture":"#0"},"west":{"uv":[3.5,3.625,5.25,3.75],"tintindex":0,"rotation":0,"texture":"#0"},"up":{"uv":[3.5,3.625,1.75,1.875],"tintindex":0,"rotation":0,"texture":"#0"},"down":{"uv":[5.25,1.875,3.5,3.625],"tintindex":0,"rotation":0,"texture":"#0"}}},{"from":[4.0,4.0,17.0],"to":[12.0,12.0,18.0],"faces":{"east":{"uv":[6.25,2.875,7.25,3.0],"tintindex":0,"rotation":90,"texture":"#0"},"south":{"uv":[8.25,1.875,7.25,2.875],"tintindex":0,"rotation":270,"texture":"#0"},"north":{"uv":[7.25,2.875,6.25,1.875],"tintindex":0,"rotation":270,"texture":"#0"},"west":{"uv":[8.25,2.875,9.25,3.0],"tintindex":0,"rotation":270,"texture":"#0"},"up":{"uv":[5.25,2.875,6.25,3.0],"tintindex":0,"rotation":0,"texture":"#0"},"down":{"uv":[7.25,2.875,8.25,3.0],"tintindex":0,"rotation":180,"texture":"#0"}}},{"from":[12.0,-1.0,4.0],"to":[15.0,0.0,12.0],"faces":{"east":{"uv":[4.5,6.75,5.5,6.875],"tintindex":0,"rotation":0,"texture":"#0"},"south":{"uv":[6.875,6.75,7.25,6.875],"tintindex":0,"rotation":0,"texture":"#0"},"north":{"uv":[5.5,6.75,5.875,6.875],"tintindex":0,"rotation":0,"texture":"#0"},"west":{"uv":[5.875,6.75,6.875,6.875],"tintindex":0,"rotation":0,"texture":"#0"},"up":{"uv":[5.875,6.75,5.5,5.75],"tintindex":0,"rotation":0,"texture":"#0"},"down":{"uv":[6.25,5.75,5.875,6.75],"tintindex":0,"rotation":0,"texture":"#0"}}},{"from":[-1.0,1.0,4.0],"to":[0.0,4.0,12.0],"faces":{"east":{"uv":[7.625,5.875,7.25,6.875],"tintindex":0,"rotation":270,"texture":"#0"},"south":{"uv":[8.625,7.0,9.0,6.875],"tintindex":0,"rotation":270,"texture":"#0"},"north":{"uv":[7.25,7.0,7.625,6.875],"tintindex":0,"rotation":90,"texture":"#0"},"west":{"uv":[8.0,6.875,7.625,5.875],"tintindex":0,"rotation":270,"texture":"#0"},"up":{"uv":[6.25,7.0,7.25,6.875],"tintindex":0,"rotation":270,"texture":"#0"},"down":{"uv":[7.625,7.0,8.625,6.875],"tintindex":0,"rotation":270,"texture":"#0"}}},{"from":[4.0,12.0,16.0],"to":[12.0,15.0,17.0],"faces":{"east":{"uv":[5.5,6.75,5.875,6.875],"tintindex":0,"rotation":90,"texture":"#0"},"south":{"uv":[6.25,5.75,5.875,6.75],"tintindex":0,"rotation":270,"texture":"#0"},"north":{"uv":[5.875,6.75,5.5,5.75],"tintindex":0,"rotation":270,"texture":"#0"},"west":{"uv":[6.875,6.75,7.25,6.875],"tintindex":0,"rotation":270,"texture":"#0"},"up":{"uv":[4.5,6.75,5.5,6.875],"tintindex":0,"rotation":0,"texture":"#0"},"down":{"uv":[5.875,6.75,6.875,6.875],"tintindex":0,"rotation":180,"texture":"#0"}}},{"from":[16.0,12.0,4.0],"to":[17.0,15.0,12.0],"faces":{"east":{"uv":[6.25,5.75,5.875,6.75],"tintindex":0,"rotation":270,"texture":"#0"},"south":{"uv":[6.875,6.75,7.25,6.875],"tintindex":0,"rotation":270,"texture":"#0"},"north":{"uv":[5.5,6.75,5.875,6.875],"tintindex":0,"rotation":90,"texture":"#0"},"west":{"uv":[5.875,6.75,5.5,5.75],"tintindex":0,"rotation":270,"texture":"#0"},"up":{"uv":[4.5,6.75,5.5,6.875],"tintindex":0,"rotation":270,"texture":"#0"},"down":{"uv":[5.875,6.75,6.875,6.875],"tintindex":0,"rotation":270,"texture":"#0"}}},{"from":[17.0,4.0,4.0],"to":[18.0,12.0,12.0],"faces":{"east":{"uv":[8.25,1.875,7.25,2.875],"tintindex":0,"rotation":270,"texture":"#0"},"south":{"uv":[8.25,2.875,9.25,3.0],"tintindex":0,"rotation":270,"texture":"#0"},"north":{"uv":[6.25,2.875,7.25,3.0],"tintindex":0,"rotation":90,"texture":"#0"},"west":{"uv":[7.25,2.875,6.25,1.875],"tintindex":0,"rotation":270,"texture":"#0"},"up":{"uv":[5.25,2.875,6.25,3.0],"tintindex":0,"rotation":270,"texture":"#0"},"down":{"uv":[7.25,2.875,8.25,3.0],"tintindex":0,"rotation":270,"texture":"#0"}}},{"from":[15.0,1.0,1.0],"to":[16.0,15.0,15.0],"faces":{"east":{"uv":[5.25,1.875,3.5,3.625],"tintindex":0,"rotation":270,"texture":"#0"},"south":{"uv":[5.25,3.625,7.0,3.75],"tintindex":0,"rotation":270,"texture":"#0"},"north":{"uv":[1.75,3.625,3.5,3.75],"tintindex":0,"rotation":90,"texture":"#0"},"west":{"uv":[3.5,3.625,1.75,1.875],"tintindex":0,"rotation":270,"texture":"#0"},"up":{"uv":[0.0,3.625,1.75,3.75],"tintindex":0,"rotation":270,"texture":"#0"},"down":{"uv":[3.5,3.625,5.25,3.75],"tintindex":0,"rotation":270,"texture":"#0"}}},{"from":[1.0,1.0,0.0],"to":[15.0,15.0,1.0],"faces":{"east":{"uv":[1.75,3.75,3.5,3.625],"tintindex":0,"rotation":90,"texture":"#0"},"south":{"uv":[3.5,1.875,1.75,3.625],"tintindex":0,"rotation":270,"texture":"#0"},"north":{"uv":[5.25,3.625,3.5,1.875],"tintindex":0,"rotation":270,"texture":"#0"},"west":{"uv":[5.25,3.75,7.0,3.625],"tintindex":0,"rotation":270,"texture":"#0"},"up":{"uv":[0.0,3.75,1.75,3.625],"tintindex":0,"rotation":0,"texture":"#0"},"down":{"uv":[3.5,3.75,5.25,3.625],"tintindex":0,"rotation":180,"texture":"#0"}}},{"from":[1.0,15.0,1.0],"to":[15.0,16.0,15.0],"faces":{"east":{"uv":[0.0,3.75,1.75,3.625],"tintindex":0,"rotation":0,"texture":"#0"},"south":{"uv":[5.25,3.75,7.0,3.625],"tintindex":0,"rotation":0,"texture":"#0"},"north":{"uv":[1.75,3.75,3.5,3.625],"tintindex":0,"rotation":0,"texture":"#0"},"west":{"uv":[3.5,3.75,5.25,3.625],"tintindex":0,"rotation":0,"texture":"#0"},"up":{"uv":[5.25,3.625,3.5,1.875],"tintindex":0,"rotation":0,"texture":"#0"},"down":{"uv":[3.5,1.875,1.75,3.625],"tintindex":0,"rotation":0,"texture":"#0"}}},{"from":[4.0,1.0,-1.0],"to":[12.0,4.0,0.0],"faces":{"east":{"uv":[7.25,7.0,7.625,6.875],"tintindex":0,"rotation":90,"texture":"#0"},"south":{"uv":[7.625,5.875,7.25,6.875],"tintindex":0,"rotation":270,"texture":"#0"},"north":{"uv":[8.0,6.875,7.625,5.875],"tintindex":0,"rotation":270,"texture":"#0"},"west":{"uv":[8.625,7.0,9.0,6.875],"tintindex":0,"rotation":270,"texture":"#0"},"up":{"uv":[6.25,7.0,7.25,6.875],"tintindex":0,"rotation":0,"texture":"#0"},"down":{"uv":[7.625,7.0,8.625,6.875],"tintindex":0,"rotation":180,"texture":"#0"}}},{"from":[4.0,4.0,-2.0],"to":[12.0,12.0,-1.0],"faces":{"east":{"uv":[6.25,3.0,7.25,2.875],"tintindex":0,"rotation":90,"texture":"#0"},"south":{"uv":[7.25,1.875,6.25,2.875],"tintindex":0,"rotation":270,"texture":"#0"},"north":{"uv":[8.25,2.875,7.25,1.875],"tintindex":0,"rotation":270,"texture":"#0"},"west":{"uv":[8.25,3.0,9.25,2.875],"tintindex":0,"rotation":270,"texture":"#0"},"up":{"uv":[5.25,3.0,6.25,2.875],"tintindex":0,"rotation":0,"texture":"#0"},"down":{"uv":[7.25,3.0,8.25,2.875],"tintindex":0,"rotation":180,"texture":"#0"}}},{"from":[1.0,1.0,15.0],"to":[15.0,15.0,16.0],"faces":{"east":{"uv":[1.75,3.625,3.5,3.75],"tintindex":0,"rotation":90,"texture":"#0"},"south":{"uv":[5.25,1.875,3.5,3.625],"tintindex":0,"rotation":270,"texture":"#0"},"north":{"uv":[3.5,3.625,1.75,1.875],"tintindex":0,"rotation":270,"texture":"#0"},"west":{"uv":[5.25,3.625,7.0,3.75],"tintindex":0,"rotation":270,"texture":"#0"},"up":{"uv":[0.0,3.625,1.75,3.75],"tintindex":0,"rotation":0,"texture":"#0"},"down":{"uv":[3.5,3.625,5.25,3.75],"tintindex":0,"rotation":180,"texture":"#0"}}},{"from":[16.0,1.0,4.0],"to":[17.0,4.0,12.0],"faces":{"east":{"uv":[8.0,5.875,7.625,6.875],"tintindex":0,"rotation":270,"texture":"#0"},"south":{"uv":[8.625,6.875,9.0,7.0],"tintindex":0,"rotation":270,"texture":"#0"},"north":{"uv":[7.25,6.875,7.625,7.0],"tintindex":0,"rotation":90,"texture":"#0"},"west":{"uv":[7.625,6.875,7.25,5.875],"tintindex":0,"rotation":270,"texture":"#0"},"up":{"uv":[6.25,6.875,7.25,7.0],"tintindex":0,"rotation":270,"texture":"#0"},"down":{"uv":[7.625,6.875,8.625,7.0],"tintindex":0,"rotation":270,"texture":"#0"}}},{"from":[4.0,1.0,16.0],"to":[12.0,4.0,17.0],"faces":{"east":{"uv":[7.25,6.875,7.625,7.0],"tintindex":0,"rotation":90,"texture":"#0"},"south":{"uv":[8.0,5.875,7.625,6.875],"tintindex":0,"rotation":270,"texture":"#0"},"north":{"uv":[7.625,6.875,7.25,5.875],"tintindex":0,"rotation":270,"texture":"#0"},"west":{"uv":[8.625,6.875,9.0,7.0],"tintindex":0,"rotation":270,"texture":"#0"},"up":{"uv":[6.25,6.875,7.25,7.0],"tintindex":0,"rotation":0,"texture":"#0"},"down":{"uv":[7.625,6.875,8.625,7.0],"tintindex":0,"rotation":180,"texture":"#0"}}},{"from":[1.0,4.0,16.0],"to":[15.0,12.0,17.0],"faces":{"east":{"uv":[5.5,5.625,6.5,5.75],"tintindex":0,"rotation":90,"texture":"#0"},"south":{"uv":[7.5,3.875,6.5,5.625],"tintindex":0,"rotation":270,"texture":"#0"},"north":{"uv":[6.5,5.625,5.5,3.875],"tintindex":0,"rotation":270,"texture":"#0"},"west":{"uv":[8.25,5.625,9.25,5.75],"tintindex":0,"rotation":270,"texture":"#0"},"up":{"uv":[3.75,5.625,5.5,5.75],"tintindex":0,"rotation":0,"texture":"#0"},"down":{"uv":[6.5,5.625,8.25,5.75],"tintindex":0,"rotation":180,"texture":"#0"}}},{"from":[4.0,-1.0,1.0],"to":[12.0,0.0,15.0],"faces":{"east":{"uv":[3.75,5.625,5.5,5.75],"tintindex":0,"rotation":0,"texture":"#0"},"south":{"uv":[8.25,5.625,9.25,5.75],"tintindex":0,"rotation":0,"texture":"#0"},"north":{"uv":[5.5,5.625,6.5,5.75],"tintindex":0,"rotation":0,"texture":"#0"},"west":{"uv":[6.5,5.625,8.25,5.75],"tintindex":0,"rotation":0,"texture":"#0"},"up":{"uv":[6.5,5.625,5.5,3.875],"tintindex":0,"rotation":0,"texture":"#0"},"down":{"uv":[7.5,3.875,6.5,5.625],"tintindex":0,"rotation":0,"texture":"#0"}}},{"from":[1.0,-1.0,4.0],"to":[4.0,0.0,12.0],"faces":{"east":{"uv":[6.25,6.875,7.25,7.0],"tintindex":0,"rotation":0,"texture":"#0"},"south":{"uv":[8.625,6.875,9.0,7.0],"tintindex":0,"rotation":0,"texture":"#0"},"north":{"uv":[7.25,6.875,7.625,7.0],"tintindex":0,"rotation":0,"texture":"#0"},"west":{"uv":[7.625,6.875,8.625,7.0],"tintindex":0,"rotation":0,"texture":"#0"},"up":{"uv":[7.625,6.875,7.25,5.875],"tintindex":0,"rotation":0,"texture":"#0"},"down":{"uv":[8.0,5.875,7.625,6.875],"tintindex":0,"rotation":0,"texture":"#0"}}},{"from":[4.0,16.0,1.0],"to":[12.0,17.0,15.0],"faces":{"east":{"uv":[3.75,5.75,5.5,5.625],"tintindex":0,"rotation":0,"texture":"#0"},"south":{"uv":[8.25,5.75,9.25,5.625],"tintindex":0,"rotation":0,"texture":"#0"},"north":{"uv":[5.5,5.75,6.5,5.625],"tintindex":0,"rotation":0,"texture":"#0"},"west":{"uv":[6.5,5.75,8.25,5.625],"tintindex":0,"rotation":0,"texture":"#0"},"up":{"uv":[7.5,5.625,6.5,3.875],"tintindex":0,"rotation":0,"texture":"#0"},"down":{"uv":[6.5,3.875,5.5,5.625],"tintindex":0,"rotation":0,"texture":"#0"}}},{"from":[12.0,16.0,4.0],"to":[15.0,17.0,12.0],"faces":{"east":{"uv":[4.5,6.875,5.5,6.75],"tintindex":0,"rotation":0,"texture":"#0"},"south":{"uv":[6.875,6.875,7.25,6.75],"tintindex":0,"rotation":0,"texture":"#0"},"north":{"uv":[5.5,6.875,5.875,6.75],"tintindex":0,"rotation":0,"texture":"#0"},"west":{"uv":[5.875,6.875,6.875,6.75],"tintindex":0,"rotation":0,"texture":"#0"},"up":{"uv":[6.25,6.75,5.875,5.75],"tintindex":0,"rotation":0,"texture":"#0"},"down":{"uv":[5.875,5.75,5.5,6.75],"tintindex":0,"rotation":0,"texture":"#0"}}},{"from":[-1.0,4.0,1.0],"to":[0.0,12.0,15.0],"faces":{"east":{"uv":[6.5,3.875,5.5,5.625],"tintindex":0,"rotation":270,"texture":"#0"},"south":{"uv":[8.25,5.75,9.25,5.625],"tintindex":0,"rotation":270,"texture":"#0"},"north":{"uv":[5.5,5.75,6.5,5.625],"tintindex":0,"rotation":90,"texture":"#0"},"west":{"uv":[7.5,5.625,6.5,3.875],"tintindex":0,"rotation":270,"texture":"#0"},"up":{"uv":[3.75,5.75,5.5,5.625],"tintindex":0,"rotation":270,"texture":"#0"},"down":{"uv":[6.5,5.75,8.25,5.625],"tintindex":0,"rotation":270,"texture":"#0"}}},{"from":[1.0,4.0,-1.0],"to":[15.0,12.0,0.0],"faces":{"east":{"uv":[5.5,5.75,6.5,5.625],"tintindex":0,"rotation":90,"texture":"#0"},"south":{"uv":[6.5,3.875,5.5,5.625],"tintindex":0,"rotation":270,"texture":"#0"},"north":{"uv":[7.5,5.625,6.5,3.875],"tintindex":0,"rotation":270,"texture":"#0"},"west":{"uv":[8.25,5.75,9.25,5.625],"tintindex":0,"rotation":270,"texture":"#0"},"up":{"uv":[3.75,5.75,5.5,5.625],"tintindex":0,"rotation":0,"texture":"#0"},"down":{"uv":[6.5,5.75,8.25,5.625],"tintindex":0,"rotation":180,"texture":"#0"}}},{"from":[-1.0,12.0,4.0],"to":[0.0,15.0,12.0],"faces":{"east":{"uv":[5.875,5.75,5.5,6.75],"tintindex":0,"rotation":270,"texture":"#0"},"south":{"uv":[6.875,6.875,7.25,6.75],"tintindex":0,"rotation":270,"texture":"#0"},"north":{"uv":[5.5,6.875,5.875,6.75],"tintindex":0,"rotation":90,"texture":"#0"},"west":{"uv":[6.25,6.75,5.875,5.75],"tintindex":0,"rotation":270,"texture":"#0"},"up":{"uv":[4.5,6.875,5.5,6.75],"tintindex":0,"rotation":270,"texture":"#0"},"down":{"uv":[5.875,6.875,6.875,6.75],"tintindex":0,"rotation":270,"texture":"#0"}}},{"from":[16.0,4.0,1.0],"to":[17.0,12.0,15.0],"faces":{"east":{"uv":[7.5,3.875,6.5,5.625],"tintindex":0,"rotation":270,"texture":"#0"},"south":{"uv":[8.25,5.625,9.25,5.75],"tintindex":0,"rotation":270,"texture":"#0"},"north":{"uv":[5.5,5.625,6.5,5.75],"tintindex":0,"rotation":90,"texture":"#0"},"west":{"uv":[6.5,5.625,5.5,3.875],"tintindex":0,"rotation":270,"texture":"#0"},"up":{"uv":[3.75,5.625,5.5,5.75],"tintindex":0,"rotation":270,"texture":"#0"},"down":{"uv":[6.5,5.625,8.25,5.75],"tintindex":0,"rotation":270,"texture":"#0"}}},{"from":[4.0,-2.0,4.0],"to":[12.0,-1.0,12.0],"faces":{"east":{"uv":[5.25,2.875,6.25,3.0],"tintindex":0,"rotation":0,"texture":"#0"},"south":{"uv":[8.25,2.875,9.25,3.0],"tintindex":0,"rotation":0,"texture":"#0"},"north":{"uv":[6.25,2.875,7.25,3.0],"tintindex":0,"rotation":0,"texture":"#0"},"west":{"uv":[7.25,2.875,8.25,3.0],"tintindex":0,"rotation":0,"texture":"#0"},"up":{"uv":[7.25,2.875,6.25,1.875],"tintindex":0,"rotation":0,"texture":"#0"},"down":{"uv":[8.25,1.875,7.25,2.875],"tintindex":0,"rotation":0,"texture":"#0"}}},{"from":[4.0,12.0,-1.0],"to":[12.0,15.0,0.0],"faces":{"east":{"uv":[5.5,6.875,5.875,6.75],"tintindex":0,"rotation":90,"texture":"#0"},"south":{"uv":[5.875,5.75,5.5,6.75],"tintindex":0,"rotation":270,"texture":"#0"},"north":{"uv":[6.25,6.75,5.875,5.75],"tintindex":0,"rotation":270,"texture":"#0"},"west":{"uv":[6.875,6.875,7.25,6.75],"tintindex":0,"rotation":270,"texture":"#0"},"up":{"uv":[4.5,6.875,5.5,6.75],"tintindex":0,"rotation":0,"texture":"#0"},"down":{"uv":[5.875,6.875,6.875,6.75],"tintindex":0,"rotation":180,"texture":"#0"}}},{"from":[-2.0,4.0,4.0],"to":[-1.0,12.0,12.0],"faces":{"east":{"uv":[7.25,1.875,6.25,2.875],"tintindex":0,"rotation":270,"texture":"#0"},"south":{"uv":[8.25,3.0,9.25,2.875],"tintindex":0,"rotation":270,"texture":"#0"},"north":{"uv":[6.25,3.0,7.25,2.875],"tintindex":0,"rotation":90,"texture":"#0"},"west":{"uv":[8.25,2.875,7.25,1.875],"tintindex":0,"rotation":270,"texture":"#0"},"up":{"uv":[5.25,3.0,6.25,2.875],"tintindex":0,"rotation":270,"texture":"#0"},"down":{"uv":[7.25,3.0,8.25,2.875],"tintindex":0,"rotation":270,"texture":"#0"}}}],"display":{"head":{"rotation":[0.0,0.0,0.0]},"firstperson_righthand":{"rotation":[0.0,0.0,0.0]},"thirdperson_lefthand":{"rotation":[0.0,-0.0,-0.0]},"firstperson_lefthand":{"rotation":[0.0,-0.0,-0.0]},"fixed":{"rotation":[0.0,0.0,0.0]},"ground":{"rotation":[0.0,0.0,0.0]},"thirdperson_righthand":{"rotation":[0.0,0.0,0.0]},"gui":{"rotation":[-150.0,-45.0,180.0]}}}