{"textures":{"0":"modelengine:entity/mso_unstable_fel","particle":"#0"},"elements":[{"from":[3.1599998,18.89,3.1599998],"to":[12.84,20.1,12.84],"faces":{"east":{"uv":[5.25,1.125,6.25,1.0],"tintindex":0,"rotation":0,"texture":"#0"},"south":{"uv":[8.25,1.125,9.25,1.0],"tintindex":0,"rotation":0,"texture":"#0"},"north":{"uv":[6.25,1.125,7.25,1.0],"tintindex":0,"rotation":0,"texture":"#0"},"west":{"uv":[7.25,1.125,8.25,1.0],"tintindex":0,"rotation":0,"texture":"#0"},"up":{"uv":[8.25,1.0,7.25,0.0],"tintindex":0,"rotation":0,"texture":"#0"},"down":{"uv":[7.25,0.0,6.25,1.0],"tintindex":0,"rotation":0,"texture":"#0"}}},{"from":[17.68,3.1599998,-0.47000027],"to":[18.89,12.84,16.470001],"faces":{"east":{"uv":[3.75,3.75,2.75,5.5],"tintindex":0,"rotation":270,"texture":"#0"},"south":{"uv":[4.5,5.5,5.5,5.625],"tintindex":0,"rotation":270,"texture":"#0"},"north":{"uv":[1.75,5.5,2.75,5.625],"tintindex":0,"rotation":90,"texture":"#0"},"west":{"uv":[2.75,5.5,1.75,3.75],"tintindex":0,"rotation":270,"texture":"#0"},"up":{"uv":[0.0,5.5,1.75,5.625],"tintindex":0,"rotation":270,"texture":"#0"},"down":{"uv":[2.75,5.5,4.5,5.625],"tintindex":0,"rotation":270,"texture":"#0"}}},{"from":[3.1599998,3.1599998,-4.1000004],"to":[12.84,12.84,-2.8900003],"faces":{"east":{"uv":[6.25,1.125,7.25,1.0],"tintindex":0,"rotation":90,"texture":"#0"},"south":{"uv":[7.25,0.0,6.25,1.0],"tintindex":0,"rotation":270,"texture":"#0"},"north":{"uv":[8.25,1.0,7.25,0.0],"tintindex":0,"rotation":270,"texture":"#0"},"west":{"uv":[8.25,1.125,9.25,1.0],"tintindex":0,"rotation":270,"texture":"#0"},"up":{"uv":[5.25,1.125,6.25,1.0],"tintindex":0,"rotation":0,"texture":"#0"},"down":{"uv":[7.25,1.125,8.25,1.0],"tintindex":0,"rotation":180,"texture":"#0"}}},{"from":[-0.47000027,-1.6800003,-0.47000027],"to":[16.470001,-0.47000027,16.470001],"faces":{"east":{"uv":[0.0,1.75,1.75,1.875],"tintindex":0,"rotation":0,"texture":"#0"},"south":{"uv":[5.25,1.75,7.0,1.875],"tintindex":0,"rotation":0,"texture":"#0"},"north":{"uv":[1.75,1.75,3.5,1.875],"tintindex":0,"rotation":0,"texture":"#0"},"west":{"uv":[3.5,1.75,5.25,1.875],"tintindex":0,"rotation":0,"texture":"#0"},"up":{"uv":[3.5,1.75,1.75,0.0],"tintindex":0,"rotation":0,"texture":"#0"},"down":{"uv":[5.25,0.0,3.5,1.75],"tintindex":0,"rotation":0,"texture":"#0"}}},{"from":[-0.47000027,-0.47000027,-1.6800003],"to":[16.470001,16.47,-0.47000027],"faces":{"east":{"uv":[1.75,1.875,3.5,1.75],"tintindex":0,"rotation":90,"texture":"#0"},"south":{"uv":[3.5,0.0,1.75,1.75],"tintindex":0,"rotation":270,"texture":"#0"},"north":{"uv":[5.25,1.75,3.5,0.0],"tintindex":0,"rotation":270,"texture":"#0"},"west":{"uv":[5.25,1.875,7.0,1.75],"tintindex":0,"rotation":270,"texture":"#0"},"up":{"uv":[0.0,1.875,1.75,1.75],"tintindex":0,"rotation":0,"texture":"#0"},"down":{"uv":[3.5,1.875,5.25,1.75],"tintindex":0,"rotation":180,"texture":"#0"}}},{"from":[3.1599998,17.68,-0.47000027],"to":[12.84,18.89,16.470001],"faces":{"east":{"uv":[0.0,5.625,1.75,5.5],"tintindex":0,"rotation":0,"texture":"#0"},"south":{"uv":[4.5,5.625,5.5,5.5],"tintindex":0,"rotation":0,"texture":"#0"},"north":{"uv":[1.75,5.625,2.75,5.5],"tintindex":0,"rotation":0,"texture":"#0"},"west":{"uv":[2.75,5.625,4.5,5.5],"tintindex":0,"rotation":0,"texture":"#0"},"up":{"uv":[3.75,5.5,2.75,3.75],"tintindex":0,"rotation":0,"texture":"#0"},"down":{"uv":[2.75,3.75,1.75,5.5],"tintindex":0,"rotation":0,"texture":"#0"}}},{"from":[-0.47000027,-0.47000027,16.470001],"to":[16.470001,16.47,17.68],"faces":{"east":{"uv":[1.75,1.75,3.5,1.875],"tintindex":0,"rotation":90,"texture":"#0"},"south":{"uv":[5.25,0.0,3.5,1.75],"tintindex":0,"rotation":270,"texture":"#0"},"north":{"uv":[3.5,1.75,1.75,0.0],"tintindex":0,"rotation":270,"texture":"#0"},"west":{"uv":[5.25,1.75,7.0,1.875],"tintindex":0,"rotation":270,"texture":"#0"},"up":{"uv":[0.0,1.75,1.75,1.875],"tintindex":0,"rotation":0,"texture":"#0"},"down":{"uv":[3.5,1.75,5.25,1.875],"tintindex":0,"rotation":180,"texture":"#0"}}},{"from":[3.1599998,-4.1000004,3.1599998],"to":[12.84,-2.8900003,12.84],"faces":{"east":{"uv":[5.25,1.0,6.25,1.125],"tintindex":0,"rotation":0,"texture":"#0"},"south":{"uv":[8.25,1.0,9.25,1.125],"tintindex":0,"rotation":0,"texture":"#0"},"north":{"uv":[6.25,1.0,7.25,1.125],"tintindex":0,"rotation":0,"texture":"#0"},"west":{"uv":[7.25,1.0,8.25,1.125],"tintindex":0,"rotation":0,"texture":"#0"},"up":{"uv":[7.25,1.0,6.25,0.0],"tintindex":0,"rotation":0,"texture":"#0"},"down":{"uv":[8.25,0.0,7.25,1.0],"tintindex":0,"rotation":0,"texture":"#0"}}},{"from":[-2.8900003,3.1599998,-0.47000027],"to":[-1.6800003,12.84,16.470001],"faces":{"east":{"uv":[2.75,3.75,1.75,5.5],"tintindex":0,"rotation":270,"texture":"#0"},"south":{"uv":[4.5,5.625,5.5,5.5],"tintindex":0,"rotation":270,"texture":"#0"},"north":{"uv":[1.75,5.625,2.75,5.5],"tintindex":0,"rotation":90,"texture":"#0"},"west":{"uv":[3.75,5.5,2.75,3.75],"tintindex":0,"rotation":270,"texture":"#0"},"up":{"uv":[0.0,5.625,1.75,5.5],"tintindex":0,"rotation":270,"texture":"#0"},"down":{"uv":[2.75,5.625,4.5,5.5],"tintindex":0,"rotation":270,"texture":"#0"}}},{"from":[3.1599998,3.1599998,18.89],"to":[12.84,12.84,20.1],"faces":{"east":{"uv":[6.25,1.0,7.25,1.125],"tintindex":0,"rotation":90,"texture":"#0"},"south":{"uv":[8.25,0.0,7.25,1.0],"tintindex":0,"rotation":270,"texture":"#0"},"north":{"uv":[7.25,1.0,6.25,0.0],"tintindex":0,"rotation":270,"texture":"#0"},"west":{"uv":[8.25,1.0,9.25,1.125],"tintindex":0,"rotation":270,"texture":"#0"},"up":{"uv":[5.25,1.0,6.25,1.125],"tintindex":0,"rotation":0,"texture":"#0"},"down":{"uv":[7.25,1.0,8.25,1.125],"tintindex":0,"rotation":180,"texture":"#0"}}},{"from":[17.68,12.84,3.1599998],"to":[18.89,16.47,12.84],"faces":{"east":{"uv":[3.5,5.75,3.125,6.75],"tintindex":0,"rotation":270,"texture":"#0"},"south":{"uv":[4.125,6.75,4.5,6.875],"tintindex":0,"rotation":270,"texture":"#0"},"north":{"uv":[2.75,6.75,3.125,6.875],"tintindex":0,"rotation":90,"texture":"#0"},"west":{"uv":[3.125,6.75,2.75,5.75],"tintindex":0,"rotation":270,"texture":"#0"},"up":{"uv":[1.75,6.75,2.75,6.875],"tintindex":0,"rotation":270,"texture":"#0"},"down":{"uv":[3.125,6.75,4.125,6.875],"tintindex":0,"rotation":270,"texture":"#0"}}},{"from":[17.68,-0.47000027,3.1599998],"to":[18.89,3.1599998,12.84],"faces":{"east":{"uv":[1.75,5.625,1.375,6.625],"tintindex":0,"rotation":270,"texture":"#0"},"south":{"uv":[2.375,6.625,2.75,6.75],"tintindex":0,"rotation":270,"texture":"#0"},"north":{"uv":[1.0,6.625,1.375,6.75],"tintindex":0,"rotation":90,"texture":"#0"},"west":{"uv":[1.375,6.625,1.0,5.625],"tintindex":0,"rotation":270,"texture":"#0"},"up":{"uv":[0.0,6.625,1.0,6.75],"tintindex":0,"rotation":270,"texture":"#0"},"down":{"uv":[1.375,6.625,2.375,6.75],"tintindex":0,"rotation":270,"texture":"#0"}}},{"from":[-0.47000027,3.1599998,17.68],"to":[16.470001,12.84,18.89],"faces":{"east":{"uv":[1.75,5.5,2.75,5.625],"tintindex":0,"rotation":90,"texture":"#0"},"south":{"uv":[3.75,3.75,2.75,5.5],"tintindex":0,"rotation":270,"texture":"#0"},"north":{"uv":[2.75,5.5,1.75,3.75],"tintindex":0,"rotation":270,"texture":"#0"},"west":{"uv":[4.5,5.5,5.5,5.625],"tintindex":0,"rotation":270,"texture":"#0"},"up":{"uv":[0.0,5.5,1.75,5.625],"tintindex":0,"rotation":0,"texture":"#0"},"down":{"uv":[2.75,5.5,4.5,5.625],"tintindex":0,"rotation":180,"texture":"#0"}}},{"from":[-0.47000027,17.68,3.1599998],"to":[3.1599998,18.89,12.84],"faces":{"east":{"uv":[0.0,6.75,1.0,6.625],"tintindex":0,"rotation":0,"texture":"#0"},"south":{"uv":[2.375,6.75,2.75,6.625],"tintindex":0,"rotation":0,"texture":"#0"},"north":{"uv":[1.0,6.75,1.375,6.625],"tintindex":0,"rotation":0,"texture":"#0"},"west":{"uv":[1.375,6.75,2.375,6.625],"tintindex":0,"rotation":0,"texture":"#0"},"up":{"uv":[1.75,6.625,1.375,5.625],"tintindex":0,"rotation":0,"texture":"#0"},"down":{"uv":[1.375,5.625,1.0,6.625],"tintindex":0,"rotation":0,"texture":"#0"}}},{"from":[-1.6800003,-0.47000027,-0.47000027],"to":[-0.47000027,16.47,16.470001],"faces":{"east":{"uv":[3.5,0.0,1.75,1.75],"tintindex":0,"rotation":270,"texture":"#0"},"south":{"uv":[5.25,1.875,7.0,1.75],"tintindex":0,"rotation":270,"texture":"#0"},"north":{"uv":[1.75,1.875,3.5,1.75],"tintindex":0,"rotation":90,"texture":"#0"},"west":{"uv":[5.25,1.75,3.5,0.0],"tintindex":0,"rotation":270,"texture":"#0"},"up":{"uv":[0.0,1.875,1.75,1.75],"tintindex":0,"rotation":270,"texture":"#0"},"down":{"uv":[3.5,1.875,5.25,1.75],"tintindex":0,"rotation":270,"texture":"#0"}}},{"from":[12.84,17.68,3.1599998],"to":[16.470001,18.89,12.84],"faces":{"east":{"uv":[1.75,6.875,2.75,6.75],"tintindex":0,"rotation":0,"texture":"#0"},"south":{"uv":[4.125,6.875,4.5,6.75],"tintindex":0,"rotation":0,"texture":"#0"},"north":{"uv":[2.75,6.875,3.125,6.75],"tintindex":0,"rotation":0,"texture":"#0"},"west":{"uv":[3.125,6.875,4.125,6.75],"tintindex":0,"rotation":0,"texture":"#0"},"up":{"uv":[3.5,6.75,3.125,5.75],"tintindex":0,"rotation":0,"texture":"#0"},"down":{"uv":[3.125,5.75,2.75,6.75],"tintindex":0,"rotation":0,"texture":"#0"}}},{"from":[3.1599998,-0.47000027,-2.8900003],"to":[12.84,3.1599998,-1.6800003],"faces":{"east":{"uv":[1.0,6.75,1.375,6.625],"tintindex":0,"rotation":90,"texture":"#0"},"south":{"uv":[1.375,5.625,1.0,6.625],"tintindex":0,"rotation":270,"texture":"#0"},"north":{"uv":[1.75,6.625,1.375,5.625],"tintindex":0,"rotation":270,"texture":"#0"},"west":{"uv":[2.375,6.75,2.75,6.625],"tintindex":0,"rotation":270,"texture":"#0"},"up":{"uv":[0.0,6.75,1.0,6.625],"tintindex":0,"rotation":0,"texture":"#0"},"down":{"uv":[1.375,6.75,2.375,6.625],"tintindex":0,"rotation":180,"texture":"#0"}}},{"from":[3.1599998,-0.47000027,17.68],"to":[12.84,3.1599998,18.89],"faces":{"east":{"uv":[1.0,6.625,1.375,6.75],"tintindex":0,"rotation":90,"texture":"#0"},"south":{"uv":[1.75,5.625,1.375,6.625],"tintindex":0,"rotation":270,"texture":"#0"},"north":{"uv":[1.375,6.625,1.0,5.625],"tintindex":0,"rotation":270,"texture":"#0"},"west":{"uv":[2.375,6.625,2.75,6.75],"tintindex":0,"rotation":270,"texture":"#0"},"up":{"uv":[0.0,6.625,1.0,6.75],"tintindex":0,"rotation":0,"texture":"#0"},"down":{"uv":[1.375,6.625,2.375,6.75],"tintindex":0,"rotation":180,"texture":"#0"}}},{"from":[-2.8900003,12.84,3.1599998],"to":[-1.6800003,16.47,12.84],"faces":{"east":{"uv":[3.125,5.75,2.75,6.75],"tintindex":0,"rotation":270,"texture":"#0"},"south":{"uv":[4.125,6.875,4.5,6.75],"tintindex":0,"rotation":270,"texture":"#0"},"north":{"uv":[2.75,6.875,3.125,6.75],"tintindex":0,"rotation":90,"texture":"#0"},"west":{"uv":[3.5,6.75,3.125,5.75],"tintindex":0,"rotation":270,"texture":"#0"},"up":{"uv":[1.75,6.875,2.75,6.75],"tintindex":0,"rotation":270,"texture":"#0"},"down":{"uv":[3.125,6.875,4.125,6.75],"tintindex":0,"rotation":270,"texture":"#0"}}},{"from":[-0.47000027,-2.8900003,3.1599998],"to":[3.1599998,-1.6800003,12.84],"faces":{"east":{"uv":[0.0,6.625,1.0,6.75],"tintindex":0,"rotation":0,"texture":"#0"},"south":{"uv":[2.375,6.625,2.75,6.75],"tintindex":0,"rotation":0,"texture":"#0"},"north":{"uv":[1.0,6.625,1.375,6.75],"tintindex":0,"rotation":0,"texture":"#0"},"west":{"uv":[1.375,6.625,2.375,6.75],"tintindex":0,"rotation":0,"texture":"#0"},"up":{"uv":[1.375,6.625,1.0,5.625],"tintindex":0,"rotation":0,"texture":"#0"},"down":{"uv":[1.75,5.625,1.375,6.625],"tintindex":0,"rotation":0,"texture":"#0"}}},{"from":[3.1599998,12.84,-2.8900003],"to":[12.84,16.47,-1.6800003],"faces":{"east":{"uv":[2.75,6.875,3.125,6.75],"tintindex":0,"rotation":90,"texture":"#0"},"south":{"uv":[3.125,5.75,2.75,6.75],"tintindex":0,"rotation":270,"texture":"#0"},"north":{"uv":[3.5,6.75,3.125,5.75],"tintindex":0,"rotation":270,"texture":"#0"},"west":{"uv":[4.125,6.875,4.5,6.75],"tintindex":0,"rotation":270,"texture":"#0"},"up":{"uv":[1.75,6.875,2.75,6.75],"tintindex":0,"rotation":0,"texture":"#0"},"down":{"uv":[3.125,6.875,4.125,6.75],"tintindex":0,"rotation":180,"texture":"#0"}}},{"from":[16.470001,-0.47000027,-0.47000027],"to":[17.68,16.47,16.470001],"faces":{"east":{"uv":[5.25,0.0,3.5,1.75],"tintindex":0,"rotation":270,"texture":"#0"},"south":{"uv":[5.25,1.75,7.0,1.875],"tintindex":0,"rotation":270,"texture":"#0"},"north":{"uv":[1.75,1.75,3.5,1.875],"tintindex":0,"rotation":90,"texture":"#0"},"west":{"uv":[3.5,1.75,1.75,0.0],"tintindex":0,"rotation":270,"texture":"#0"},"up":{"uv":[0.0,1.75,1.75,1.875],"tintindex":0,"rotation":270,"texture":"#0"},"down":{"uv":[3.5,1.75,5.25,1.875],"tintindex":0,"rotation":270,"texture":"#0"}}},{"from":[-4.1000004,3.1599998,3.1599998],"to":[-2.8900003,12.84,12.84],"faces":{"east":{"uv":[7.25,0.0,6.25,1.0],"tintindex":0,"rotation":270,"texture":"#0"},"south":{"uv":[8.25,1.125,9.25,1.0],"tintindex":0,"rotation":270,"texture":"#0"},"north":{"uv":[6.25,1.125,7.25,1.0],"tintindex":0,"rotation":90,"texture":"#0"},"west":{"uv":[8.25,1.0,7.25,0.0],"tintindex":0,"rotation":270,"texture":"#0"},"up":{"uv":[5.25,1.125,6.25,1.0],"tintindex":0,"rotation":270,"texture":"#0"},"down":{"uv":[7.25,1.125,8.25,1.0],"tintindex":0,"rotation":270,"texture":"#0"}}},{"from":[-0.47000027,3.1599998,-2.8900003],"to":[16.470001,12.84,-1.6800003],"faces":{"east":{"uv":[1.75,5.625,2.75,5.5],"tintindex":0,"rotation":90,"texture":"#0"},"south":{"uv":[2.75,3.75,1.75,5.5],"tintindex":0,"rotation":270,"texture":"#0"},"north":{"uv":[3.75,5.5,2.75,3.75],"tintindex":0,"rotation":270,"texture":"#0"},"west":{"uv":[4.5,5.625,5.5,5.5],"tintindex":0,"rotation":270,"texture":"#0"},"up":{"uv":[0.0,5.625,1.75,5.5],"tintindex":0,"rotation":0,"texture":"#0"},"down":{"uv":[2.75,5.625,4.5,5.5],"tintindex":0,"rotation":180,"texture":"#0"}}},{"from":[12.84,-2.8900003,3.1599998],"to":[16.470001,-1.6800003,12.84],"faces":{"east":{"uv":[1.75,6.75,2.75,6.875],"tintindex":0,"rotation":0,"texture":"#0"},"south":{"uv":[4.125,6.75,4.5,6.875],"tintindex":0,"rotation":0,"texture":"#0"},"north":{"uv":[2.75,6.75,3.125,6.875],"tintindex":0,"rotation":0,"texture":"#0"},"west":{"uv":[3.125,6.75,4.125,6.875],"tintindex":0,"rotation":0,"texture":"#0"},"up":{"uv":[3.125,6.75,2.75,5.75],"tintindex":0,"rotation":0,"texture":"#0"},"down":{"uv":[3.5,5.75,3.125,6.75],"tintindex":0,"rotation":0,"texture":"#0"}}},{"from":[3.1599998,-2.8900003,-0.47000027],"to":[12.84,-1.6800003,16.470001],"faces":{"east":{"uv":[0.0,5.5,1.75,5.625],"tintindex":0,"rotation":0,"texture":"#0"},"south":{"uv":[4.5,5.5,5.5,5.625],"tintindex":0,"rotation":0,"texture":"#0"},"north":{"uv":[1.75,5.5,2.75,5.625],"tintindex":0,"rotation":0,"texture":"#0"},"west":{"uv":[2.75,5.5,4.5,5.625],"tintindex":0,"rotation":0,"texture":"#0"},"up":{"uv":[2.75,5.5,1.75,3.75],"tintindex":0,"rotation":0,"texture":"#0"},"down":{"uv":[3.75,3.75,2.75,5.5],"tintindex":0,"rotation":0,"texture":"#0"}}},{"from":[-0.47000027,16.47,-0.47000027],"to":[16.470001,17.68,16.470001],"faces":{"east":{"uv":[0.0,1.875,1.75,1.75],"tintindex":0,"rotation":0,"texture":"#0"},"south":{"uv":[5.25,1.875,7.0,1.75],"tintindex":0,"rotation":0,"texture":"#0"},"north":{"uv":[1.75,1.875,3.5,1.75],"tintindex":0,"rotation":0,"texture":"#0"},"west":{"uv":[3.5,1.875,5.25,1.75],"tintindex":0,"rotation":0,"texture":"#0"},"up":{"uv":[5.25,1.75,3.5,0.0],"tintindex":0,"rotation":0,"texture":"#0"},"down":{"uv":[3.5,0.0,1.75,1.75],"tintindex":0,"rotation":0,"texture":"#0"}}},{"from":[18.89,3.1599998,3.1599998],"to":[20.1,12.84,12.84],"faces":{"east":{"uv":[8.25,0.0,7.25,1.0],"tintindex":0,"rotation":270,"texture":"#0"},"south":{"uv":[8.25,1.0,9.25,1.125],"tintindex":0,"rotation":270,"texture":"#0"},"north":{"uv":[6.25,1.0,7.25,1.125],"tintindex":0,"rotation":90,"texture":"#0"},"west":{"uv":[7.25,1.0,6.25,0.0],"tintindex":0,"rotation":270,"texture":"#0"},"up":{"uv":[5.25,1.0,6.25,1.125],"tintindex":0,"rotation":270,"texture":"#0"},"down":{"uv":[7.25,1.0,8.25,1.125],"tintindex":0,"rotation":270,"texture":"#0"}}},{"from":[-2.8900003,-0.47000027,3.1599998],"to":[-1.6800003,3.1599998,12.84],"faces":{"east":{"uv":[1.375,5.625,1.0,6.625],"tintindex":0,"rotation":270,"texture":"#0"},"south":{"uv":[2.375,6.75,2.75,6.625],"tintindex":0,"rotation":270,"texture":"#0"},"north":{"uv":[1.0,6.75,1.375,6.625],"tintindex":0,"rotation":90,"texture":"#0"},"west":{"uv":[1.75,6.625,1.375,5.625],"tintindex":0,"rotation":270,"texture":"#0"},"up":{"uv":[0.0,6.75,1.0,6.625],"tintindex":0,"rotation":270,"texture":"#0"},"down":{"uv":[1.375,6.75,2.375,6.625],"tintindex":0,"rotation":270,"texture":"#0"}}},{"from":[3.1599998,12.84,17.68],"to":[12.84,16.47,18.89],"faces":{"east":{"uv":[2.75,6.75,3.125,6.875],"tintindex":0,"rotation":90,"texture":"#0"},"south":{"uv":[3.5,5.75,3.125,6.75],"tintindex":0,"rotation":270,"texture":"#0"},"north":{"uv":[3.125,6.75,2.75,5.75],"tintindex":0,"rotation":270,"texture":"#0"},"west":{"uv":[4.125,6.75,4.5,6.875],"tintindex":0,"rotation":270,"texture":"#0"},"up":{"uv":[1.75,6.75,2.75,6.875],"tintindex":0,"rotation":0,"texture":"#0"},"down":{"uv":[3.125,6.75,4.125,6.875],"tintindex":0,"rotation":180,"texture":"#0"}}}],"display":{"head":{"rotation":[0.0,0.0,0.0]},"firstperson_righthand":{"rotation":[0.0,0.0,0.0]},"thirdperson_lefthand":{"rotation":[0.0,-0.0,-0.0]},"firstperson_lefthand":{"rotation":[0.0,-0.0,-0.0]},"fixed":{"rotation":[0.0,0.0,0.0]},"ground":{"rotation":[0.0,0.0,0.0]},"thirdperson_righthand":{"rotation":[0.0,0.0,0.0]},"gui":{"rotation":[-150.0,-45.0,180.0]}}}