{"textures":{"0":"modelengine:entity/crimson_demon_underlit","particle":"#0"},"elements":[{"from":[4.0,-2.0,-16.0],"to":[4.0,4.0,-6.0],"faces":{"east":{"uv":[6.5,9.5625,7.125,9.9375],"tintindex":0,"rotation":0,"texture":"#0"},"west":{"uv":[6.5,9.5625,7.125,9.9375],"tintindex":0,"rotation":0,"texture":"#0"}}},{"from":[4.0,0.15224075,-15.234631],"to":[12.0,4.1522408,-15.234631],"faces":{"south":{"uv":[7.3125,1.125,7.8125,1.375],"tintindex":0,"rotation":0,"texture":"#0"},"north":{"uv":[7.3125,1.125,7.8125,1.375],"tintindex":0,"rotation":0,"texture":"#0"}},"rotation":{"origin":[8.0,2.1522408,-15.234631],"angle":-22.5,"axis":"x"}},{"from":[4.0,4.0,-16.0],"to":[12.0,10.0,8.0],"faces":{"east":{"uv":[8.5,5.875,10.0,6.25],"tintindex":0,"rotation":0,"texture":"#0"},"south":{"uv":[9.6875,8.8125,10.1875,9.1875],"tintindex":0,"rotation":0,"texture":"#0"},"north":{"uv":[9.6875,6.25,10.1875,6.625],"tintindex":0,"rotation":0,"texture":"#0"},"west":{"uv":[10.0,5.875,8.5,6.25],"tintindex":0,"rotation":0,"texture":"#0"},"up":{"uv":[3.25,9.0625,2.75,7.5625],"tintindex":0,"rotation":0,"texture":"#0"},"down":{"uv":[6.0,7.5625,5.5,9.0625],"tintindex":0,"rotation":0,"texture":"#0"}}},{"from":[12.0,-2.0,-16.0],"to":[12.0,4.0,-6.0],"faces":{"east":{"uv":[7.125,9.5625,6.5,9.9375],"tintindex":0,"rotation":0,"texture":"#0"},"west":{"uv":[6.5,9.5625,7.125,9.9375],"tintindex":0,"rotation":0,"texture":"#0"}}},{"from":[4.0,10.0,-16.0],"to":[4.0,15.0,-7.0],"faces":{"east":{"uv":[9.6875,9.1875,10.25,9.5],"tintindex":0,"rotation":0,"texture":"#0"},"west":{"uv":[10.25,9.1875,9.6875,9.5],"tintindex":0,"rotation":0,"texture":"#0"}},"rotation":{"origin":[4.0,10.0,-11.5],"angle":22.5,"axis":"z"}},{"from":[12.0,10.0,-16.0],"to":[12.0,15.0,-7.0],"faces":{"east":{"uv":[9.6875,9.1875,10.25,9.5],"tintindex":0,"rotation":0,"texture":"#0"},"west":{"uv":[10.25,9.1875,9.6875,9.5],"tintindex":0,"rotation":0,"texture":"#0"}},"rotation":{"origin":[12.0,10.0,-11.5],"angle":-22.5,"axis":"z"}}],"display":{"head":{"rotation":[0.0,0.0,0.0]},"firstperson_righthand":{"rotation":[0.0,0.0,0.0]},"thirdperson_lefthand":{"rotation":[0.0,-0.0,-0.0]},"firstperson_lefthand":{"rotation":[0.0,-0.0,-0.0]},"fixed":{"rotation":[0.0,0.0,0.0]},"ground":{"rotation":[0.0,0.0,0.0]},"thirdperson_righthand":{"rotation":[0.0,0.0,0.0]},"gui":{"rotation":[-150.0,-45.0,180.0]}}}