{"textures":{"0":"modelengine:entity/crimson_demon_underlit","particle":"#0"},"elements":[{"from":[3.0,3.0,0.0],"to":[13.0,15.0,8.0],"faces":{"east":{"uv":[6.0,9.0,6.5,9.75],"tintindex":0,"rotation":0,"texture":"#0"},"south":{"uv":[8.875,1.125,9.5,1.875],"tintindex":0,"rotation":0,"texture":"#0"},"north":{"uv":[0.625,8.6875,1.25,9.4375],"tintindex":0,"rotation":0,"texture":"#0"},"west":{"uv":[6.5,9.0,6.0,9.75],"tintindex":0,"rotation":0,"texture":"#0"},"up":{"uv":[9.875,8.5,9.25,8.0],"tintindex":0,"rotation":0,"texture":"#0"},"down":{"uv":[10.0,5.1875,9.375,5.6875],"tintindex":0,"rotation":0,"texture":"#0"}}}],"display":{"head":{"rotation":[0.0,0.0,0.0]},"firstperson_righthand":{"rotation":[0.0,0.0,0.0]},"thirdperson_lefthand":{"rotation":[0.0,-0.0,-0.0]},"firstperson_lefthand":{"rotation":[0.0,-0.0,-0.0]},"fixed":{"rotation":[0.0,0.0,0.0]},"ground":{"rotation":[0.0,0.0,0.0]},"thirdperson_righthand":{"rotation":[0.0,0.0,0.0]},"gui":{"rotation":[-150.0,-45.0,180.0]}}}