{"textures":{"0":"modelengine:entity/mso_overlord","particle":"#0"},"elements":[{"from":[6.98,5.98,6.98],"to":[9.02,8.02,9.02],"faces":{"east":{"uv":[11.75,8.125,12.0,8.375],"tintindex":0,"rotation":0,"texture":"#0"},"south":{"uv":[8.375,11.75,8.625,12.0],"tintindex":0,"rotation":0,"texture":"#0"},"north":{"uv":[8.125,11.75,8.375,12.0],"tintindex":0,"rotation":0,"texture":"#0"},"west":{"uv":[9.125,11.75,9.375,12.0],"tintindex":0,"rotation":0,"texture":"#0"},"up":{"uv":[9.625,12.0,9.375,11.75],"tintindex":0,"rotation":0,"texture":"#0"},"down":{"uv":[12.0,9.375,11.75,9.625],"tintindex":0,"rotation":0,"texture":"#0"}}}],"display":{"head":{"rotation":[0.0,0.0,0.0]},"firstperson_righthand":{"rotation":[0.0,0.0,0.0]},"thirdperson_lefthand":{"rotation":[0.0,-0.0,-0.0]},"firstperson_lefthand":{"rotation":[0.0,-0.0,-0.0]},"fixed":{"rotation":[0.0,0.0,0.0]},"ground":{"rotation":[0.0,0.0,0.0]},"thirdperson_righthand":{"rotation":[0.0,0.0,0.0]},"gui":{"rotation":[-150.0,-45.0,180.0]}}}