{"textures":{"0":"modelengine:entity/mso_overlord","particle":"#0"},"elements":[{"from":[6.98,5.98,6.98],"to":[9.02,8.02,9.02],"faces":{"east":{"uv":[0.25,11.875,0.5,12.125],"tintindex":0,"rotation":0,"texture":"#0"},"south":{"uv":[11.875,0.25,12.125,0.5],"tintindex":0,"rotation":0,"texture":"#0"},"north":{"uv":[11.875,0.0,12.125,0.25],"tintindex":0,"rotation":0,"texture":"#0"},"west":{"uv":[0.5,11.875,0.75,12.125],"tintindex":0,"rotation":0,"texture":"#0"},"up":{"uv":[12.125,0.75,11.875,0.5],"tintindex":0,"rotation":0,"texture":"#0"},"down":{"uv":[1.0,11.875,0.75,12.125],"tintindex":0,"rotation":0,"texture":"#0"}}}],"display":{"head":{"rotation":[0.0,0.0,0.0]},"firstperson_righthand":{"rotation":[0.0,0.0,0.0]},"thirdperson_lefthand":{"rotation":[0.0,-0.0,-0.0]},"firstperson_lefthand":{"rotation":[0.0,-0.0,-0.0]},"fixed":{"rotation":[0.0,0.0,0.0]},"ground":{"rotation":[0.0,0.0,0.0]},"thirdperson_righthand":{"rotation":[0.0,0.0,0.0]},"gui":{"rotation":[-150.0,-45.0,180.0]}}}