{"textures":{"0":"modelengine:entity/mso_overlord","particle":"#0"},"elements":[{"from":[5.9,6.9,4.9],"to":[10.1,9.1,8.1],"faces":{"east":{"uv":[7.125,7.875,6.75,8.125],"tintindex":0,"rotation":0,"texture":"#0"},"south":{"uv":[9.75,11.375,10.25,11.625],"tintindex":0,"rotation":0,"texture":"#0"},"north":{"uv":[8.625,11.375,9.125,11.625],"tintindex":0,"rotation":0,"texture":"#0"},"west":{"uv":[6.75,7.875,7.125,8.125],"tintindex":0,"rotation":0,"texture":"#0"},"up":{"uv":[5.75,11.5,5.25,11.125],"tintindex":0,"rotation":0,"texture":"#0"},"down":{"uv":[11.625,5.25,11.125,5.625],"tintindex":0,"rotation":0,"texture":"#0"}}}],"display":{"head":{"rotation":[0.0,0.0,0.0]},"firstperson_righthand":{"rotation":[0.0,0.0,0.0]},"thirdperson_lefthand":{"rotation":[0.0,-0.0,-0.0]},"firstperson_lefthand":{"rotation":[0.0,-0.0,-0.0]},"fixed":{"rotation":[0.0,0.0,0.0]},"ground":{"rotation":[0.0,0.0,0.0]},"thirdperson_righthand":{"rotation":[0.0,0.0,0.0]},"gui":{"rotation":[-150.0,-45.0,180.0]}}}