{"textures":{"0":"modelengine:entity/mso_overlord","particle":"#0"},"elements":[{"from":[4.66667,-2.966669,4.83333],"to":[10.66667,2.033331,10.83333],"faces":{"east":{"uv":[9.625,0.0,10.375,0.625],"tintindex":0,"rotation":0,"texture":"#0"},"south":{"uv":[9.625,4.375,10.375,5.0],"tintindex":0,"rotation":0,"texture":"#0"},"north":{"uv":[9.5,8.5,10.25,9.125],"tintindex":0,"rotation":0,"texture":"#0"},"west":{"uv":[9.625,9.125,10.375,9.75],"tintindex":0,"rotation":0,"texture":"#0"},"up":{"uv":[9.5,8.75,8.75,8.0],"tintindex":0,"rotation":0,"texture":"#0"},"down":{"uv":[9.5,8.75,8.75,9.5],"tintindex":0,"rotation":0,"texture":"#0"}}},{"from":[3.6666698,2.033331,3.8333302],"to":[11.66667,5.033331,11.83333],"faces":{"east":{"uv":[10.125,7.25,11.125,7.625],"tintindex":0,"rotation":0,"texture":"#0"},"south":{"uv":[10.125,7.625,11.125,8.0],"tintindex":0,"rotation":0,"texture":"#0"},"north":{"uv":[10.125,6.875,11.125,7.25],"tintindex":0,"rotation":0,"texture":"#0"},"west":{"uv":[0.0,10.25,1.0,10.625],"tintindex":0,"rotation":0,"texture":"#0"},"up":{"uv":[2.0,6.375,1.0,5.375],"tintindex":0,"rotation":0,"texture":"#0"},"down":{"uv":[3.0,5.375,2.0,6.375],"tintindex":0,"rotation":0,"texture":"#0"}}},{"from":[5.6566696,5.0233307,5.82333],"to":[9.67667,8.043331,9.84333],"faces":{"east":{"uv":[11.125,6.5,11.625,6.875],"tintindex":0,"rotation":0,"texture":"#0"},"south":{"uv":[11.125,6.875,11.625,7.25],"tintindex":0,"rotation":0,"texture":"#0"},"north":{"uv":[6.5,11.125,7.0,11.5],"tintindex":0,"rotation":0,"texture":"#0"},"west":{"uv":[7.0,11.125,7.5,11.5],"tintindex":0,"rotation":0,"texture":"#0"},"up":{"uv":[4.75,11.375,4.25,10.875],"tintindex":0,"rotation":0,"texture":"#0"},"down":{"uv":[11.375,4.25,10.875,4.75],"tintindex":0,"rotation":0,"texture":"#0"}}}],"display":{"head":{"rotation":[0.0,0.0,0.0]},"firstperson_righthand":{"rotation":[0.0,0.0,0.0]},"thirdperson_lefthand":{"rotation":[0.0,-0.0,-0.0]},"firstperson_lefthand":{"rotation":[0.0,-0.0,-0.0]},"fixed":{"rotation":[0.0,0.0,0.0]},"ground":{"rotation":[0.0,0.0,0.0]},"thirdperson_righthand":{"rotation":[0.0,0.0,0.0]},"gui":{"rotation":[-150.0,-45.0,180.0]}}}