{"textures":{"0":"modelengine:entity/mso_overlord","particle":"#0"},"elements":[{"from":[6.41667,-5.01667,6.53333],"to":[10.41667,3.9833298,11.53333],"faces":{"east":{"uv":[8.125,1.125,8.75,2.25],"tintindex":0,"rotation":0,"texture":"#0"},"south":{"uv":[3.375,9.0,3.875,10.125],"tintindex":0,"rotation":0,"texture":"#0"},"north":{"uv":[2.875,9.0,3.375,10.125],"tintindex":0,"rotation":0,"texture":"#0"},"west":{"uv":[8.125,0.0,8.75,1.125],"tintindex":0,"rotation":0,"texture":"#0"},"up":{"uv":[4.75,10.875,4.25,10.25],"tintindex":0,"rotation":0,"texture":"#0"},"down":{"uv":[5.25,10.25,4.75,10.875],"tintindex":0,"rotation":0,"texture":"#0"}}},{"from":[5.91667,0.9833298,6.03333],"to":[10.91667,2.9833298,12.03333],"faces":{"east":{"uv":[11.25,1.625,11.875,1.875],"tintindex":0,"rotation":0,"texture":"#0"},"south":{"uv":[11.25,1.625,11.875,1.875],"tintindex":0,"rotation":0,"texture":"#0"},"north":{"uv":[11.375,2.125,12.0,2.375],"tintindex":0,"rotation":0,"texture":"#0"},"west":{"uv":[11.25,1.625,11.875,1.875],"tintindex":0,"rotation":0,"texture":"#0"},"up":{"uv":[10.25,10.5,9.625,9.75],"tintindex":0,"rotation":0,"texture":"#0"},"down":{"uv":[6.75,9.875,6.125,10.625],"tintindex":0,"rotation":0,"texture":"#0"}}},{"from":[5.91667,3.9833298,6.03333],"to":[10.91667,6.98333,12.03333],"faces":{"east":{"uv":[10.375,0.0,11.125,0.375],"tintindex":0,"rotation":0,"texture":"#0"},"south":{"uv":[10.875,9.375,11.5,9.75],"tintindex":0,"rotation":0,"texture":"#0"},"north":{"uv":[11.0,8.75,11.625,9.125],"tintindex":0,"rotation":0,"texture":"#0"},"west":{"uv":[10.375,0.0,11.125,0.375],"tintindex":0,"rotation":0,"texture":"#0"},"up":{"uv":[10.375,1.375,9.75,0.625],"tintindex":0,"rotation":0,"texture":"#0"},"down":{"uv":[10.375,2.0,9.75,2.75],"tintindex":0,"rotation":0,"texture":"#0"}}},{"from":[5.91667,-2.0166702,6.03333],"to":[10.91667,-0.016670227,12.03333],"faces":{"east":{"uv":[11.25,1.625,11.875,1.875],"tintindex":0,"rotation":0,"texture":"#0"},"south":{"uv":[11.25,1.625,11.875,1.875],"tintindex":0,"rotation":0,"texture":"#0"},"north":{"uv":[11.25,1.625,11.875,1.875],"tintindex":0,"rotation":0,"texture":"#0"},"west":{"uv":[11.25,1.625,11.875,1.875],"tintindex":0,"rotation":0,"texture":"#0"},"up":{"uv":[7.375,10.625,6.75,9.875],"tintindex":0,"rotation":0,"texture":"#0"},"down":{"uv":[9.0,9.875,8.375,10.625],"tintindex":0,"rotation":0,"texture":"#0"}}},{"from":[6.41667,6.98333,7.03333],"to":[10.41667,7.98333,11.03333],"faces":{"east":{"uv":[9.875,4.25,10.375,4.375],"tintindex":0,"rotation":0,"texture":"#0"},"south":{"uv":[8.25,5.375,8.75,5.5],"tintindex":0,"rotation":0,"texture":"#0"},"north":{"uv":[8.75,2.125,9.25,2.25],"tintindex":0,"rotation":0,"texture":"#0"},"west":{"uv":[8.375,3.75,8.875,3.875],"tintindex":0,"rotation":0,"texture":"#0"},"up":{"uv":[11.375,11.125,10.875,10.625],"tintindex":0,"rotation":0,"texture":"#0"},"down":{"uv":[1.5,11.0,1.0,11.5],"tintindex":0,"rotation":0,"texture":"#0"}}}],"display":{"head":{"rotation":[0.0,0.0,0.0]},"firstperson_righthand":{"rotation":[0.0,0.0,0.0]},"thirdperson_lefthand":{"rotation":[0.0,-0.0,-0.0]},"firstperson_lefthand":{"rotation":[0.0,-0.0,-0.0]},"fixed":{"rotation":[0.0,0.0,0.0]},"ground":{"rotation":[0.0,0.0,0.0]},"thirdperson_righthand":{"rotation":[0.0,0.0,0.0]},"gui":{"rotation":[-150.0,-45.0,180.0]}}}