{"textures":{"0":"modelengine:entity/mso_overlord","particle":"#0"},"elements":[{"from":[5.9,6.9,4.9],"to":[10.1,9.1,8.1],"faces":{"east":{"uv":[3.375,11.5,3.75,11.75],"tintindex":0,"rotation":0,"texture":"#0"},"south":{"uv":[11.5,2.875,12.0,3.125],"tintindex":0,"rotation":0,"texture":"#0"},"north":{"uv":[2.875,11.5,3.375,11.75],"tintindex":0,"rotation":0,"texture":"#0"},"west":{"uv":[5.25,11.5,5.625,11.75],"tintindex":0,"rotation":0,"texture":"#0"},"up":{"uv":[11.625,7.625,11.125,7.25],"tintindex":0,"rotation":0,"texture":"#0"},"down":{"uv":[11.625,7.625,11.125,8.0],"tintindex":0,"rotation":0,"texture":"#0"}}}],"display":{"head":{"rotation":[0.0,0.0,0.0]},"firstperson_righthand":{"rotation":[0.0,0.0,0.0]},"thirdperson_lefthand":{"rotation":[0.0,-0.0,-0.0]},"firstperson_lefthand":{"rotation":[0.0,-0.0,-0.0]},"fixed":{"rotation":[0.0,0.0,0.0]},"ground":{"rotation":[0.0,0.0,0.0]},"thirdperson_righthand":{"rotation":[0.0,0.0,0.0]},"gui":{"rotation":[-150.0,-45.0,180.0]}}}