{"textures":{"0":"modelengine:entity/crimson_demon_underlit","particle":"#0"},"elements":[{"from":[8.0,8.0,-8.0],"to":[8.0,24.0,24.0],"faces":{"east":{"uv":[4.25,1.375,6.25,2.375],"tintindex":0,"rotation":0,"texture":"#0"},"west":{"uv":[6.25,1.375,4.25,2.375],"tintindex":0,"rotation":0,"texture":"#0"}}}],"display":{"head":{"rotation":[0.0,0.0,0.0]},"firstperson_righthand":{"rotation":[0.0,0.0,0.0]},"thirdperson_lefthand":{"rotation":[0.0,-0.0,-0.0]},"firstperson_lefthand":{"rotation":[0.0,-0.0,-0.0]},"fixed":{"rotation":[0.0,0.0,0.0]},"ground":{"rotation":[0.0,0.0,0.0]},"thirdperson_righthand":{"rotation":[0.0,0.0,0.0]},"gui":{"rotation":[-150.0,-45.0,180.0]}}}