{"textures":{"0":"modelengine:entity/crimson_demon_underlit","particle":"#0"},"elements":[{"from":[-8.322212,6.4006205,4.305553],"to":[8.011121,9.40062,7.97222],"faces":{"east":{"uv":[9.0,8.9375,9.6875,9.5],"tintindex":0,"rotation":0,"texture":"#0"},"south":{"uv":[5.75,3.9375,8.8125,4.5],"tintindex":0,"rotation":0,"texture":"#0"},"north":{"uv":[5.75,3.375,8.8125,3.9375],"tintindex":0,"rotation":0,"texture":"#0"},"west":{"uv":[9.0625,0.0,9.75,0.5625],"tintindex":0,"rotation":0,"texture":"#0"},"up":{"uv":[7.3125,0.6875,4.25,0.0],"tintindex":0,"rotation":0,"texture":"#0"},"down":{"uv":[7.3125,0.6875,4.25,1.375],"tintindex":0,"rotation":0,"texture":"#0"}}},{"from":[0.011120796,1.7339535,7.97222],"to":[8.011121,6.4006205,7.97222],"faces":{"south":{"uv":[6.75,6.25,8.25,7.125],"tintindex":0,"rotation":0,"texture":"#0"},"north":{"uv":[6.75,6.25,8.25,7.125],"tintindex":0,"rotation":0,"texture":"#0"}},"rotation":{"origin":[4.011121,6.4006205,7.97222],"angle":-22.5,"axis":"x"}}],"display":{"head":{"rotation":[0.0,0.0,0.0]},"firstperson_righthand":{"rotation":[0.0,0.0,0.0]},"thirdperson_lefthand":{"rotation":[0.0,-0.0,-0.0]},"firstperson_lefthand":{"rotation":[0.0,-0.0,-0.0]},"fixed":{"rotation":[0.0,0.0,0.0]},"ground":{"rotation":[0.0,0.0,0.0]},"thirdperson_righthand":{"rotation":[0.0,0.0,0.0]},"gui":{"rotation":[-150.0,-45.0,180.0]}}}