{"textures":{"0":"modelengine:entity/crimson_demon_underlit","particle":"#0"},"elements":[{"from":[8.0,8.25,-8.0],"to":[8.0,25.25,24.0],"faces":{"east":{"uv":[1.75,3.8125,3.75,4.875],"tintindex":0,"rotation":0,"texture":"#0"},"west":{"uv":[3.75,3.8125,1.75,4.875],"tintindex":0,"rotation":0,"texture":"#0"}}}],"display":{"head":{"rotation":[0.0,0.0,0.0]},"firstperson_righthand":{"rotation":[0.0,0.0,0.0]},"thirdperson_lefthand":{"rotation":[0.0,-0.0,-0.0]},"firstperson_lefthand":{"rotation":[0.0,-0.0,-0.0]},"fixed":{"rotation":[0.0,0.0,0.0]},"ground":{"rotation":[0.0,0.0,0.0]},"thirdperson_righthand":{"rotation":[0.0,0.0,0.0]},"gui":{"rotation":[-150.0,-45.0,180.0]}}}