{"textures":{"0":"modelengine:entity/crimson_demon_underlit","particle":"#0"},"elements":[{"from":[7.9888787,6.4006205,4.305553],"to":[24.322212,9.40062,7.97222],"faces":{"east":{"uv":[9.75,0.0,9.0625,0.5625],"tintindex":0,"rotation":0,"texture":"#0"},"south":{"uv":[8.8125,3.9375,5.75,4.5],"tintindex":0,"rotation":0,"texture":"#0"},"north":{"uv":[8.8125,3.375,5.75,3.9375],"tintindex":0,"rotation":0,"texture":"#0"},"west":{"uv":[9.6875,8.9375,9.0,9.5],"tintindex":0,"rotation":0,"texture":"#0"},"up":{"uv":[4.25,0.6875,7.3125,0.0],"tintindex":0,"rotation":0,"texture":"#0"},"down":{"uv":[4.25,0.6875,7.3125,1.375],"tintindex":0,"rotation":0,"texture":"#0"}}},{"from":[7.9888787,1.7339535,7.97222],"to":[15.988879,6.4006205,7.97222],"faces":{"south":{"uv":[8.25,6.25,6.75,7.125],"tintindex":0,"rotation":0,"texture":"#0"},"north":{"uv":[8.25,6.25,6.75,7.125],"tintindex":0,"rotation":0,"texture":"#0"}},"rotation":{"origin":[11.988879,6.4006205,7.97222],"angle":-22.5,"axis":"x"}}],"display":{"head":{"rotation":[0.0,0.0,0.0]},"firstperson_righthand":{"rotation":[0.0,0.0,0.0]},"thirdperson_lefthand":{"rotation":[0.0,-0.0,-0.0]},"firstperson_lefthand":{"rotation":[0.0,-0.0,-0.0]},"fixed":{"rotation":[0.0,0.0,0.0]},"ground":{"rotation":[0.0,0.0,0.0]},"thirdperson_righthand":{"rotation":[0.0,0.0,0.0]},"gui":{"rotation":[-150.0,-45.0,180.0]}}}