{"textures":{"0":"modelengine:entity/hv_rat_archer","particle":"#0"},"elements":[{"from":[7.25,6.75,7.75],"to":[8.75,9.0,15.75],"faces":{"east":{"uv":[11.285715,1.5714287,12.428572,1.8571429],"tintindex":0,"rotation":0,"texture":"#0"},"south":{"uv":[12.714286,4.4285717,13.000001,4.714286],"tintindex":0,"rotation":0,"texture":"#0"},"north":{"uv":[12.714286,0.2857143,13.000001,0.5714286],"tintindex":0,"rotation":0,"texture":"#0"},"west":{"uv":[11.285715,4.571429,12.428572,4.857143],"tintindex":0,"rotation":0,"texture":"#0"},"up":{"uv":[9.142858,12.714286,8.857143,11.571429],"tintindex":0,"rotation":0,"texture":"#0"},"down":{"uv":[9.428572,11.571429,9.142858,12.714286],"tintindex":0,"rotation":0,"texture":"#0"}}}],"display":{"head":{"rotation":[0.0,0.0,0.0]},"firstperson_righthand":{"rotation":[0.0,0.0,0.0]},"thirdperson_lefthand":{"rotation":[0.0,-0.0,-0.0]},"firstperson_lefthand":{"rotation":[0.0,-0.0,-0.0]},"fixed":{"rotation":[0.0,0.0,0.0]},"ground":{"rotation":[0.0,0.0,0.0]},"thirdperson_righthand":{"rotation":[0.0,0.0,0.0]},"gui":{"rotation":[-150.0,-45.0,180.0]}}}