{"textures":{"0":"modelengine:entity/hv_rat_archer","particle":"#0"},"elements":[{"from":[7.75,7.664603,-9.584948],"to":[8.25,8.164603,8.965054],"faces":{"east":{"uv":[10.857143,4.857143,13.571429,5.0],"tintindex":0,"rotation":0,"texture":"#0"},"south":{"uv":[4.714286,8.571429,4.857143,8.714286],"tintindex":0,"rotation":0,"texture":"#0"},"north":{"uv":[4.571429,8.571429,4.714286,8.714286],"tintindex":0,"rotation":0,"texture":"#0"},"west":{"uv":[10.857143,9.428572,13.571429,9.571429],"tintindex":0,"rotation":0,"texture":"#0"},"up":{"uv":[1.1428572,13.571429,1.0,10.857143],"tintindex":0,"rotation":0,"texture":"#0"},"down":{"uv":[0.5714286,11.000001,0.42857146,13.714287],"tintindex":0,"rotation":0,"texture":"#0"}}}],"display":{"head":{"rotation":[0.0,0.0,0.0]},"firstperson_righthand":{"rotation":[0.0,0.0,0.0]},"thirdperson_lefthand":{"rotation":[0.0,-0.0,-0.0]},"firstperson_lefthand":{"rotation":[0.0,-0.0,-0.0]},"fixed":{"rotation":[0.0,0.0,0.0]},"ground":{"rotation":[0.0,0.0,0.0]},"thirdperson_righthand":{"rotation":[0.0,0.0,0.0]},"gui":{"rotation":[-150.0,-45.0,180.0]}}}