{"textures":{"0":"modelengine:entity/hv_rat_archer","particle":"#0"},"elements":[{"from":[3.0,2.5,5.0],"to":[13.0,13.75,13.0],"faces":{"east":{"uv":[5.4285717,2.2857144,6.571429,3.857143],"tintindex":0,"rotation":0,"texture":"#0"},"south":{"uv":[4.0,1.5714287,5.4285717,3.1428573],"tintindex":0,"rotation":0,"texture":"#0"},"north":{"uv":[3.7142859,0.0,5.1428576,1.5714287],"tintindex":0,"rotation":0,"texture":"#0"},"west":{"uv":[5.4285717,3.857143,6.571429,5.4285717],"tintindex":0,"rotation":0,"texture":"#0"},"up":{"uv":[5.4285717,7.1428576,4.0,6.0000005],"tintindex":0,"rotation":0,"texture":"#0"},"down":{"uv":[8.0,3.4285717,6.571429,4.571429],"tintindex":0,"rotation":0,"texture":"#0"}}}],"display":{"head":{"rotation":[0.0,0.0,0.0]},"firstperson_righthand":{"rotation":[0.0,0.0,0.0]},"thirdperson_lefthand":{"rotation":[0.0,-0.0,-0.0]},"firstperson_lefthand":{"rotation":[0.0,-0.0,-0.0]},"fixed":{"rotation":[0.0,0.0,0.0]},"ground":{"rotation":[0.0,0.0,0.0]},"thirdperson_righthand":{"rotation":[0.0,0.0,0.0]},"gui":{"rotation":[-150.0,-45.0,180.0]}}}