{"textures":{"0":"modelengine:entity/hv_rat_archer","particle":"#0"},"elements":[{"from":[5.6739674,3.4125004,-0.7385845],"to":[10.848968,8.587502,10.7614155],"faces":{"east":{"uv":[7.571429,7.714286,9.285715,8.428572],"tintindex":0,"rotation":0,"texture":"#0"},"south":{"uv":[10.571429,9.571429,11.285715,10.285715],"tintindex":0,"rotation":0,"texture":"#0"},"north":{"uv":[9.857143,10.428572,10.571429,11.142858],"tintindex":0,"rotation":0,"texture":"#0"},"west":{"uv":[7.8571434,0.0,9.571429,0.71428573],"tintindex":0,"rotation":0,"texture":"#0"},"up":{"uv":[0.71428573,9.714286,0.0,8.0],"tintindex":0,"rotation":0,"texture":"#0"},"down":{"uv":[1.4285715,8.0,0.71428573,9.714286],"tintindex":0,"rotation":0,"texture":"#0"}},"rotation":{"origin":[8.261467,6.000001,5.011416],"angle":-22.5,"axis":"x"}}],"display":{"head":{"rotation":[0.0,0.0,0.0]},"firstperson_righthand":{"rotation":[0.0,0.0,0.0]},"thirdperson_lefthand":{"rotation":[0.0,-0.0,-0.0]},"firstperson_lefthand":{"rotation":[0.0,-0.0,-0.0]},"fixed":{"rotation":[0.0,0.0,0.0]},"ground":{"rotation":[0.0,0.0,0.0]},"thirdperson_righthand":{"rotation":[0.0,0.0,0.0]},"gui":{"rotation":[-150.0,-45.0,180.0]}}}