{"textures":{"0":"modelengine:entity/hv_rat_archer","particle":"#0"},"elements":[{"from":[6.25,5.0,6.0],"to":[9.75,9.0,10.0],"faces":{"east":{"uv":[11.285715,9.571429,11.857143,10.142858],"tintindex":0,"rotation":0,"texture":"#0"},"south":{"uv":[11.285715,10.142858,11.857143,10.714286],"tintindex":0,"rotation":0,"texture":"#0"},"north":{"uv":[7.0000005,8.857143,7.571429,9.428572],"tintindex":0,"rotation":0,"texture":"#0"},"west":{"uv":[11.428572,3.0000002,12.000001,3.5714288],"tintindex":0,"rotation":0,"texture":"#0"},"up":{"uv":[12.000001,7.4285717,11.428572,6.8571434],"tintindex":0,"rotation":0,"texture":"#0"},"down":{"uv":[12.142858,2.1428573,11.571429,2.7142859],"tintindex":0,"rotation":0,"texture":"#0"}}}],"display":{"head":{"rotation":[0.0,0.0,0.0]},"firstperson_righthand":{"rotation":[0.0,0.0,0.0]},"thirdperson_lefthand":{"rotation":[0.0,-0.0,-0.0]},"firstperson_lefthand":{"rotation":[0.0,-0.0,-0.0]},"fixed":{"rotation":[0.0,0.0,0.0]},"ground":{"rotation":[0.0,0.0,0.0]},"thirdperson_righthand":{"rotation":[0.0,0.0,0.0]},"gui":{"rotation":[-150.0,-45.0,180.0]}}}