{"textures":{"0":"modelengine:entity/hv_rat_archer","particle":"#0"},"elements":[{"from":[6.25,5.0,6.0],"to":[9.75,9.0,10.0],"faces":{"east":{"uv":[11.714286,0.0,12.285715,0.5714286],"tintindex":0,"rotation":0,"texture":"#0"},"south":{"uv":[11.714286,0.71428573,12.285715,1.2857144],"tintindex":0,"rotation":0,"texture":"#0"},"north":{"uv":[11.571429,5.714286,12.142858,6.2857146],"tintindex":0,"rotation":0,"texture":"#0"},"west":{"uv":[2.857143,11.714286,3.4285717,12.285715],"tintindex":0,"rotation":0,"texture":"#0"},"up":{"uv":[12.285715,4.1428576,11.714286,3.5714288],"tintindex":0,"rotation":0,"texture":"#0"},"down":{"uv":[4.714286,11.714286,4.1428576,12.285715],"tintindex":0,"rotation":0,"texture":"#0"}}}],"display":{"head":{"rotation":[0.0,0.0,0.0]},"firstperson_righthand":{"rotation":[0.0,0.0,0.0]},"thirdperson_lefthand":{"rotation":[0.0,-0.0,-0.0]},"firstperson_lefthand":{"rotation":[0.0,-0.0,-0.0]},"fixed":{"rotation":[0.0,0.0,0.0]},"ground":{"rotation":[0.0,0.0,0.0]},"thirdperson_righthand":{"rotation":[0.0,0.0,0.0]},"gui":{"rotation":[-150.0,-45.0,180.0]}}}