{"textures":{"0":"modelengine:entity/hv_rat_archer","particle":"#0"},"elements":[{"from":[5.5,6.0,7.5],"to":[11.5,11.0,8.5],"faces":{"east":{"uv":[5.714286,12.714286,5.857143,13.428572],"tintindex":0,"rotation":0,"texture":"#0"},"south":{"uv":[10.142858,5.714286,11.000001,6.4285717],"tintindex":0,"rotation":0,"texture":"#0"},"north":{"uv":[10.142858,0.0,11.000001,0.71428573],"tintindex":0,"rotation":0,"texture":"#0"},"west":{"uv":[5.857143,12.714286,6.0000005,13.428572],"tintindex":0,"rotation":0,"texture":"#0"},"up":{"uv":[12.428572,6.4285717,11.571429,6.2857146],"tintindex":0,"rotation":0,"texture":"#0"},"down":{"uv":[13.142858,9.285715,12.285715,9.428572],"tintindex":0,"rotation":0,"texture":"#0"}}}],"display":{"head":{"rotation":[0.0,0.0,0.0]},"firstperson_righthand":{"rotation":[0.0,0.0,0.0]},"thirdperson_lefthand":{"rotation":[0.0,-0.0,-0.0]},"firstperson_lefthand":{"rotation":[0.0,-0.0,-0.0]},"fixed":{"rotation":[0.0,0.0,0.0]},"ground":{"rotation":[0.0,0.0,0.0]},"thirdperson_righthand":{"rotation":[0.0,0.0,0.0]},"gui":{"rotation":[-150.0,-45.0,180.0]}}}