{"textures":{"0":"modelengine:entity/hv_rat_archer","particle":"#0"},"elements":[{"from":[6.75,1.000001,6.25],"to":[9.25,9.0,9.75],"faces":{"east":{"uv":[4.2857146,9.857143,4.857143,11.000001],"tintindex":0,"rotation":0,"texture":"#0"},"south":{"uv":[0.0,11.000001,0.42857146,12.142858],"tintindex":0,"rotation":0,"texture":"#0"},"north":{"uv":[5.2857146,10.857143,5.714286,12.000001],"tintindex":0,"rotation":0,"texture":"#0"},"west":{"uv":[5.857143,9.857143,6.4285717,11.000001],"tintindex":0,"rotation":0,"texture":"#0"},"up":{"uv":[12.571429,2.7142859,12.142858,2.1428573],"tintindex":0,"rotation":0,"texture":"#0"},"down":{"uv":[5.2857146,12.142858,4.857143,12.714286],"tintindex":0,"rotation":0,"texture":"#0"}}}],"display":{"head":{"rotation":[0.0,0.0,0.0]},"firstperson_righthand":{"rotation":[0.0,0.0,0.0]},"thirdperson_lefthand":{"rotation":[0.0,-0.0,-0.0]},"firstperson_lefthand":{"rotation":[0.0,-0.0,-0.0]},"fixed":{"rotation":[0.0,0.0,0.0]},"ground":{"rotation":[0.0,0.0,0.0]},"thirdperson_righthand":{"rotation":[0.0,0.0,0.0]},"gui":{"rotation":[-150.0,-45.0,180.0]}}}