{"textures":{"0":"modelengine:entity/hv_rat_archer","particle":"#0"},"elements":[{"from":[6.5,-0.5325823,6.274643],"to":[9.5,8.467419,9.274643],"faces":{"east":{"uv":[9.0,10.285715,9.428572,11.571429],"tintindex":0,"rotation":0,"texture":"#0"},"south":{"uv":[10.428572,0.71428573,10.857143,2.0],"tintindex":0,"rotation":0,"texture":"#0"},"north":{"uv":[8.571429,10.285715,9.0,11.571429],"tintindex":0,"rotation":0,"texture":"#0"},"west":{"uv":[2.857143,10.428572,3.2857144,11.714286],"tintindex":0,"rotation":0,"texture":"#0"},"up":{"uv":[12.857143,5.4285717,12.428572,5.0],"tintindex":0,"rotation":0,"texture":"#0"},"down":{"uv":[13.000001,1.5714287,12.571429,2.0],"tintindex":0,"rotation":0,"texture":"#0"}}}],"display":{"head":{"rotation":[0.0,0.0,0.0]},"firstperson_righthand":{"rotation":[0.0,0.0,0.0]},"thirdperson_lefthand":{"rotation":[0.0,-0.0,-0.0]},"firstperson_lefthand":{"rotation":[0.0,-0.0,-0.0]},"fixed":{"rotation":[0.0,0.0,0.0]},"ground":{"rotation":[0.0,0.0,0.0]},"thirdperson_righthand":{"rotation":[0.0,0.0,0.0]},"gui":{"rotation":[-150.0,-45.0,180.0]}}}