{
  "providers": [
    { "type": "space", "advances": { " ": 4 } },
    {
      "type": "bitmap",
      "file": "lugin:_fonts/chest/royal_1.png",
      "chars": ["\uE000"],
      "ascent": 40,
      "height": 256
    },
    {
      "type": "bitmap",
      "file": "lugin:_fonts/chest/royal_2.png",
      "chars": ["\uE001"],
      "ascent": 40,
      "height": 256
    },
    {
      "type": "bitmap",
      "file": "lugin:_fonts/chest/royal_3.png",
      "chars": ["\uE002"],
      "ascent": 40,
      "height": 256
    },
    {
      "type": "bitmap",
      "file": "lugin:_fonts/chest/royal_4.png",
      "chars": ["\uE003"],
      "ascent": 40,
      "height": 256
    },
    {
      "type": "bitmap",
      "file": "lugin:_fonts/chest/royal_5.png",
      "chars": ["\uE004"],
      "ascent": 40,
      "height": 256
    },
    {
      "type": "bitmap",
      "file": "lugin:_fonts/chest/royal_6.png",
      "chars": ["\uE005"],
      "ascent": 40,
      "height": 256
    },
    {
      "type": "bitmap",
      "file": "lugin:_fonts/chest/gui_cofre_gelo.png",
      "chars": ["\uE006"],
      "ascent": 40,
      "height": 256
    },
    {
      "type": "bitmap",
      "file": "lugin:_fonts/chest/gui_cofres_gelo.png",
      "chars": ["\uE007"],
      "ascent": 40,
      "height": 256
    },
    {
      "type": "bitmap",
      "file": "lugin:_fonts/chest/gui_kit.png",
      "chars": ["\uE008"],
      "ascent": 40,
      "height": 256
    },
    {
      "type": "bitmap",
      "file": "lugin:_fonts/chest/gui_faccao.png",
      "chars": ["\uE009"],
      "ascent": 40,
      "height": 256
    },
    {
      "type": "bitmap",
      "file": "lugin:_fonts/chest/gui_habilidades.png",
      "chars": ["\uE00A"],
      "ascent": 40,
      "height": 256
    },
    {
      "type": "bitmap",
      "file": "lugin:_fonts/chest/gui_missoes.png",
      "chars": ["\uE00B"],
      "ascent": 40,
      "height": 256
    },
    {
      "type": "bitmap",
      "file": "lugin:_fonts/chest/gui_perfil_faccao.png",
      "chars": ["\uE00C"],
      "ascent": 40,
      "height": 256
    },
    {
      "type": "bitmap",
      "file": "lugin:_fonts/chest/gui_perfil.png",
      "chars": ["\uE00D"],
      "ascent": 40,
      "height": 256
    },
    {
      "type": "bitmap",
      "file": "lugin:_fonts/chest/gui_skills_path.png",
      "chars": ["\uE00E"],
      "ascent": 40,
      "height": 256
    },
    {
      "type": "bitmap",
      "file": "lugin:_fonts/chest/gui_kits.png",
      "chars": ["\uE00F"],
      "ascent": 40,
      "height": 256
    },
    {
      "type": "bitmap",
      "file": "lugin:_fonts/chest/gui_ranking_skills.png",
      "chars": ["\uE010"],
      "ascent": 40,
      "height": 256
    },
    {
      "type": "bitmap",
      "file": "lugin:_fonts/chest/gui_top_fac_geral.png",
      "chars": ["\uE011"],
      "ascent": 40,
      "height": 256
    },
    {
      "type": "bitmap",
      "file": "lugin:_fonts/chest/gui_top_fac_money.png",
      "chars": ["\uE012"],
      "ascent": 40,
      "height": 256
    },
    {
      "type": "bitmap",
      "file": "lugin:_fonts/chest/gui_top_fac_spawners.png",
      "chars": ["\uE013"],
      "ascent": 40,
      "height": 256
    },
    {
      "type": "bitmap",
      "file": "lugin:_fonts/chest/gui_top_fac_win.png",
      "chars": ["\uE014"],
      "ascent": 40,
      "height": 256
    },
    {
      "type": "bitmap",
      "file": "lugin:_fonts/chest/gui_sem_fac.png",
      "chars": ["\uE015"],
      "ascent": 40,
      "height": 256
    },
    {
      "type": "bitmap",
      "file": "lugin:_fonts/chest/gui_confirmar.png",
      "chars": ["\uE016"],
      "ascent": 40,
      "height": 256
    },
    {
      "type": "bitmap",
      "file": "lugin:_fonts/chest/gui_mercado.png",
      "chars": ["\uE017"],
      "ascent": 40,
      "height": 256
    },
    {
      "type": "bitmap",
      "file": "lugin:_fonts/chest/gui_mercado.png",
      "chars": ["\uE018"],
      "ascent": 40,
      "height": 256
    },
    {
      "type": "bitmap",
      "file": "lugin:_fonts/chest/gui_mercado.png",
      "chars": ["\uE019"],
      "ascent": 40,
      "height": 256
    },
    {
      "type": "bitmap",
      "file": "lugin:_fonts/chest/gui_mercado.png",
      "chars": ["\uE01A"],
      "ascent": 40,
      "height": 256
    },
    {
      "type": "bitmap",
      "file": "lugin:_fonts/chest/gui_recompensas.png",
      "chars": ["\uE01B"],
      "ascent": 40,
      "height": 256
    },
    {
      "type": "bitmap",
      "file": "lugin:_fonts/chest/gui_leilao.png",
      "chars": ["\uE01C"],
      "ascent": 40,
      "height": 256
    },
    {
      "type": "bitmap",
      "file": "lugin:_fonts/chest/gui_correio.png",
      "chars": ["\uE01D"],
      "ascent": 40,
      "height": 256
    }
  ]
}
