{
  "providers": [
    { "type": "space", "advances": { " ": 4 } },

    {
      "type": "bitmap",
      "file": "lugin:item/empty.png",
      "chars": ["\uE000"],
      "ascent": 7,
      "height": 8
    },
    {
      "type": "bitmap",
      "file": "lugin:item/icon_cofre_verde.png",
      "chars": ["\uE001"],
      "ascent": 7,
      "height": 8
    },
    {
      "type": "bitmap",
      "file": "lugin:item/icon_cofre_branco.png",
      "chars": ["\uE002"],
      "ascent": 7,
      "height": 8
    },
    {
      "type": "bitmap",
      "file": "lugin:item/icon_cofre_vermelho.png",
      "chars": ["\uE003"],
      "ascent": 7,
      "height": 8
    },
    {
      "type": "bitmap",
      "file": "lugin:item/icon_cofre_azul.png",
      "chars": ["\uE004"],
      "ascent": 7,
      "height": 8
    },

    {
      "type": "bitmap",
      "file": "lugin:item/skills/icone_skill_acrobacia.png",
      "chars": ["\uE005"],
      "ascent": 7,
      "height": 8
    },
    {
      "type": "bitmap",
      "file": "lugin:item/skills/icone_skill_alquimia.png",
      "chars": ["\uE006"],
      "ascent": 7,
      "height": 8
    },
    {
      "type": "bitmap",
      "file": "lugin:item/skills/icone_skill_arco.png",
      "chars": ["\uE007"],
      "ascent": 7,
      "height": 8
    },
    {
      "type": "bitmap",
      "file": "lugin:item/skills/icone_skill_escavacao.png",
      "chars": ["\uE008"],
      "ascent": 7,
      "height": 8
    },
    {
      "type": "bitmap",
      "file": "lugin:item/skills/icone_skill_herbalismo.png",
      "chars": ["\uE009"],
      "ascent": 7,
      "height": 8
    },
    {
      "type": "bitmap",
      "file": "lugin:item/skills/icone_skill_lenha.png",
      "chars": ["\uE00A"],
      "ascent": 7,
      "height": 8
    },
    {
      "type": "bitmap",
      "file": "lugin:item/skills/icone_skill_mineracao.png",
      "chars": ["\uE00B"],
      "ascent": 7,
      "height": 8
    },
    {
      "type": "bitmap",
      "file": "lugin:item/skills/icone_skill_pesca.png",
      "chars": ["\uE00C"],
      "ascent": 7,
      "height": 8
    },
    {
      "type": "bitmap",
      "file": "lugin:item/skills/icone_skill_reparacao.png",
      "chars": ["\uE00D"],
      "ascent": 7,
      "height": 8
    },
    {
      "type": "bitmap",
      "file": "lugin:item/skills/icone_skill_espada.png",
      "chars": ["\uE00E"],
      "ascent": 7,
      "height": 8
    },

    {
      "type": "bitmap",
      "file": "lugin:item/misc/icone_ajuda.png",
      "chars": ["\uE00F"],
      "ascent": 7,
      "height": 8
    },
    {
      "type": "bitmap",
      "file": "lugin:item/misc/icone_bau.png",
      "chars": ["\uE010"],
      "ascent": 7,
      "height": 8
    },
    {
      "type": "bitmap",
      "file": "lugin:item/misc/icone_capitao.png",
      "chars": ["\uE011"],
      "ascent": 7,
      "height": 8
    },
    {
      "type": "bitmap",
      "file": "lugin:item/misc/icone_desfazer_faccao.png",
      "chars": ["\uE012"],
      "ascent": 7,
      "height": 8
    },
    {
      "type": "bitmap",
      "file": "lugin:item/misc/icone_gerador.png",
      "chars": ["\uE013"],
      "ascent": 7,
      "height": 8
    },
    {
      "type": "bitmap",
      "file": "lugin:item/misc/icone_kda.png",
      "chars": ["\uE014"],
      "ascent": 7,
      "height": 8
    },
    {
      "type": "bitmap",
      "file": "lugin:item/misc/icone_kills.png",
      "chars": ["\uE015"],
      "ascent": 7,
      "height": 8
    },
    {
      "type": "bitmap",
      "file": "lugin:item/misc/icone_lider.png",
      "chars": ["\uE016"],
      "ascent": 7,
      "height": 8
    },
    {
      "type": "bitmap",
      "file": "lugin:item/misc/icone_lider2.png",
      "chars": ["\uE017"],
      "ascent": 7,
      "height": 8
    },
    {
      "type": "bitmap",
      "file": "lugin:item/misc/icone_mapa.png",
      "chars": ["\uE018"],
      "ascent": 7,
      "height": 8
    },

    {
      "type": "bitmap",
      "file": "lugin:item/misc/icone_membro.png",
      "chars": ["\uE019"],
      "ascent": 7,
      "height": 8
    },
    {
      "type": "bitmap",
      "file": "lugin:item/misc/icone_missao.png",
      "chars": ["\uE01A"],
      "ascent": 7,
      "height": 8
    },
    {
      "type": "bitmap",
      "file": "lugin:item/misc/icone_mortes.png",
      "chars": ["\uE01B"],
      "ascent": 7,
      "height": 8
    },
    {
      "type": "bitmap",
      "file": "lugin:item/misc/icone_offline.png",
      "chars": ["\uE01C"],
      "ascent": 7,
      "height": 8
    },
    {
      "type": "bitmap",
      "file": "lugin:item/misc/icone_online.png",
      "chars": ["\uE01D"],
      "ascent": 7,
      "height": 8
    },
    {
      "type": "bitmap",
      "file": "lugin:item/misc/icone_particula.png",
      "chars": ["\uE01E"],
      "ascent": 7,
      "height": 8
    },
    {
      "type": "bitmap",
      "file": "lugin:item/misc/icone_permissao.png",
      "chars": ["\uE01F"],
      "ascent": 7,
      "height": 8
    },
    {
      "type": "bitmap",
      "file": "lugin:item/misc/icone_player.png",
      "chars": ["\uE020"],
      "ascent": 7,
      "height": 8
    },
    {
      "type": "bitmap",
      "file": "lugin:item/misc/icone_player_online.png",
      "chars": ["\uE021"],
      "ascent": 7,
      "height": 8
    },
    {
      "type": "bitmap",
      "file": "lugin:item/misc/icone_poder.png",
      "chars": ["\uE022"],
      "ascent": 7,
      "height": 8
    },

    {
      "type": "bitmap",
      "file": "lugin:item/misc/icone_rank.png",
      "chars": ["\uE023"],
      "ascent": 7,
      "height": 8
    },
    {
      "type": "bitmap",
      "file": "lugin:item/misc/icone_recruta.png",
      "chars": ["\uE024"],
      "ascent": 7,
      "height": 8
    },
    {
      "type": "bitmap",
      "file": "lugin:item/misc/icone_terras.png",
      "chars": ["\uE025"],
      "ascent": 7,
      "height": 8
    },
    {
      "type": "bitmap",
      "file": "lugin:item/misc/icone_ver.png",
      "chars": ["\uE026"],
      "ascent": 7,
      "height": 8
    },
    {
      "type": "bitmap",
      "file": "lugin:item/misc/icone_ver_definir.png",
      "chars": ["\uE027"],
      "ascent": 7,
      "height": 8
    },
    {
      "type": "bitmap",
      "file": "lugin:item/misc/icone_seta_esquerda.png",
      "chars": ["\uE028"],
      "ascent": 7,
      "height": 8
    },
    {
      "type": "bitmap",
      "file": "lugin:item/misc/icone_seta_direita.png",
      "chars": ["\uE029"],
      "ascent": 7,
      "height": 8
    },
    {
      "type": "bitmap",
      "file": "lugin:item/misc/icone_bloqueado.png",
      "chars": ["\uE02A"],
      "ascent": 7,
      "height": 8
    },
    {
      "type": "bitmap",
      "file": "lugin:item/misc/icone_desbloqueado.png",
      "chars": ["\uE02B"],
      "ascent": 7,
      "height": 8
    },
    {
      "type": "bitmap",
      "file": "lugin:item/skills/icone_skill_ferreiro.png",
      "chars": ["\uE02C"],
      "ascent": 7,
      "height": 8
    },
    {
      "type": "bitmap",
      "file": "lugin:item/kits/kit_simples.png",
      "chars": ["\uE02D"],
      "ascent": 7,
      "height": 8
    },
    {
      "type": "bitmap",
      "file": "lugin:item/kits/kit_vip_campeao.png",
      "chars": ["\uE02E"],
      "ascent": 7,
      "height": 8
    },
    {
      "type": "bitmap",
      "file": "lugin:item/kits/kit_vip_heroi.png",
      "chars": ["\uE02F"],
      "ascent": 7,
      "height": 8
    },
    {
      "type": "bitmap",
      "file": "lugin:item/kits/kit_vip_lendario.png",
      "chars": ["\uE030"],
      "ascent": 7,
      "height": 8
    },
    {
      "type": "bitmap",
      "file": "lugin:item/misc/icone_bloqueado_gold.png",
      "chars": ["\uE031"],
      "ascent": 7,
      "height": 8
    },
    {
      "type": "bitmap",
      "file": "lugin:item/kits/kit_vip_supremo.png",
      "chars": ["\uE032"],
      "ascent": 7,
      "height": 8
    },
    {
      "type": "bitmap",
      "file": "lugin:item/misc/icone_faccao.png",
      "chars": ["\uE033"],
      "ascent": 7,
      "height": 8
    },
    {
      "type": "bitmap",
      "file": "lugin:item/misc/icone_certo.png",
      "chars": ["\uE034"],
      "ascent": 7,
      "height": 8
    },
    {
      "type": "bitmap",
      "file": "lugin:item/misc/icone_errado.png",
      "chars": ["\uE035"],
      "ascent": 7,
      "height": 8
    },
    {
      "type": "bitmap",
      "file": "lugin:item/misc/icone_coins.png",
      "chars": ["\uE036"],
      "ascent": 7,
      "height": 8
    },
    {
      "type": "bitmap",
      "file": "lugin:item/misc/icone_relogio.png",
      "chars": ["\uE037"],
      "ascent": 7,
      "height": 8
    },
    {
      "type": "bitmap",
      "file": "lugin:item/misc/icone_armadura.png",
      "chars": ["\uE038"],
      "ascent": 7,
      "height": 8
    },
    {
      "type": "bitmap",
      "file": "lugin:item/misc/icone_bloco.png",
      "chars": ["\uE039"],
      "ascent": 7,
      "height": 8
    },
    {
      "type": "bitmap",
      "file": "lugin:item/misc/icone_bloco_especial.png",
      "chars": ["\uE03A"],
      "ascent": 7,
      "height": 8
    },
    {
      "type": "bitmap",
      "file": "lugin:item/misc/icone_casa.png",
      "chars": ["\uE03B"],
      "ascent": 7,
      "height": 8
    },
    {
      "type": "bitmap",
      "file": "lugin:item/misc/icone_item_especial.png",
      "chars": ["\uE03C"],
      "ascent": 7,
      "height": 8
    },
    {
      "type": "bitmap",
      "file": "lugin:item/utility/catalogue.png",
      "chars": ["\uE03D"],
      "ascent": 7,
      "height": 8
    },
    {
      "type": "bitmap",
      "file": "lugin:item/utility/coins.png",
      "chars": ["\uE03E"],
      "ascent": 7,
      "height": 8
    },
    {
      "type": "bitmap",
      "file": "lugin:item/utility/compass.png",
      "chars": ["\uE03F"],
      "ascent": 7,
      "height": 8
    },
    {
      "type": "bitmap",
      "file": "lugin:item/utility/duyuru.png",
      "chars": ["\uE040"],
      "ascent": 7,
      "height": 8
    },
    {
      "type": "bitmap",
      "file": "lugin:item/utility/gear.png",
      "chars": ["\uE041"],
      "ascent": 7,
      "height": 8
    },
    {
      "type": "bitmap",
      "file": "lugin:item/utility/info.png",
      "chars": ["\uE042"],
      "ascent": 7,
      "height": 8
    },
    {
      "type": "bitmap",
      "file": "lugin:item/utility/spectator.png",
      "chars": ["\uE043"],
      "ascent": 7,
      "height": 8
    },
    {
      "type": "bitmap",
      "file": "lugin:item/misc/icone_booster.png",
      "chars": ["\uE044"],
      "ascent": 7,
      "height": 8
    },
    {
      "type": "bitmap",
      "file": "lugin:item/skills/icone_skill_lenhador.png",
      "chars": ["\uE045"],
      "ascent": 7,
      "height": 8
    },
    {
      "type": "bitmap",
      "file": "lugin:item/misc/btn_left.png",
      "chars": ["\uE046"],
      "ascent": 7,
      "height": 8
    },
    {
      "type": "bitmap",
      "file": "lugin:item/misc/btn_right.png",
      "chars": ["\uE047"],
      "ascent": 7,
      "height": 8
    },
    {
      "type": "bitmap",
      "file": "lugin:item/misc/golem_heart.png",
      "chars": ["\uE048"],
      "ascent": 7,
      "height": 8
    },
    {
      "type": "bitmap",
      "file": "lugin:item/misc/philosopher_stone.png",
      "chars": ["\uE049"],
      "ascent": 7,
      "height": 8
    }
  ]
}