{"textures":{"0":"modelengine:entity/mso_overlord","particle":"#0"},"elements":[{"from":[2.99,12.90667,3.8233302],"to":[13.01,19.92667,11.84333],"faces":{"east":{"uv":[3.0,4.25,4.0,5.125],"tintindex":0,"rotation":0,"texture":"#0"},"south":{"uv":[5.0,4.0,6.25,4.875],"tintindex":0,"rotation":0,"texture":"#0"},"north":{"uv":[5.0,0.0,6.25,0.875],"tintindex":0,"rotation":0,"texture":"#0"},"west":{"uv":[4.25,5.75,5.25,6.625],"tintindex":0,"rotation":0,"texture":"#0"},"up":{"uv":[5.0,1.0,3.75,0.0],"tintindex":0,"rotation":0,"texture":"#0"},"down":{"uv":[5.25,1.0,4.0,2.0],"tintindex":0,"rotation":0,"texture":"#0"}}},{"from":[3.0,9.91667,3.8333302],"to":[13.0,12.91667,11.83333],"faces":{"east":{"uv":[10.125,5.75,11.125,6.125],"tintindex":0,"rotation":0,"texture":"#0"},"south":{"uv":[8.375,9.5,9.625,9.875],"tintindex":0,"rotation":0,"texture":"#0"},"north":{"uv":[9.5,8.125,10.75,8.5],"tintindex":0,"rotation":0,"texture":"#0"},"west":{"uv":[10.125,6.5,11.125,6.875],"tintindex":0,"rotation":0,"texture":"#0"},"up":{"uv":[5.25,3.0,4.0,2.0],"tintindex":0,"rotation":0,"texture":"#0"},"down":{"uv":[5.25,3.0,4.0,4.0],"tintindex":0,"rotation":0,"texture":"#0"}}},{"from":[6.0,16.41667,2.8333302],"to":[10.0,20.41667,4.83333],"faces":{"east":{"uv":[3.75,1.0,4.0,1.5],"tintindex":0,"rotation":0,"texture":"#0"},"south":{"uv":[1.0,10.5,1.5,11.0],"tintindex":0,"rotation":0,"texture":"#0"},"north":{"uv":[10.375,9.125,10.875,9.625],"tintindex":0,"rotation":0,"texture":"#0"},"west":{"uv":[2.75,6.375,3.0,6.875],"tintindex":0,"rotation":0,"texture":"#0"},"up":{"uv":[11.875,10.0,11.375,9.75],"tintindex":0,"rotation":0,"texture":"#0"},"down":{"uv":[11.875,10.0,11.375,10.25],"tintindex":0,"rotation":0,"texture":"#0"}}},{"from":[6.0,19.41667,5.83333],"to":[10.0,21.41667,9.83333],"faces":{"east":{"uv":[11.375,10.625,11.875,10.875],"tintindex":0,"rotation":0,"texture":"#0"},"south":{"uv":[10.75,11.375,11.25,11.625],"tintindex":0,"rotation":0,"texture":"#0"},"north":{"uv":[10.25,11.375,10.75,11.625],"tintindex":0,"rotation":0,"texture":"#0"},"west":{"uv":[11.375,10.875,11.875,11.125],"tintindex":0,"rotation":0,"texture":"#0"},"up":{"uv":[3.375,11.0,2.875,10.5],"tintindex":0,"rotation":0,"texture":"#0"},"down":{"uv":[3.875,10.5,3.375,11.0],"tintindex":0,"rotation":0,"texture":"#0"}}},{"from":[3.99,7.9066696,4.82333],"to":[12.01,12.92667,10.84333],"faces":{"east":{"uv":[4.25,5.125,5.0,5.75],"tintindex":0,"rotation":0,"texture":"#0"},"south":{"uv":[1.375,8.75,2.375,9.375],"tintindex":0,"rotation":0,"texture":"#0"},"north":{"uv":[8.75,0.75,9.75,1.375],"tintindex":0,"rotation":0,"texture":"#0"},"west":{"uv":[9.25,3.125,10.0,3.75],"tintindex":0,"rotation":0,"texture":"#0"},"up":{"uv":[8.25,5.5,7.25,4.75],"tintindex":0,"rotation":0,"texture":"#0"},"down":{"uv":[1.875,7.375,0.875,8.125],"tintindex":0,"rotation":0,"texture":"#0"}}}],"display":{"head":{"rotation":[0.0,0.0,0.0]},"firstperson_righthand":{"rotation":[0.0,0.0,0.0]},"thirdperson_lefthand":{"rotation":[0.0,-0.0,-0.0]},"firstperson_lefthand":{"rotation":[0.0,-0.0,-0.0]},"fixed":{"rotation":[0.0,0.0,0.0]},"ground":{"rotation":[0.0,0.0,0.0]},"thirdperson_righthand":{"rotation":[0.0,0.0,0.0]},"gui":{"rotation":[-150.0,-45.0,180.0]}}}