{"textures":{"0":"modelengine:entity/mso_overlord","particle":"#0"},"elements":[{"from":[6.99,5.99,6.99],"to":[9.01,8.01,9.01],"faces":{"east":{"uv":[0.25,11.625,0.5,11.875],"tintindex":0,"rotation":0,"texture":"#0"},"south":{"uv":[0.5,11.625,0.75,11.875],"tintindex":0,"rotation":0,"texture":"#0"},"north":{"uv":[11.625,0.0,11.875,0.25],"tintindex":0,"rotation":0,"texture":"#0"},"west":{"uv":[0.75,11.625,1.0,11.875],"tintindex":0,"rotation":0,"texture":"#0"},"up":{"uv":[1.75,11.875,1.5,11.625],"tintindex":0,"rotation":0,"texture":"#0"},"down":{"uv":[2.0,11.625,1.75,11.875],"tintindex":0,"rotation":0,"texture":"#0"}}}],"display":{"head":{"rotation":[0.0,0.0,0.0]},"firstperson_righthand":{"rotation":[0.0,0.0,0.0]},"thirdperson_lefthand":{"rotation":[0.0,-0.0,-0.0]},"firstperson_lefthand":{"rotation":[0.0,-0.0,-0.0]},"fixed":{"rotation":[0.0,0.0,0.0]},"ground":{"rotation":[0.0,0.0,0.0]},"thirdperson_righthand":{"rotation":[0.0,0.0,0.0]},"gui":{"rotation":[-150.0,-45.0,180.0]}}}