{"textures":{"0":"modelengine:entity/mso_overlord","particle":"#0"},"elements":[{"from":[6.99,5.99,6.99],"to":[9.01,8.01,9.01],"faces":{"east":{"uv":[6.125,9.5,6.375,9.75],"tintindex":0,"rotation":0,"texture":"#0"},"south":{"uv":[9.375,9.875,9.625,10.125],"tintindex":0,"rotation":0,"texture":"#0"},"north":{"uv":[8.75,6.125,9.0,6.375],"tintindex":0,"rotation":0,"texture":"#0"},"west":{"uv":[9.375,10.125,9.625,10.375],"tintindex":0,"rotation":0,"texture":"#0"},"up":{"uv":[1.75,10.75,1.5,10.5],"tintindex":0,"rotation":0,"texture":"#0"},"down":{"uv":[9.0,10.625,8.75,10.875],"tintindex":0,"rotation":0,"texture":"#0"}}}],"display":{"head":{"rotation":[0.0,0.0,0.0]},"firstperson_righthand":{"rotation":[0.0,0.0,0.0]},"thirdperson_lefthand":{"rotation":[0.0,-0.0,-0.0]},"firstperson_lefthand":{"rotation":[0.0,-0.0,-0.0]},"fixed":{"rotation":[0.0,0.0,0.0]},"ground":{"rotation":[0.0,0.0,0.0]},"thirdperson_righthand":{"rotation":[0.0,0.0,0.0]},"gui":{"rotation":[-150.0,-45.0,180.0]}}}