{"textures":{"0":"modelengine:entity/mso_overlord","particle":"#0"},"elements":[{"from":[5.99,-1.0814302,6.56143],"to":[10.01,6.93857,10.58143],"faces":{"east":{"uv":[0.5,9.25,1.0,10.25],"tintindex":0,"rotation":0,"texture":"#0"},"south":{"uv":[7.875,9.0,8.375,10.0],"tintindex":0,"rotation":0,"texture":"#0"},"north":{"uv":[9.125,4.375,9.625,5.375],"tintindex":0,"rotation":0,"texture":"#0"},"west":{"uv":[0.0,9.125,0.5,10.125],"tintindex":0,"rotation":0,"texture":"#0"},"up":{"uv":[5.25,11.375,4.75,10.875],"tintindex":0,"rotation":0,"texture":"#0"},"down":{"uv":[9.25,10.875,8.75,11.375],"tintindex":0,"rotation":0,"texture":"#0"}}}],"display":{"head":{"rotation":[0.0,0.0,0.0]},"firstperson_righthand":{"rotation":[0.0,0.0,0.0]},"thirdperson_lefthand":{"rotation":[0.0,-0.0,-0.0]},"firstperson_lefthand":{"rotation":[0.0,-0.0,-0.0]},"fixed":{"rotation":[0.0,0.0,0.0]},"ground":{"rotation":[0.0,0.0,0.0]},"thirdperson_righthand":{"rotation":[0.0,0.0,0.0]},"gui":{"rotation":[-150.0,-45.0,180.0]}}}