{
  "credit": "Made with Blockbench",
  "texture_size": [8, 8],
  "textures": {
    "0": "lugin:item/mve_crimson/crimson_sword",
    "2": "lugin:item/mve_crimson/crimson_golden_heart_anim",
    "particle": "lugin:item/mve_crimson/crimson_sword_e"
  },
  "elements": [
    {
      "from": [7.5, 0, 7.5],
      "to": [8.5, 4, 8.5],
      "rotation": { "angle": 0, "axis": "y", "origin": [8, 0, 8] },
      "faces": {
        "north": { "uv": [5, 8, 5.5, 10], "texture": "#0" },
        "east": { "uv": [5.5, 8, 6, 10], "texture": "#0" },
        "south": { "uv": [7.5, 8, 8, 10], "texture": "#0" },
        "west": { "uv": [8.5, 1.5, 9, 3.5], "texture": "#0" },
        "up": { "uv": [10, 1.5, 9.5, 1], "texture": "#0" },
        "down": { "uv": [6, 10, 5.5, 10.5], "texture": "#0" }
      }
    },
    {
      "from": [8, 3.5, 8.5],
      "to": [8, 7, 12.5],
      "rotation": { "angle": 0, "axis": "y", "origin": [8, 3.5, 8.5] },
      "faces": {
        "north": { "uv": [0, 0, 0, 1.75], "texture": "#0" },
        "east": { "uv": [2.5, 6, 4.5, 7.75], "texture": "#0" },
        "south": { "uv": [0, 0, 0, 1.75], "texture": "#0" },
        "west": { "uv": [4.5, 6, 2.5, 7.75], "texture": "#0" },
        "up": { "uv": [0, 2, 0, 0], "texture": "#0" },
        "down": { "uv": [0, 0, 0, 2], "texture": "#0" }
      }
    },
    {
      "from": [7.375, 3.875, 7.375],
      "to": [8.625, 5.625, 9.625],
      "rotation": { "angle": -22.5, "axis": "x", "origin": [8, 4, 8.5] },
      "faces": {
        "north": { "uv": [1, 10, 1.5, 10.75], "texture": "#0" },
        "east": { "uv": [9, 1.5, 10, 2.25], "texture": "#0" },
        "south": { "uv": [10, 1, 10.5, 1.75], "texture": "#0" },
        "west": { "uv": [9, 2.5, 10, 3.25], "texture": "#0" },
        "up": { "uv": [4.5, 10.5, 4, 9.5], "texture": "#0" },
        "down": { "uv": [5, 9.5, 4.5, 10.5], "texture": "#0" }
      }
    },
    {
      "from": [7.575, 4.43052, 8.53936],
      "to": [8.425, 6.93052, 9.53936],
      "rotation": {
        "angle": 22.5,
        "axis": "x",
        "origin": [7.5, 4.43052, 9.53936]
      },
      "faces": {
        "north": { "uv": [8, 8.5, 8.5, 9.75], "texture": "#0" },
        "east": { "uv": [9, 3.5, 9.5, 4.75], "texture": "#0" },
        "south": { "uv": [9, 5, 9.5, 6.25], "texture": "#0" },
        "west": { "uv": [9, 6.5, 9.5, 7.75], "texture": "#0" },
        "up": { "uv": [10.5, 9, 10, 8.5], "texture": "#0" },
        "down": { "uv": [10.5, 9, 10, 9.5], "texture": "#0" }
      }
    },
    {
      "from": [7.7, 6.74022, 9.49607],
      "to": [8.3, 8.74022, 10.49607],
      "rotation": {
        "angle": 0,
        "axis": "y",
        "origin": [7.5, 6.74022, 10.49607]
      },
      "faces": {
        "north": { "uv": [10.5, 0, 10.75, 1], "texture": "#0" },
        "east": { "uv": [10, 7, 9.5, 8], "texture": "#0" },
        "south": { "uv": [10.5, 1, 10.75, 2], "texture": "#0" },
        "west": { "uv": [9.5, 7, 10, 8], "texture": "#0" },
        "up": { "uv": [10.75, 7.5, 10.5, 7], "texture": "#0" },
        "down": { "uv": [10.75, 7.5, 10.5, 8], "texture": "#0" }
      }
    },
    {
      "from": [7.75, 6.25, 5.15],
      "to": [8.25, 21.75, 9.65],
      "rotation": { "angle": 0, "axis": "y", "origin": [8, 6.75, 6.9] },
      "faces": {
        "north": { "uv": [6.5, 4, 6.75, 11.75], "texture": "#0" },
        "east": { "uv": [13.75, 0, 16, 7.75], "texture": "#0" },
        "south": { "uv": [7, 4, 7.25, 11.75], "texture": "#0" },
        "west": { "uv": [16, 0, 13.75, 7.75], "texture": "#0" },
        "up": { "uv": [9.25, 10.25, 9, 8], "texture": "#0" },
        "down": { "uv": [9.75, 3.5, 9.5, 5.75], "texture": "#0" }
      }
    },
    {
      "from": [7.75, 6.25, 4.15],
      "to": [8.25, 19.75, 5.15],
      "rotation": { "angle": 0, "axis": "y", "origin": [8, 6.75, 6.9] },
      "faces": {
        "north": { "uv": [8, 1.5, 8.25, 8.25], "texture": "#0" },
        "east": { "uv": [6, 4, 6.5, 10.75], "texture": "#0" },
        "south": { "uv": [2.5, 8, 2.75, 14.75], "texture": "#0" },
        "west": { "uv": [6.5, 4, 6, 10.75], "texture": "#0" },
        "up": { "uv": [10.75, 8.5, 10.5, 8], "texture": "#0" },
        "down": { "uv": [10.75, 8.5, 10.5, 9], "texture": "#0" }
      }
    },
    {
      "from": [7.75, 6.25, 9.65],
      "to": [8.25, 21.75, 12.15],
      "rotation": { "angle": 0, "axis": "y", "origin": [8, 6.75, 6.9] },
      "faces": {
        "north": { "uv": [7.5, 0, 7.75, 7.75], "texture": "#0" },
        "east": { "uv": [4.5, 0, 5.75, 7.75], "texture": "#0" },
        "south": { "uv": [0, 8, 0.25, 15.75], "texture": "#0" },
        "west": { "uv": [5.75, 0, 4.5, 7.75], "texture": "#0" },
        "up": { "uv": [5.25, 11.25, 5, 10], "texture": "#0" },
        "down": { "uv": [10.25, 5, 10, 6.25], "texture": "#0" }
      }
    },
    {
      "from": [7.625, 5.125, 6.375],
      "to": [8.375, 13.375, 9.125],
      "rotation": { "angle": 0, "axis": "y", "origin": [7.625, 5.125, 7.625] },
      "faces": {
        "north": { "uv": [8.5, 3.5, 8.75, 7.5], "texture": "#0" },
        "east": { "uv": [6, 0, 7.25, 4], "texture": "#0" },
        "south": { "uv": [8.5, 7.5, 8.75, 11.5], "texture": "#0" },
        "west": { "uv": [7.25, 0, 6, 4], "texture": "#0" },
        "up": { "uv": [1.75, 11.25, 1.5, 10], "texture": "#0" },
        "down": { "uv": [2.25, 10, 2, 11.25], "texture": "#0" }
      }
    },
    {
      "from": [8, 7.25, 1.65],
      "to": [8, 9.25, 5.15],
      "rotation": { "angle": -45, "axis": "x", "origin": [8, 9.25, 5.15] },
      "faces": {
        "north": { "uv": [0, 0, 0, 1], "texture": "#0" },
        "east": { "uv": [0.5, 8, 2.25, 9], "texture": "#0" },
        "south": { "uv": [0, 0, 0, 1], "texture": "#0" },
        "west": { "uv": [2.25, 8, 0.5, 9], "texture": "#0" },
        "up": { "uv": [0, 1.75, 0, 0], "texture": "#0" },
        "down": { "uv": [0, 0, 0, 1.75], "texture": "#0" }
      }
    },
    {
      "from": [7.75, 4.25, 5.15],
      "to": [8.25, 6.25, 6.65],
      "rotation": { "angle": 0, "axis": "y", "origin": [7.75, 6.25, 6.65] },
      "faces": {
        "north": { "uv": [10, 6.5, 10.25, 7.5], "texture": "#0" },
        "east": { "uv": [0.5, 9, 1.25, 10], "texture": "#0" },
        "south": { "uv": [7.5, 10, 7.75, 11], "texture": "#0" },
        "west": { "uv": [1.25, 9, 0.5, 10], "texture": "#0" },
        "up": { "uv": [10.75, 2.75, 10.5, 2], "texture": "#0" },
        "down": { "uv": [10.75, 3, 10.5, 3.75], "texture": "#0" }
      }
    },
    {
      "from": [7.7625, 4, 6.75],
      "to": [8.2375, 6.5, 8.75],
      "rotation": { "angle": -45, "axis": "x", "origin": [7.75, 6.5, 6.75] },
      "faces": {
        "north": { "uv": [10, 2, 10.25, 3.25], "texture": "#0" },
        "east": { "uv": [4, 8, 5, 9.25], "texture": "#0" },
        "south": { "uv": [10, 3.5, 10.25, 4.75], "texture": "#0" },
        "west": { "uv": [4, 8, 5, 9.25], "texture": "#0" },
        "up": { "uv": [9.75, 11, 9.5, 10], "texture": "#0" },
        "down": { "uv": [10.25, 9.5, 10, 10.5], "texture": "#0" }
      }
    },
    {
      "from": [7.7375, 2.25, 5.15],
      "to": [8.2625, 4.25, 6.65],
      "rotation": { "angle": -45, "axis": "x", "origin": [7.5, 4.25, 5.15] },
      "faces": {
        "north": { "uv": [10, 7.5, 10.25, 8.5], "texture": "#0" },
        "east": { "uv": [1.5, 9, 2.25, 10], "texture": "#0" },
        "south": { "uv": [8, 10, 8.25, 11], "texture": "#0" },
        "west": { "uv": [2.25, 9, 1.5, 10], "texture": "#0" },
        "up": { "uv": [4.25, 11.25, 4, 10.5], "texture": "#0" },
        "down": { "uv": [10.75, 4, 10.5, 4.75], "texture": "#0" }
      }
    },
    {
      "from": [7.7375, 18.75, 5.15],
      "to": [8.2625, 30.75, 8.65],
      "rotation": { "angle": 45, "axis": "x", "origin": [7.5, 21.75, 5.15] },
      "faces": {
        "north": { "uv": [3, 8, 3.25, 14], "texture": "#0" },
        "east": { "uv": [2.5, 0, 4.25, 6], "texture": "#0" },
        "south": { "uv": [3.5, 8, 3.75, 14], "texture": "#0" },
        "west": { "uv": [4.25, 0, 2.5, 6], "texture": "#0" },
        "up": { "uv": [9.75, 9.75, 9.5, 8], "texture": "#0" },
        "down": { "uv": [0.75, 10, 0.5, 11.75], "texture": "#0" }
      }
    },
    {
      "from": [7.75, -1.5, 7],
      "to": [8.25, 0, 8.5],
      "rotation": { "angle": 22.5, "axis": "x", "origin": [7.75, 0, 8.5] },
      "faces": {
        "north": { "uv": [4.5, 10.5, 4.75, 11.25], "texture": "#0" },
        "east": { "uv": [9.5, 0, 10.25, 0.75], "texture": "#0" },
        "south": { "uv": [10.5, 5, 10.75, 5.75], "texture": "#0" },
        "west": { "uv": [9.5, 0, 10.25, 0.75], "texture": "#0" },
        "up": { "uv": [5.75, 11.25, 5.5, 10.5], "texture": "#0" },
        "down": { "uv": [10.75, 6, 10.5, 6.75], "texture": "#0" }
      }
    },
    {
      "from": [8, -3, 6.75],
      "to": [8, 0, 9.25],
      "rotation": { "angle": 0, "axis": "y", "origin": [8, 0, 8] },
      "faces": {
        "north": { "uv": [0, 0, 0, 1.5], "texture": "#0" },
        "east": { "uv": [8, 0, 9.25, 1.5], "texture": "#0" },
        "south": { "uv": [0, 0, 0, 1.5], "texture": "#0" },
        "west": { "uv": [9.25, 0, 8, 1.5], "texture": "#0" },
        "up": { "uv": [0, 1.25, 0, 0], "texture": "#0" },
        "down": { "uv": [0, 0, 0, 1.25], "texture": "#0" }
      }
    },
    {
      "name": "1",
      "from": [7.25, 4.25, 7.75],
      "to": [8.75, 6.25, 9.25],
      "rotation": { "angle": 22.5, "axis": "x", "origin": [8, 5.25, 8.5] },
      "faces": {
        "north": { "uv": [0, 0, 3, 4], "texture": "#2" },
        "east": { "uv": [3, 0, 6, 4], "texture": "#2" },
        "south": { "uv": [0, 4, 3, 8], "texture": "#2" },
        "west": { "uv": [3, 4, 6, 8], "texture": "#2" },
        "up": { "uv": [7, 6, 6, 3], "texture": "#2" },
        "down": { "uv": [7, 0, 6, 3], "texture": "#2" }
      }
    },
    {
      "name": "2",
      "from": [7.125, 4.125, 7.625],
      "to": [8.875, 6.375, 9.375],
      "rotation": { "angle": 22.5, "axis": "x", "origin": [8, 5.25, 8.5] },
      "faces": {
        "north": { "uv": [9, 0, 12, 4], "texture": "#2" },
        "east": { "uv": [12, 0, 15, 4], "texture": "#2" },
        "south": { "uv": [9, 4, 12, 8], "texture": "#2" },
        "west": { "uv": [12, 4, 15, 8], "texture": "#2" },
        "up": { "uv": [16, 6, 15, 3], "texture": "#2" },
        "down": { "uv": [16, 0, 15, 3], "texture": "#2" }
      }
    },
    {
      "name": "3",
      "from": [7.3, 4.3, 7.8],
      "to": [8.7, 6.2, 9.2],
      "rotation": { "angle": 22.5, "axis": "x", "origin": [8, 5.25, 8.5] },
      "faces": {
        "north": { "uv": [0, 8, 3, 12], "texture": "#2" },
        "east": { "uv": [3, 8, 6, 12], "texture": "#2" },
        "south": { "uv": [0, 12, 3, 16], "texture": "#2" },
        "west": { "uv": [3, 12, 6, 16], "texture": "#2" },
        "up": { "uv": [7, 14, 6, 11], "texture": "#2" },
        "down": { "uv": [7, 8, 6, 11], "texture": "#2" }
      }
    },
    {
      "name": "4",
      "from": [7.25, 4.25, 7.75],
      "to": [8.75, 6.25, 9.25],
      "rotation": { "angle": 22.5, "axis": "x", "origin": [8, 5.25, 8.5] },
      "faces": {
        "north": { "uv": [9, 8, 12, 12], "texture": "#2" },
        "east": { "uv": [12, 8, 15, 12], "texture": "#2" },
        "south": { "uv": [9, 12, 12, 16], "texture": "#2" },
        "west": { "uv": [12, 12, 15, 16], "texture": "#2" },
        "up": { "uv": [16, 14, 15, 11], "texture": "#2" },
        "down": { "uv": [16, 8, 15, 11], "texture": "#2" }
      }
    }
  ],
  "gui_light": "front",
  "display": {
    "thirdperson_righthand": { "translation": [0, 10, 2], "scale": [2, 2, 2] },
    "thirdperson_lefthand": { "translation": [0, 10, 2], "scale": [2, 2, 2] },
    "firstperson_righthand": {
      "rotation": [-19, 0, 0],
      "translation": [1.25, 2.75, 0],
      "scale": [0.5, 0.5, 0.5]
    },
    "firstperson_lefthand": {
      "rotation": [-19, 0, 0],
      "translation": [1.25, 2.75, 0],
      "scale": [0.5, 0.5, 0.5]
    },
    "ground": {
      "rotation": [10, 0, 0],
      "translation": [0, 7, 0],
      "scale": [0.8, 0.8, 0.8]
    },
    "gui": {
      "rotation": [40.9, 38.97, -54.05],
      "translation": [-2.5, -1.75, 0],
      "scale": [0.65, 0.65, 0.65]
    },
    "fixed": {
      "rotation": [0, -90, 0],
      "translation": [0, -2.75, 0],
      "scale": [0.6, 0.6, 0.6]
    }
  },
  "groups": [
    0,
    1,
    2,
    3,
    4,
    5,
    6,
    7,
    8,
    9,
    10,
    11,
    12,
    13,
    14,
    15,
    {
      "name": "heart",
      "origin": [8, 5, 8.5],
      "color": 0,
      "children": [16, 17, 18, 19]
    }
  ]
}
