{
  "credit": "Made with Blockbench",
  "texture_size": [8, 8],
  "textures": {
    "0": "lugin:item/mve_crimson/crimson_greataxe",
    "2": "lugin:item/mve_crimson/crimson_golden_heart_anim",
    "particle": "lugin:item/mve_crimson/crimson_greataxe_e"
  },
  "elements": [
    {
      "from": [7.5, -6.5, 7.5],
      "to": [8.5, 9.5, 8.5],
      "rotation": { "angle": 0, "axis": "y", "origin": [8, -6.5, 8] },
      "faces": {
        "north": { "uv": [0, 3.75, 0.5, 11.75], "texture": "#0" },
        "east": { "uv": [0.5, 3.75, 1, 11.75], "texture": "#0" },
        "south": { "uv": [1, 3.75, 1.5, 11.75], "texture": "#0" },
        "west": { "uv": [1.5, 3.75, 2, 11.75], "texture": "#0" },
        "up": { "uv": [4.5, 3.75, 4, 3.25], "texture": "#0" },
        "down": { "uv": [5, 3.25, 4.5, 3.75], "texture": "#0" }
      }
    },
    {
      "from": [8, -10, 5],
      "to": [8, 3, 11],
      "rotation": { "angle": 0, "axis": "y", "origin": [8, -7, 8] },
      "faces": {
        "north": { "uv": [0.25, 0.25, 0.5, 0.5], "texture": "#0" },
        "east": { "uv": [10.75, 9.5, 13.75, 16], "texture": "#0" },
        "south": { "uv": [0.25, 0.25, 0.5, 0.5], "texture": "#0" },
        "west": { "uv": [13.75, 9.5, 10.75, 16], "texture": "#0" },
        "up": { "uv": [0.25, 0.25, 0.5, 0.5], "texture": "#0" },
        "down": { "uv": [0.25, 0.25, 0.5, 0.5], "texture": "#0" }
      }
    },
    {
      "from": [7.25, 7.38319, 8.76951],
      "to": [8.75, 9.88319, 9.76951],
      "rotation": {
        "angle": 22.5,
        "axis": "x",
        "origin": [8, 9.43496, 8.98918]
      },
      "faces": {
        "north": { "uv": [5, 1.5, 5.75, 2.75], "texture": "#0" },
        "east": { "uv": [4.5, 1.5, 5, 2.75], "texture": "#0" },
        "south": { "uv": [5.75, 1.5, 6.5, 2.75], "texture": "#0" },
        "west": { "uv": [6.5, 1.5, 7, 2.75], "texture": "#0" },
        "up": { "uv": [5.25, 1.5, 4.5, 1], "texture": "#0" },
        "down": { "uv": [6, 1, 5.25, 1.5], "texture": "#0" }
      }
    },
    {
      "from": [7.5, 9.20013, 8.8579],
      "to": [8.5, 11.20013, 9.8579],
      "rotation": {
        "angle": -22.5,
        "axis": "x",
        "origin": [8, 9.43496, 8.98918]
      },
      "faces": {
        "north": { "uv": [1.25, 1.75, 1.75, 2.75], "texture": "#0" },
        "east": { "uv": [1.75, 1.75, 2.25, 2.75], "texture": "#0" },
        "south": { "uv": [2.25, 1.75, 2.75, 2.75], "texture": "#0" },
        "west": { "uv": [2.75, 1.75, 3.25, 2.75], "texture": "#0" },
        "up": { "uv": [1.75, 1.75, 1.25, 1.25], "texture": "#0" },
        "down": { "uv": [2.25, 1.25, 1.75, 1.75], "texture": "#0" }
      }
    },
    {
      "from": [7.375, 7.5, 6],
      "to": [8.625, 14.5, 9.5],
      "rotation": { "angle": 0, "axis": "y", "origin": [8.625, 8.75, 8.5] },
      "faces": {
        "north": { "uv": [0.25, 0.25, 0.5, 0.5], "texture": "#0" },
        "east": { "uv": [4.25, 12.5, 6, 16], "texture": "#0" },
        "south": { "uv": [0.25, 0.25, 0.5, 0.5], "texture": "#0" },
        "west": { "uv": [6, 12.5, 4.25, 16], "texture": "#0" },
        "up": { "uv": [0.25, 0.25, 0.5, 0.5], "texture": "#0" },
        "down": { "uv": [0.25, 0.25, 0.5, 0.5], "texture": "#0" }
      }
    },
    {
      "from": [7.375, -7.625, 7.375],
      "to": [8.625, -6.375, 8.625],
      "rotation": { "angle": 45, "axis": "x", "origin": [8, -7, 8] },
      "faces": {
        "north": { "uv": [8, 0, 8.5, 0.5], "texture": "#0" },
        "east": { "uv": [8, 0.5, 8.5, 1], "texture": "#0" },
        "south": { "uv": [8, 1, 8.5, 1.5], "texture": "#0" },
        "west": { "uv": [8, 3, 8.5, 3.5], "texture": "#0" },
        "up": { "uv": [8.5, 4, 8, 3.5], "texture": "#0" },
        "down": { "uv": [8.5, 4, 8, 4.5], "texture": "#0" }
      }
    },
    {
      "from": [7.75, 10.5, 2.5],
      "to": [8.25, 12, 8],
      "rotation": { "angle": 0, "axis": "y", "origin": [8, -3.5, 7.5] },
      "faces": {
        "north": { "uv": [8, 5.25, 8.25, 6], "texture": "#0" },
        "east": { "uv": [16, 4.75, 13.25, 5.5], "texture": "#0" },
        "south": { "uv": [8, 6, 8.25, 6.75], "texture": "#0" },
        "west": { "uv": [13.25, 4.75, 16, 5.5], "texture": "#0" },
        "up": { "uv": [4.5, 9, 4.25, 6.25], "texture": "#0" },
        "down": { "uv": [4.75, 6.25, 4.5, 9], "texture": "#0" }
      }
    },
    {
      "from": [7.7375, 10, 1.5],
      "to": [8.2625, 17.5, 5.5],
      "rotation": { "angle": 22.5, "axis": "x", "origin": [7.5, 12, 2.5] },
      "faces": {
        "north": { "uv": [3.75, 6.25, 4, 10], "texture": "#0" },
        "east": { "uv": [16, 12.25, 14, 16], "texture": "#0" },
        "south": { "uv": [4, 6.25, 4.25, 10], "texture": "#0" },
        "west": { "uv": [14, 12.25, 16, 16], "texture": "#0" },
        "up": { "uv": [7.5, 5, 7.25, 3], "texture": "#0" },
        "down": { "uv": [3.5, 7.25, 3.25, 9.25], "texture": "#0" }
      }
    },
    {
      "from": [7.75, 7, 2.5],
      "to": [8.25, 10.5, 5.5],
      "rotation": { "angle": 0, "axis": "y", "origin": [8, -5.5, 7.5] },
      "faces": {
        "north": { "uv": [5, 7.5, 5.25, 9.25], "texture": "#0" },
        "east": { "uv": [13.75, 7.25, 12.25, 9], "texture": "#0" },
        "south": { "uv": [5.25, 7.5, 5.5, 9.25], "texture": "#0" },
        "west": { "uv": [12.25, 7.25, 13.75, 9], "texture": "#0" },
        "up": { "uv": [8, 1.5, 7.75, 0], "texture": "#0" },
        "down": { "uv": [2.25, 7.75, 2, 9.25], "texture": "#0" }
      }
    },
    {
      "from": [7.75, 7, 1.5],
      "to": [8.25, 11.5, 2.5],
      "rotation": { "angle": 0, "axis": "y", "origin": [8, -5.5, 4.5] },
      "faces": {
        "north": { "uv": [0.25, 0.25, 0.5, 0.5], "texture": "#0" },
        "east": { "uv": [10, 0.25, 9.5, 2.5], "texture": "#0" },
        "south": { "uv": [0.25, 0.25, 0.5, 0.5], "texture": "#0" },
        "west": { "uv": [9.5, 0.25, 10, 2.5], "texture": "#0" },
        "up": { "uv": [0.25, 0.25, 0.5, 0.5], "texture": "#0" },
        "down": { "uv": [0.25, 0.25, 0.5, 0.5], "texture": "#0" }
      }
    },
    {
      "from": [7.75, 7, 13.5],
      "to": [8.25, 11.5, 14.5],
      "rotation": { "angle": 0, "axis": "y", "origin": [8, -5.5, 11.5] },
      "faces": {
        "north": { "uv": [0.5, 0.25, 0.25, 0.5], "texture": "#0" },
        "east": { "uv": [9.5, 0.25, 10, 2.5], "texture": "#0" },
        "south": { "uv": [0.5, 0.25, 0.25, 0.5], "texture": "#0" },
        "west": { "uv": [10, 0.25, 9.5, 2.5], "texture": "#0" },
        "up": { "uv": [0.25, 0.5, 0.5, 0.25], "texture": "#0" },
        "down": { "uv": [0.25, 0.5, 0.5, 0.25], "texture": "#0" }
      }
    },
    {
      "from": [7.7375, 5, 2.5],
      "to": [8.2625, 7, 6],
      "rotation": { "angle": -22.5, "axis": "x", "origin": [7.5, 7, 2.5] },
      "faces": {
        "north": { "uv": [7.75, 3, 8, 4], "texture": "#0" },
        "east": { "uv": [11.75, 4.5, 10, 5.5], "texture": "#0" },
        "south": { "uv": [7.75, 4, 8, 5], "texture": "#0" },
        "west": { "uv": [10, 4.5, 11.75, 5.5], "texture": "#0" },
        "up": { "uv": [5.75, 9.25, 5.5, 7.5], "texture": "#0" },
        "down": { "uv": [7.75, 6, 7.5, 7.75], "texture": "#0" }
      }
    },
    {
      "from": [7.7375, 3.5, 4],
      "to": [8.2625, 5, 6],
      "rotation": { "angle": -22.5, "axis": "x", "origin": [7.5, 7, 2.5] },
      "faces": {
        "north": { "uv": [8, 6.75, 8.25, 7.5], "texture": "#0" },
        "east": { "uv": [14.5, 1.25, 13.5, 2], "texture": "#0" },
        "south": { "uv": [7, 8, 7.25, 8.75], "texture": "#0" },
        "west": { "uv": [13.5, 1.25, 14.5, 2], "texture": "#0" },
        "up": { "uv": [8, 7, 7.75, 6], "texture": "#0" },
        "down": { "uv": [8, 7, 7.75, 8], "texture": "#0" }
      }
    },
    {
      "from": [7.725, 0.60581, 5.57297],
      "to": [8.275, 5.10581, 7.07297],
      "rotation": {
        "angle": 22.5,
        "axis": "x",
        "origin": [7.5, 5.10581, 7.07297]
      },
      "faces": {
        "north": { "uv": [6, 9.25, 5.75, 7], "rotation": 180, "texture": "#0" },
        "east": {
          "uv": [11.5, 8.75, 9.25, 9.5],
          "rotation": 90,
          "texture": "#0"
        },
        "south": { "uv": [6.25, 7, 6, 9.25], "texture": "#0" },
        "west": {
          "uv": [9.25, 8.75, 11.5, 9.5],
          "rotation": 270,
          "texture": "#0"
        },
        "up": { "uv": [8, 7.5, 8.25, 8.25], "texture": "#0" },
        "down": { "uv": [7.25, 8, 7.5, 8.75], "rotation": 180, "texture": "#0" }
      }
    },
    {
      "from": [7.75, 3.65224, 1.76537],
      "to": [8.25, 5.15224, 6.26537],
      "rotation": {
        "angle": -45,
        "axis": "x",
        "origin": [7.5, 5.15224, 3.26537]
      },
      "faces": {
        "north": { "uv": [6.25, 8, 6.5, 8.75], "texture": "#0" },
        "east": { "uv": [10.25, 12.5, 8, 13.25], "texture": "#0" },
        "south": { "uv": [6.5, 8, 6.75, 8.75], "texture": "#0" },
        "west": { "uv": [8, 12.5, 10.25, 13.25], "texture": "#0" },
        "up": { "uv": [7, 8.25, 6.75, 6], "texture": "#0" },
        "down": { "uv": [7.25, 3, 7, 5.25], "texture": "#0" }
      }
    },
    {
      "from": [7.75, 12, 6.75],
      "to": [8.25, 16.5, 9.25],
      "rotation": { "angle": 0, "axis": "y", "origin": [8, 10.5, 8] },
      "faces": {
        "north": { "uv": [4.75, 6.25, 5, 8.5], "texture": "#0" },
        "east": { "uv": [16, 0, 14.75, 2.25], "texture": "#0" },
        "south": { "uv": [6.75, 3, 7, 5.25], "texture": "#0" },
        "west": { "uv": [14.75, 0, 16, 2.25], "texture": "#0" },
        "up": { "uv": [7.75, 8.5, 7.5, 7.75], "texture": "#0" },
        "down": { "uv": [8.25, 4.5, 8, 5.25], "texture": "#0" }
      }
    },
    {
      "from": [7.5125, 9.5, 7],
      "to": [8.4875, 11.5, 9],
      "rotation": { "angle": 45, "axis": "x", "origin": [8, 10.5, 8] },
      "faces": {
        "north": { "uv": [7, 6, 7.5, 7], "texture": "#0" },
        "east": { "uv": [5.75, 6, 6.75, 7], "texture": "#0" },
        "south": { "uv": [6.25, 7, 6.75, 8], "texture": "#0" },
        "west": { "uv": [2.75, 6.25, 3.75, 7.25], "texture": "#0" },
        "up": { "uv": [7.5, 8, 7, 7], "texture": "#0" },
        "down": { "uv": [3.25, 7.25, 2.75, 8.25], "texture": "#0" }
      }
    },
    {
      "from": [7.7625, 7.14645, 5.43934],
      "to": [8.2375, 10.64645, 6.93934],
      "rotation": {
        "angle": 22.5,
        "axis": "x",
        "origin": [7.5, 10.64645, 7.43934]
      },
      "faces": {
        "north": { "uv": [3.5, 7.25, 3.75, 9], "texture": "#0" },
        "east": { "uv": [12, 1.75, 11.25, 3.5], "texture": "#0" },
        "south": { "uv": [7.5, 3, 7.75, 4.75], "texture": "#0" },
        "west": { "uv": [11.25, 1.75, 12, 3.5], "texture": "#0" },
        "up": { "uv": [2.5, 8.5, 2.25, 7.75], "texture": "#0" },
        "down": { "uv": [2.75, 7.75, 2.5, 8.5], "texture": "#0" }
      }
    },
    {
      "from": [7.75, 10.5, 8],
      "to": [8.25, 12, 13.5],
      "rotation": { "angle": 0, "axis": "y", "origin": [8, -3.5, 8.5] },
      "faces": {
        "north": { "uv": [8.25, 6, 8, 6.75], "texture": "#0" },
        "east": { "uv": [13.25, 4.75, 16, 5.5], "texture": "#0" },
        "south": { "uv": [8.25, 5.25, 8, 6], "texture": "#0" },
        "west": { "uv": [16, 4.75, 13.25, 5.5], "texture": "#0" },
        "up": { "uv": [4.5, 6.25, 4.25, 9], "texture": "#0" },
        "down": { "uv": [4.75, 9, 4.5, 6.25], "texture": "#0" }
      }
    },
    {
      "from": [7.75, 7, 10.5],
      "to": [8.25, 10.5, 13.5],
      "rotation": { "angle": 0, "axis": "y", "origin": [8, -5.5, 8.5] },
      "faces": {
        "north": { "uv": [5.5, 7.5, 5.25, 9.25], "texture": "#0" },
        "east": { "uv": [12.25, 7.25, 13.75, 9], "texture": "#0" },
        "south": { "uv": [5.25, 7.5, 5, 9.25], "texture": "#0" },
        "west": { "uv": [13.75, 7.25, 12.25, 9], "texture": "#0" },
        "up": { "uv": [8, 0, 7.75, 1.5], "texture": "#0" },
        "down": { "uv": [2.25, 9.25, 2, 7.75], "texture": "#0" }
      }
    },
    {
      "from": [7.7375, 5, 10],
      "to": [8.2625, 7, 13.5],
      "rotation": { "angle": 22.5, "axis": "x", "origin": [7.5, 7, 13.5] },
      "faces": {
        "north": { "uv": [8, 4, 7.75, 5], "texture": "#0" },
        "east": { "uv": [10, 4.5, 11.75, 5.5], "texture": "#0" },
        "south": { "uv": [8, 3, 7.75, 4], "texture": "#0" },
        "west": { "uv": [11.75, 4.5, 10, 5.5], "texture": "#0" },
        "up": { "uv": [5.75, 7.5, 5.5, 9.25], "texture": "#0" },
        "down": { "uv": [7.75, 7.75, 7.5, 6], "texture": "#0" }
      }
    },
    {
      "from": [7.7375, 10, 10.5],
      "to": [8.2625, 17.5, 14.5],
      "rotation": { "angle": -22.5, "axis": "x", "origin": [7.5, 12, 13.5] },
      "faces": {
        "north": { "uv": [4.25, 6.25, 4, 10], "texture": "#0" },
        "east": { "uv": [14, 12.25, 16, 16], "texture": "#0" },
        "south": { "uv": [4, 6.25, 3.75, 10], "texture": "#0" },
        "west": { "uv": [16, 12.25, 14, 16], "texture": "#0" },
        "up": { "uv": [7.5, 3, 7.25, 5], "texture": "#0" },
        "down": { "uv": [3.5, 9.25, 3.25, 7.25], "texture": "#0" }
      }
    },
    {
      "from": [7.75, 3.65224, 9.73463],
      "to": [8.25, 5.15224, 14.23463],
      "rotation": {
        "angle": 45,
        "axis": "x",
        "origin": [7.5, 5.15224, 12.73463]
      },
      "faces": {
        "north": { "uv": [6.75, 8, 6.5, 8.75], "texture": "#0" },
        "east": { "uv": [8, 12.5, 10.25, 13.25], "texture": "#0" },
        "south": { "uv": [6.5, 8, 6.25, 8.75], "texture": "#0" },
        "west": { "uv": [10.25, 12.5, 8, 13.25], "texture": "#0" },
        "up": { "uv": [7, 6, 6.75, 8.25], "texture": "#0" },
        "down": { "uv": [7.25, 5.25, 7, 3], "texture": "#0" }
      }
    },
    {
      "from": [7.7375, 3.5, 10],
      "to": [8.2625, 5, 12],
      "rotation": { "angle": 22.5, "axis": "x", "origin": [7.5, 7, 13.5] },
      "faces": {
        "north": { "uv": [7.25, 8, 7, 8.75], "texture": "#0" },
        "east": { "uv": [13.5, 1.25, 14.5, 2], "texture": "#0" },
        "south": { "uv": [8.25, 6.75, 8, 7.5], "texture": "#0" },
        "west": { "uv": [14.5, 1.25, 13.5, 2], "texture": "#0" },
        "up": { "uv": [8, 6, 7.75, 7], "texture": "#0" },
        "down": { "uv": [8, 8, 7.75, 7], "texture": "#0" }
      }
    },
    {
      "from": [7.725, 0.60581, 8.92703],
      "to": [8.275, 5.10581, 10.42703],
      "rotation": {
        "angle": -22.5,
        "axis": "x",
        "origin": [7.5, 5.10581, 8.92703]
      },
      "faces": {
        "north": { "uv": [6.25, 9.25, 6, 7], "rotation": 180, "texture": "#0" },
        "east": {
          "uv": [9.25, 8.75, 11.5, 9.5],
          "rotation": 270,
          "texture": "#0"
        },
        "south": { "uv": [6, 7, 5.75, 9.25], "texture": "#0" },
        "west": {
          "uv": [11.5, 8.75, 9.25, 9.5],
          "rotation": 90,
          "texture": "#0"
        },
        "up": { "uv": [8.25, 7.5, 8, 8.25], "rotation": 180, "texture": "#0" },
        "down": { "uv": [7.5, 8, 7.25, 8.75], "texture": "#0" }
      }
    },
    {
      "from": [7.7625, 7.14645, 9.06066],
      "to": [8.2375, 10.64645, 10.56066],
      "rotation": {
        "angle": -22.5,
        "axis": "x",
        "origin": [7.5, 10.64645, 8.56066]
      },
      "faces": {
        "north": { "uv": [7.75, 3, 7.5, 4.75], "texture": "#0" },
        "east": { "uv": [11.25, 1.75, 12, 3.5], "texture": "#0" },
        "south": { "uv": [3.75, 7.25, 3.5, 9], "texture": "#0" },
        "west": { "uv": [12, 1.75, 11.25, 3.5], "texture": "#0" },
        "up": { "uv": [2.5, 7.75, 2.25, 8.5], "texture": "#0" },
        "down": { "uv": [2.75, 8.5, 2.5, 7.75], "texture": "#0" }
      }
    },
    {
      "name": "1",
      "from": [7.175, 8.175, 7.175],
      "to": [8.825, 10.325, 8.825],
      "rotation": { "angle": -22.5, "axis": "x", "origin": [8, 9.25, 8] },
      "faces": {
        "north": { "uv": [0, 0, 3, 4], "texture": "#2" },
        "east": { "uv": [3, 0, 6, 4], "texture": "#2" },
        "south": { "uv": [0, 4, 3, 8], "texture": "#2" },
        "west": { "uv": [3, 4, 6, 8], "texture": "#2" },
        "up": { "uv": [7, 6, 6, 3], "texture": "#2" },
        "down": { "uv": [7, 0, 6, 3], "texture": "#2" }
      }
    },
    {
      "name": "2",
      "from": [7.05, 8.05, 7.05],
      "to": [8.95, 10.45, 8.95],
      "rotation": { "angle": -22.5, "axis": "x", "origin": [8, 9.25, 8] },
      "faces": {
        "north": { "uv": [9, 0, 12, 4], "texture": "#2" },
        "east": { "uv": [12, 0, 15, 4], "texture": "#2" },
        "south": { "uv": [9, 4, 12, 8], "texture": "#2" },
        "west": { "uv": [12, 4, 15, 8], "texture": "#2" },
        "up": { "uv": [16, 6, 15, 3], "texture": "#2" },
        "down": { "uv": [16, 0, 15, 3], "texture": "#2" }
      }
    },
    {
      "name": "3",
      "from": [7.225, 8.225, 7.225],
      "to": [8.775, 10.275, 8.775],
      "rotation": { "angle": -22.5, "axis": "x", "origin": [8, 9.25, 8] },
      "faces": {
        "north": { "uv": [0, 8, 3, 12], "texture": "#2" },
        "east": { "uv": [3, 8, 6, 12], "texture": "#2" },
        "south": { "uv": [0, 12, 3, 16], "texture": "#2" },
        "west": { "uv": [3, 12, 6, 16], "texture": "#2" },
        "up": { "uv": [7, 14, 6, 11], "texture": "#2" },
        "down": { "uv": [7, 8, 6, 11], "texture": "#2" }
      }
    },
    {
      "name": "4",
      "from": [7.175, 8.175, 7.175],
      "to": [8.825, 10.325, 8.825],
      "rotation": { "angle": -22.5, "axis": "x", "origin": [8, 9.25, 8] },
      "faces": {
        "north": { "uv": [9, 8, 12, 12], "texture": "#2" },
        "east": { "uv": [12, 8, 15, 12], "texture": "#2" },
        "south": { "uv": [9, 12, 12, 16], "texture": "#2" },
        "west": { "uv": [12, 12, 15, 16], "texture": "#2" },
        "up": { "uv": [16, 14, 15, 11], "texture": "#2" },
        "down": { "uv": [16, 8, 15, 11], "texture": "#2" }
      }
    }
  ],
  "gui_light": "front",
  "display": {
    "thirdperson_righthand": { "translation": [0, 16, 2], "scale": [2, 2, 2] },
    "thirdperson_lefthand": { "translation": [0, 16, 2], "scale": [2, 2, 2] },
    "firstperson_righthand": {
      "rotation": [-19.07, -5.19, -1.8],
      "translation": [0, 5.5, 0],
      "scale": [0.54, 0.54, 0.54]
    },
    "firstperson_lefthand": {
      "rotation": [-19.07, -5.19, -1.8],
      "translation": [0, 5.5, 0],
      "scale": [0.54, 0.54, 0.54]
    },
    "ground": {
      "rotation": [10, 0, 0],
      "translation": [0, 13, 0],
      "scale": [0.8, 0.8, 0.8]
    },
    "gui": {
      "rotation": [-135.02, -34.34, -119.38],
      "translation": [1.25, 1.5, 0],
      "scale": [0.67, 0.67, 0.67]
    },
    "fixed": {
      "rotation": [0, 90, 0],
      "translation": [0, 3, 0],
      "scale": [0.64, 0.64, 0.64]
    }
  },
  "groups": [
    0,
    1,
    2,
    3,
    4,
    5,
    6,
    7,
    8,
    9,
    10,
    11,
    12,
    13,
    14,
    15,
    16,
    17,
    18,
    19,
    20,
    21,
    22,
    23,
    24,
    25,
    {
      "name": "heart",
      "origin": [8, 5, 8.5],
      "color": 0,
      "children": [26, 27, 28, 29]
    }
  ]
}
