{
  "credit": "Made with Blockbench",
  "textures": {
    "0": "lugin:item/mve_crimson/crimson_axe",
    "2": "lugin:item/mve_crimson/crimson_golden_small_heart_anim",
    "particle": "lugin:item/mve_crimson/crimson_axe_e"
  },
  "elements": [
    {
      "from": [7, 13, 7],
      "to": [9, 22, 9],
      "rotation": { "angle": 0, "axis": "y", "origin": [6, 0, 6] },
      "faces": {
        "north": { "uv": [0.5, 4.5, 1.5, 9], "texture": "#0" },
        "east": { "uv": [1.5, 4.5, 2.5, 9], "texture": "#0" },
        "south": { "uv": [2.5, 4.5, 3.5, 9], "texture": "#0" },
        "west": { "uv": [3.5, 4.5, 4.5, 9], "texture": "#0" },
        "up": { "uv": [10, 11.5, 9, 10.5], "texture": "#0" },
        "down": { "uv": [10.5, 3, 9.5, 4], "texture": "#0" }
      }
    },
    {
      "from": [7, 3, 7],
      "to": [9, 13, 9],
      "rotation": { "angle": 0, "axis": "y", "origin": [6, 3, 6] },
      "faces": {
        "north": { "uv": [0.5, 10.5, 1.5, 15.5], "texture": "#0" },
        "east": { "uv": [1.5, 10.5, 2.5, 15.5], "texture": "#0" },
        "south": { "uv": [2.5, 10.5, 3.5, 15.5], "texture": "#0" },
        "west": { "uv": [3.5, 10.5, 4.5, 15.5], "texture": "#0" },
        "up": { "uv": [10, 11.5, 9, 10.5], "texture": "#0" },
        "down": { "uv": [12, 5.5, 11, 6.5], "texture": "#0" }
      }
    },
    {
      "from": [7.5, 19, 5],
      "to": [8.5, 22, 7],
      "rotation": { "angle": 0, "axis": "y", "origin": [6, 0, 4] },
      "faces": {
        "north": { "uv": [12, 5.5, 12.5, 7], "texture": "#0" },
        "east": { "uv": [7, 1, 6, 2.5], "texture": "#0" },
        "south": { "uv": [6, 12, 6.5, 13.5], "texture": "#0" },
        "west": { "uv": [6, 1, 7, 2.5], "texture": "#0" },
        "up": { "uv": [13, 6, 12.5, 5], "texture": "#0" },
        "down": { "uv": [13, 6, 12.5, 7], "texture": "#0" }
      }
    },
    {
      "from": [7.5, 19, 9],
      "to": [8.5, 22, 11],
      "rotation": { "angle": 0, "axis": "y", "origin": [6, 0, 8] },
      "faces": {
        "north": { "uv": [12, 8.5, 12.5, 10], "texture": "#0" },
        "east": { "uv": [5.5, 1, 4.5, 2.5], "texture": "#0" },
        "south": { "uv": [10, 13, 10.5, 14.5], "texture": "#0" },
        "west": { "uv": [4.5, 1, 5.5, 2.5], "texture": "#0" },
        "up": { "uv": [7, 4.5, 6.5, 3.5], "texture": "#0" },
        "down": { "uv": [13.5, 0, 13, 1], "texture": "#0" }
      }
    },
    {
      "from": [7.5, 19, 11],
      "to": [8.5, 22, 14],
      "rotation": { "angle": 0, "axis": "y", "origin": [6, 0, 10] },
      "faces": {
        "north": { "uv": [9.5, 13, 10, 14.5], "texture": "#0" },
        "east": { "uv": [6, 3, 4.5, 4.5], "texture": "#0" },
        "south": { "uv": [12.5, 0, 13, 1.5], "texture": "#0" },
        "west": { "uv": [4.5, 3, 6, 4.5], "texture": "#0" },
        "up": { "uv": [13, 3, 12.5, 1.5], "texture": "#0" },
        "down": { "uv": [13, 3, 12.5, 4.5], "texture": "#0" }
      }
    },
    {
      "from": [8, 22, 6.5],
      "to": [8, 25, 9.5],
      "rotation": { "angle": 0, "axis": "y", "origin": [6, 3, 6] },
      "faces": {
        "north": { "uv": [0, 0, 0, 1.5], "texture": "#0" },
        "east": { "uv": [16, 8.5, 14.5, 10], "texture": "#0" },
        "south": { "uv": [0, 0, 0, 1.5], "texture": "#0" },
        "west": { "uv": [14.5, 8.5, 16, 10], "texture": "#0" },
        "up": { "uv": [0, 1.5, 0, 0], "texture": "#0" },
        "down": { "uv": [0, 0, 0, 1.5], "texture": "#0" }
      }
    },
    {
      "from": [7.5, 16, 1],
      "to": [8.5, 22, 5],
      "rotation": { "angle": 0, "axis": "y", "origin": [6, 0, 0] },
      "faces": {
        "north": { "uv": [7.5, 10.5, 8, 13.5], "texture": "#0" },
        "east": { "uv": [6.5, 7, 4.5, 10], "texture": "#0" },
        "south": { "uv": [4.5, 10.5, 5, 13.5], "texture": "#0" },
        "west": { "uv": [4.5, 7, 6.5, 10], "texture": "#0" },
        "up": { "uv": [10.5, 13, 10, 11], "texture": "#0" },
        "down": { "uv": [11, 11, 10.5, 13], "texture": "#0" }
      }
    },
    {
      "from": [7.5, 22, 1],
      "to": [8.5, 24, 5],
      "rotation": { "angle": 0, "axis": "y", "origin": [6, 6, 0] },
      "faces": {
        "north": { "uv": [12.5, 9, 13, 10], "texture": "#0" },
        "east": { "uv": [10, 4.5, 8, 5.5], "texture": "#0" },
        "south": { "uv": [13, 10, 13.5, 11], "texture": "#0" },
        "west": { "uv": [8, 4.5, 10, 5.5], "texture": "#0" },
        "up": { "uv": [12, 5, 11.5, 3], "texture": "#0" },
        "down": { "uv": [9.5, 11.5, 9, 13.5], "texture": "#0" }
      }
    },
    {
      "from": [7.475, 10, 1],
      "to": [8.525, 16, 4],
      "rotation": { "angle": -45, "axis": "x", "origin": [7.5, 16, 1] },
      "faces": {
        "north": { "uv": [5, 10.5, 5.5, 13.5], "texture": "#0" },
        "east": { "uv": [9, 1, 7.5, 4], "texture": "#0" },
        "south": { "uv": [5.5, 10.5, 6, 13.5], "texture": "#0" },
        "west": { "uv": [7.5, 1, 9, 4], "texture": "#0" },
        "up": { "uv": [7, 13.5, 6.5, 12], "texture": "#0" },
        "down": { "uv": [12.5, 7, 12, 8.5], "texture": "#0" }
      }
    },
    {
      "from": [7.5, 11.29289, 3.94975],
      "to": [8.5, 15.29289, 5.94975],
      "rotation": {
        "angle": 0,
        "axis": "y",
        "origin": [7.5, 15.29289, 5.94975]
      },
      "faces": {
        "north": { "uv": [11, 11, 11.5, 13], "texture": "#0" },
        "east": { "uv": [8, 6, 7, 8], "texture": "#0" },
        "south": { "uv": [11.5, 1, 12, 3], "texture": "#0" },
        "west": { "uv": [7, 6, 8, 8], "texture": "#0" },
        "up": { "uv": [13, 8, 12.5, 7], "texture": "#0" },
        "down": { "uv": [13, 8, 12.5, 9], "texture": "#0" }
      }
    },
    {
      "from": [7.5, 9.29289, 3.94975],
      "to": [8.5, 11.29289, 5.94975],
      "rotation": {
        "angle": 0,
        "axis": "y",
        "origin": [7.5, 11.29289, 5.94975]
      },
      "faces": {
        "north": { "uv": [13, 1, 13.5, 2], "texture": "#0" },
        "east": { "uv": [9.5, 7, 8.5, 8], "texture": "#0" },
        "south": { "uv": [13, 2, 13.5, 3], "texture": "#0" },
        "west": { "uv": [8.5, 7, 9.5, 8], "texture": "#0" },
        "up": { "uv": [13.5, 4, 13, 3], "texture": "#0" },
        "down": { "uv": [13.5, 5, 13, 6], "texture": "#0" }
      }
    },
    {
      "from": [6.75, 15.75, 6.75],
      "to": [9.25, 17.25, 9.25],
      "rotation": { "angle": 0, "axis": "y", "origin": [6, 15, 6] },
      "faces": {
        "north": { "uv": [11, 9.5, 12, 10], "texture": "#0" },
        "east": { "uv": [12, 10, 13, 10.5], "texture": "#0" },
        "south": { "uv": [12, 10.5, 13, 11], "texture": "#0" },
        "west": { "uv": [12.5, 4.5, 13.5, 5], "texture": "#0" },
        "up": { "uv": [12, 7.5, 11, 6.5], "texture": "#0" },
        "down": { "uv": [12, 7.5, 11, 8.5], "texture": "#0" }
      }
    },
    {
      "from": [7.5, 0, 6],
      "to": [8.5, 3, 9],
      "rotation": { "angle": 22.5, "axis": "x", "origin": [8, 3, 9] },
      "faces": {
        "north": { "uv": [9.5, 11.5, 10, 13], "texture": "#0" },
        "east": { "uv": [16, 6.5, 14.5, 8], "texture": "#0" },
        "south": { "uv": [12, 1, 12.5, 2.5], "texture": "#0" },
        "west": { "uv": [14.5, 6.5, 16, 8], "texture": "#0" },
        "up": { "uv": [12.5, 4, 12, 2.5], "texture": "#0" },
        "down": { "uv": [12.5, 4, 12, 5.5], "texture": "#0" }
      }
    },
    {
      "from": [8, -2.1, 4.35],
      "to": [8, 6.9, 11.35],
      "rotation": { "angle": 0, "axis": "y", "origin": [6, -2.1, 5.85] },
      "faces": {
        "north": { "uv": [0, 0, 0, 4.5], "texture": "#0" },
        "east": { "uv": [16, 11.5, 12.5, 16], "texture": "#0" },
        "south": { "uv": [0, 0, 0, 4.5], "texture": "#0" },
        "west": { "uv": [12.5, 11.5, 16, 16], "texture": "#0" },
        "up": { "uv": [0, 3.5, 0, 0], "texture": "#0" },
        "down": { "uv": [0, 0, 0, 3.5], "texture": "#0" }
      }
    },
    {
      "from": [8, 10, 9],
      "to": [8, 22, 12],
      "rotation": { "angle": 0, "axis": "y", "origin": [6, 10, 10.5] },
      "faces": {
        "north": { "uv": [0, 0, 0, 6], "texture": "#0" },
        "east": { "uv": [16, 0, 14.5, 6], "texture": "#0" },
        "south": { "uv": [0, 0, 0, 6], "texture": "#0" },
        "west": { "uv": [14.5, 0, 16, 6], "texture": "#0" },
        "up": { "uv": [0, 1.5, 0, 0], "texture": "#0" },
        "down": { "uv": [0, 0, 0, 1.5], "texture": "#0" }
      }
    },
    {
      "name": "1",
      "from": [6.75, 17.75, 6.75],
      "to": [9.25, 21.25, 9.25],
      "rotation": { "angle": 22.5, "axis": "x", "origin": [8, 19.5, 8] },
      "faces": {
        "north": { "uv": [0, 3, 2, 6], "texture": "#2" },
        "east": { "uv": [2, 3, 4, 6], "texture": "#2" },
        "south": { "uv": [0, 0, 2, 3], "texture": "#2" },
        "west": { "uv": [2, 0, 4, 3], "texture": "#2" },
        "up": { "uv": [6, 2, 4, 0], "rotation": 180, "texture": "#2" },
        "down": { "uv": [6, 2, 4, 4], "rotation": 180, "texture": "#2" }
      }
    },
    {
      "name": "2",
      "from": [6.5, 17.5, 6.5],
      "to": [9.5, 21.5, 9.5],
      "rotation": { "angle": 22.5, "axis": "x", "origin": [8, 19.5, 8] },
      "faces": {
        "north": { "uv": [10, 3, 12, 6], "texture": "#2" },
        "east": { "uv": [12, 3, 14, 6], "texture": "#2" },
        "south": { "uv": [10, 0, 12, 3], "texture": "#2" },
        "west": { "uv": [12, 0, 14, 3], "texture": "#2" },
        "up": { "uv": [16, 2, 14, 0], "rotation": 180, "texture": "#2" },
        "down": { "uv": [16, 2, 14, 4], "rotation": 180, "texture": "#2" }
      }
    },
    {
      "name": "3",
      "from": [6.85, 17.85, 6.85],
      "to": [9.15, 21.15, 9.15],
      "rotation": { "angle": 22.5, "axis": "x", "origin": [8, 19.5, 8] },
      "faces": {
        "north": { "uv": [0, 13, 2, 16], "texture": "#2" },
        "east": { "uv": [2, 13, 4, 16], "texture": "#2" },
        "south": { "uv": [0, 10, 2, 13], "texture": "#2" },
        "west": { "uv": [2, 10, 4, 13], "texture": "#2" },
        "up": { "uv": [6, 12, 4, 10], "rotation": 180, "texture": "#2" },
        "down": { "uv": [6, 12, 4, 14], "rotation": 180, "texture": "#2" }
      }
    },
    {
      "name": "4",
      "from": [6.75, 17.75, 6.75],
      "to": [9.25, 21.25, 9.25],
      "rotation": { "angle": 22.5, "axis": "x", "origin": [8, 19.5, 8] },
      "faces": {
        "north": { "uv": [10, 13, 12, 16], "texture": "#2" },
        "east": { "uv": [12, 13, 14, 16], "texture": "#2" },
        "south": { "uv": [10, 10, 12, 13], "texture": "#2" },
        "west": { "uv": [12, 10, 14, 13], "texture": "#2" },
        "up": { "uv": [16, 12, 14, 10], "rotation": 180, "texture": "#2" },
        "down": { "uv": [16, 12, 14, 14], "rotation": 180, "texture": "#2" }
      }
    }
  ],
  "gui_light": "front",
  "display": {
    "thirdperson_righthand": { "translation": [0, -0.5, 2] },
    "thirdperson_lefthand": { "translation": [0, -0.5, 2] },
    "firstperson_righthand": {
      "rotation": [-8, 5.06, 0.05],
      "translation": [1, 0.25, 0],
      "scale": [0.48, 0.48, 0.48]
    },
    "firstperson_lefthand": {
      "rotation": [-8, 5.06, 0.05],
      "translation": [1, 0.25, 0],
      "scale": [0.48, 0.48, 0.48]
    },
    "ground": {
      "rotation": [10, 0, 0],
      "translation": [0, 4, 0],
      "scale": [0.4, 0.4, 0.4]
    },
    "gui": {
      "rotation": [51.07, 42.38, -73.74],
      "translation": [-1.75, -2.25, 0],
      "scale": [0.64, 0.64, 0.64]
    },
    "fixed": {
      "rotation": [0, -90, 0],
      "translation": [0, -2, 0],
      "scale": [0.64, 0.64, 0.64]
    }
  },
  "groups": [
    0,
    1,
    2,
    3,
    4,
    5,
    6,
    7,
    8,
    9,
    10,
    11,
    12,
    13,
    14,
    {
      "name": "small_heart",
      "origin": [8, 12.5, 8],
      "color": 0,
      "children": [15, 16, 17, 18]
    }
  ]
}
