{
  "credit": "Made with Blockbench",
  "texture_size": [8, 8],
  "textures": {
    "0": "lugin:item/mve_crimson/crimson_staff",
    "2": "lugin:item/mve_crimson/crimson_golden_heart_anim",
    "particle": "lugin:item/mve_crimson/crimson_staff_e"
  },
  "elements": [
    {
      "from": [7.5, -9, 7.5],
      "to": [8.5, 7, 8.5],
      "rotation": { "angle": 45, "axis": "y", "origin": [8, 0, 8] },
      "faces": {
        "north": { "uv": [8, 0, 8.5, 8], "texture": "#0" },
        "east": { "uv": [8, 8, 8.5, 16], "texture": "#0" },
        "south": { "uv": [8.5, 0, 9, 8], "texture": "#0" },
        "west": { "uv": [8.5, 8, 9, 16], "texture": "#0" },
        "up": { "uv": [10.25, 4.75, 9.75, 4.25], "texture": "#0" },
        "down": { "uv": [10.75, 4.75, 10.25, 5.25], "texture": "#0" }
      }
    },
    {
      "from": [8, -13, 4.5],
      "to": [8, -4, 10],
      "rotation": { "angle": 45, "axis": "y", "origin": [8, -8.5, 8] },
      "faces": {
        "north": { "uv": [0, 0, 0, 4.5], "texture": "#0" },
        "east": { "uv": [16, 0, 13.25, 4.5], "texture": "#0" },
        "south": { "uv": [0, 0, 0, 4.5], "texture": "#0" },
        "west": { "uv": [13.25, 0, 16, 4.5], "texture": "#0" },
        "up": { "uv": [0, 2.75, 0, 0], "texture": "#0" },
        "down": { "uv": [0, 0, 0, 2.75], "texture": "#0" }
      }
    },
    {
      "from": [8, -0.5, 8.5],
      "to": [8, 5, 10.5],
      "rotation": { "angle": 45, "axis": "y", "origin": [8, 2.5, 8] },
      "faces": {
        "north": { "uv": [0, 0, 0, 2], "texture": "#0" },
        "east": { "uv": [7, 12.75, 6, 15.5], "texture": "#0" },
        "south": { "uv": [0, 0, 0, 2], "texture": "#0" },
        "west": { "uv": [6, 12.75, 7, 15.5], "texture": "#0" },
        "up": { "uv": [0, 0.5, 0, 0], "texture": "#0" },
        "down": { "uv": [0, 0, 0, 0.5], "texture": "#0" }
      }
    },
    {
      "from": [7.5, -1.5, 6],
      "to": [7.5, 9, 10],
      "rotation": { "angle": 45, "axis": "y", "origin": [8, 0, 8] },
      "faces": {
        "north": { "uv": [0, 0, 0, 5.25], "texture": "#0" },
        "east": { "uv": [11.75, 4.75, 13.75, 10], "texture": "#0" },
        "south": { "uv": [0, 0, 0, 5.25], "texture": "#0" },
        "west": { "uv": [14, 4.75, 16, 10], "texture": "#0" },
        "up": { "uv": [0, 2, 0, 0], "texture": "#0" },
        "down": { "uv": [0, 0, 0, 2], "texture": "#0" }
      }
    },
    {
      "from": [8.5, -1.5, 6],
      "to": [8.5, 9, 10],
      "rotation": { "angle": 45, "axis": "y", "origin": [8, 0, 8] },
      "faces": {
        "north": { "uv": [0, 0, 0, 5.25], "texture": "#0" },
        "east": { "uv": [16, 4.75, 14, 10], "texture": "#0" },
        "south": { "uv": [0, 0, 0, 5.25], "texture": "#0" },
        "west": { "uv": [13.75, 4.75, 11.75, 10], "texture": "#0" },
        "up": { "uv": [0, 2, 0, 0], "texture": "#0" },
        "down": { "uv": [0, 0, 0, 2], "texture": "#0" }
      }
    },
    {
      "from": [7.7625, 7, 6.4375],
      "to": [8.2375, 8.5, 9.5625],
      "rotation": { "angle": 0, "axis": "y", "origin": [8, 10, 8] },
      "faces": {
        "north": { "uv": [10.25, 6.25, 10.5, 7], "texture": "#0" },
        "east": { "uv": [5, 6.25, 3.5, 7], "texture": "#0" },
        "south": { "uv": [10.25, 7, 10.5, 7.75], "texture": "#0" },
        "west": { "uv": [3.5, 6.25, 5, 7], "texture": "#0" },
        "up": { "uv": [8, 4, 7.75, 2.5], "texture": "#0" },
        "down": { "uv": [10.5, 3.25, 10.25, 4.75], "texture": "#0" }
      }
    },
    {
      "from": [7.7375, 9.62867, 10.27283],
      "to": [8.2625, 12.62867, 11.77283],
      "rotation": { "angle": -22.5, "axis": "x", "origin": [8, 11.67666, 8] },
      "faces": {
        "north": { "uv": [4, 10.25, 4.25, 11.75], "texture": "#0" },
        "east": { "uv": [2.25, 5.75, 1.5, 7.25], "texture": "#0" },
        "south": { "uv": [4.25, 10.25, 4.5, 11.75], "texture": "#0" },
        "west": { "uv": [1.5, 5.75, 2.25, 7.25], "texture": "#0" },
        "up": { "uv": [10.5, 8.5, 10.25, 7.75], "texture": "#0" },
        "down": { "uv": [10.5, 8.5, 10.25, 9.25], "texture": "#0" }
      }
    },
    {
      "from": [7.75, 7.8963, 10.61594],
      "to": [8.25, 12.8963, 12.11594],
      "rotation": { "angle": 22.5, "axis": "x", "origin": [8, 11.67666, 8] },
      "faces": {
        "north": { "uv": [7.75, 0, 8, 2.5], "texture": "#0" },
        "east": { "uv": [4, 2.25, 3.25, 4.75], "texture": "#0" },
        "south": { "uv": [6, 9, 6.25, 11.5], "texture": "#0" },
        "west": { "uv": [3.25, 2.25, 4, 4.75], "texture": "#0" },
        "up": { "uv": [2.5, 11.25, 2.25, 10.5], "texture": "#0" },
        "down": { "uv": [2.75, 10.5, 2.5, 11.25], "texture": "#0" }
      }
    },
    {
      "from": [8, 5.8963, 10.11594],
      "to": [8, 14.8963, 14.61594],
      "rotation": { "angle": 22.5, "axis": "x", "origin": [8, 11.67666, 8] },
      "faces": {
        "north": { "uv": [0, 0, 0, 4.5], "texture": "#0" },
        "east": { "uv": [16, 10.25, 13.75, 14.75], "texture": "#0" },
        "south": { "uv": [0, 0, 0, 4.5], "texture": "#0" },
        "west": { "uv": [13.75, 10.25, 16, 14.75], "texture": "#0" },
        "up": { "uv": [0, 2.25, 0, 0], "texture": "#0" },
        "down": { "uv": [0, 0, 0, 2.25], "texture": "#0" }
      }
    },
    {
      "from": [7.725, 11.1124, 10.34996],
      "to": [8.275, 12.6124, 13.34996],
      "rotation": { "angle": -45, "axis": "x", "origin": [8, 11.67666, 8] },
      "faces": {
        "north": { "uv": [10.25, 9.25, 10.5, 10], "texture": "#0" },
        "east": { "uv": [3.25, 12.5, 1.75, 13.25], "texture": "#0" },
        "south": { "uv": [2, 10.5, 2.25, 11.25], "texture": "#0" },
        "west": { "uv": [1.75, 12.5, 3.25, 13.25], "texture": "#0" },
        "up": { "uv": [4.75, 11.75, 4.5, 10.25], "texture": "#0" },
        "down": { "uv": [5, 10.25, 4.75, 11.75], "texture": "#0" }
      }
    },
    {
      "from": [7.7375, 9.62867, 4.22717],
      "to": [8.2625, 12.62867, 5.72717],
      "rotation": { "angle": 22.5, "axis": "x", "origin": [8, 11.67666, 8] },
      "faces": {
        "north": { "uv": [4.5, 10.25, 4.25, 11.75], "texture": "#0" },
        "east": { "uv": [1.5, 5.75, 2.25, 7.25], "texture": "#0" },
        "south": { "uv": [4.25, 10.25, 4, 11.75], "texture": "#0" },
        "west": { "uv": [2.25, 5.75, 1.5, 7.25], "texture": "#0" },
        "up": { "uv": [10.5, 7.75, 10.25, 8.5], "texture": "#0" },
        "down": { "uv": [10.5, 9.25, 10.25, 8.5], "texture": "#0" }
      }
    },
    {
      "from": [7.725, 11.1124, 2.65004],
      "to": [8.275, 12.6124, 5.65004],
      "rotation": { "angle": 45, "axis": "x", "origin": [8, 11.67666, 8] },
      "faces": {
        "north": { "uv": [2.25, 10.5, 2, 11.25], "texture": "#0" },
        "east": { "uv": [1.75, 12.5, 3.25, 13.25], "texture": "#0" },
        "south": { "uv": [10.5, 9.25, 10.25, 10], "texture": "#0" },
        "west": { "uv": [3.25, 12.5, 1.75, 13.25], "texture": "#0" },
        "up": { "uv": [4.75, 10.25, 4.5, 11.75], "texture": "#0" },
        "down": { "uv": [5, 11.75, 4.75, 10.25], "texture": "#0" }
      }
    },
    {
      "from": [7.75, 7.8963, 3.88406],
      "to": [8.25, 12.8963, 5.38406],
      "rotation": { "angle": -22.5, "axis": "x", "origin": [8, 11.67666, 8] },
      "faces": {
        "north": { "uv": [6.25, 9, 6, 11.5], "texture": "#0" },
        "east": { "uv": [3.25, 2.25, 4, 4.75], "texture": "#0" },
        "south": { "uv": [8, 0, 7.75, 2.5], "texture": "#0" },
        "west": { "uv": [4, 2.25, 3.25, 4.75], "texture": "#0" },
        "up": { "uv": [2.5, 10.5, 2.25, 11.25], "texture": "#0" },
        "down": { "uv": [2.75, 11.25, 2.5, 10.5], "texture": "#0" }
      }
    },
    {
      "from": [8, 5.8963, 1.38406],
      "to": [8, 14.8963, 5.88406],
      "rotation": { "angle": -22.5, "axis": "x", "origin": [8, 11.67666, 8] },
      "faces": {
        "north": { "uv": [0, 0, 0, 4.5], "texture": "#0" },
        "east": { "uv": [13.75, 10.25, 16, 14.75], "texture": "#0" },
        "south": { "uv": [0, 0, 0, 4.5], "texture": "#0" },
        "west": { "uv": [16, 10.25, 13.75, 14.75], "texture": "#0" },
        "up": { "uv": [0, 0, 0, 2.25], "texture": "#0" },
        "down": { "uv": [0, 2.25, 0, 0], "texture": "#0" }
      }
    },
    {
      "from": [4.22717, 9.62867, 7.7375],
      "to": [5.72717, 12.62867, 8.2625],
      "rotation": { "angle": -22.5, "axis": "z", "origin": [8, 11.67666, 8] },
      "faces": {
        "north": { "uv": [1.5, 5.75, 2.25, 7.25], "texture": "#0" },
        "east": { "uv": [4, 10.25, 4.25, 11.75], "texture": "#0" },
        "south": { "uv": [2.25, 5.75, 1.5, 7.25], "texture": "#0" },
        "west": { "uv": [4.25, 10.25, 4.5, 11.75], "texture": "#0" },
        "up": {
          "uv": [10.5, 8.5, 10.25, 7.75],
          "rotation": 90,
          "texture": "#0"
        },
        "down": {
          "uv": [10.5, 8.5, 10.25, 9.25],
          "rotation": 270,
          "texture": "#0"
        }
      }
    },
    {
      "from": [2.65004, 11.1124, 7.725],
      "to": [5.65004, 12.6124, 8.275],
      "rotation": { "angle": -45, "axis": "z", "origin": [8, 11.67666, 8] },
      "faces": {
        "north": { "uv": [1.75, 12.5, 3.25, 13.25], "texture": "#0" },
        "east": { "uv": [10.25, 9.25, 10.5, 10], "texture": "#0" },
        "south": { "uv": [3.25, 12.5, 1.75, 13.25], "texture": "#0" },
        "west": { "uv": [2, 10.5, 2.25, 11.25], "texture": "#0" },
        "up": {
          "uv": [4.75, 11.75, 4.5, 10.25],
          "rotation": 90,
          "texture": "#0"
        },
        "down": {
          "uv": [5, 10.25, 4.75, 11.75],
          "rotation": 270,
          "texture": "#0"
        }
      }
    },
    {
      "from": [3.88406, 7.8963, 7.75],
      "to": [5.38406, 12.8963, 8.25],
      "rotation": { "angle": 22.5, "axis": "z", "origin": [8, 11.67666, 8] },
      "faces": {
        "north": { "uv": [3.25, 2.25, 4, 4.75], "texture": "#0" },
        "east": { "uv": [7.75, 0, 8, 2.5], "texture": "#0" },
        "south": { "uv": [4, 2.25, 3.25, 4.75], "texture": "#0" },
        "west": { "uv": [6, 9, 6.25, 11.5], "texture": "#0" },
        "up": {
          "uv": [2.5, 11.25, 2.25, 10.5],
          "rotation": 90,
          "texture": "#0"
        },
        "down": {
          "uv": [2.75, 10.5, 2.5, 11.25],
          "rotation": 270,
          "texture": "#0"
        }
      }
    },
    {
      "from": [1.38406, 5.8963, 8],
      "to": [5.88406, 14.8963, 8],
      "rotation": { "angle": 22.5, "axis": "z", "origin": [8, 11.67666, 8] },
      "faces": {
        "north": { "uv": [13.75, 10.25, 16, 14.75], "texture": "#0" },
        "east": { "uv": [0, 0, 0, 4.5], "texture": "#0" },
        "south": { "uv": [16, 10.25, 13.75, 14.75], "texture": "#0" },
        "west": { "uv": [0, 0, 0, 4.5], "texture": "#0" },
        "up": { "uv": [0, 2.25, 0, 0], "rotation": 90, "texture": "#0" },
        "down": { "uv": [0, 0, 0, 2.25], "rotation": 270, "texture": "#0" }
      }
    },
    {
      "from": [10.61594, 7.8963, 7.75],
      "to": [12.11594, 12.8963, 8.25],
      "rotation": { "angle": -22.5, "axis": "z", "origin": [8, 11.67666, 8] },
      "faces": {
        "north": { "uv": [4, 2.25, 3.25, 4.75], "texture": "#0" },
        "east": { "uv": [6.25, 9, 6, 11.5], "texture": "#0" },
        "south": { "uv": [3.25, 2.25, 4, 4.75], "texture": "#0" },
        "west": { "uv": [8, 0, 7.75, 2.5], "texture": "#0" },
        "up": {
          "uv": [2.5, 10.5, 2.25, 11.25],
          "rotation": 90,
          "texture": "#0"
        },
        "down": {
          "uv": [2.75, 11.25, 2.5, 10.5],
          "rotation": 270,
          "texture": "#0"
        }
      }
    },
    {
      "from": [10.11594, 5.8963, 8],
      "to": [14.61594, 14.8963, 8],
      "rotation": { "angle": -22.5, "axis": "z", "origin": [8, 11.67666, 8] },
      "faces": {
        "north": { "uv": [16, 10.25, 13.75, 14.75], "texture": "#0" },
        "east": { "uv": [0, 0, 0, 4.5], "texture": "#0" },
        "south": { "uv": [13.75, 10.25, 16, 14.75], "texture": "#0" },
        "west": { "uv": [0, 0, 0, 4.5], "texture": "#0" },
        "up": { "uv": [0, 0, 0, 2.25], "rotation": 90, "texture": "#0" },
        "down": { "uv": [0, 2.25, 0, 0], "rotation": 270, "texture": "#0" }
      }
    },
    {
      "from": [10.27283, 9.62867, 7.7375],
      "to": [11.77283, 12.62867, 8.2625],
      "rotation": { "angle": 22.5, "axis": "z", "origin": [8, 11.67666, 8] },
      "faces": {
        "north": { "uv": [2.25, 5.75, 1.5, 7.25], "texture": "#0" },
        "east": { "uv": [4.5, 10.25, 4.25, 11.75], "texture": "#0" },
        "south": { "uv": [1.5, 5.75, 2.25, 7.25], "texture": "#0" },
        "west": { "uv": [4.25, 10.25, 4, 11.75], "texture": "#0" },
        "up": {
          "uv": [10.5, 7.75, 10.25, 8.5],
          "rotation": 90,
          "texture": "#0"
        },
        "down": {
          "uv": [10.5, 9.25, 10.25, 8.5],
          "rotation": 270,
          "texture": "#0"
        }
      }
    },
    {
      "from": [10.34996, 11.1124, 7.725],
      "to": [13.34996, 12.6124, 8.275],
      "rotation": { "angle": 45, "axis": "z", "origin": [8, 11.67666, 8] },
      "faces": {
        "north": { "uv": [3.25, 12.5, 1.75, 13.25], "texture": "#0" },
        "east": { "uv": [2.25, 10.5, 2, 11.25], "texture": "#0" },
        "south": { "uv": [1.75, 12.5, 3.25, 13.25], "texture": "#0" },
        "west": { "uv": [10.5, 9.25, 10.25, 10], "texture": "#0" },
        "up": {
          "uv": [4.75, 10.25, 4.5, 11.75],
          "rotation": 90,
          "texture": "#0"
        },
        "down": {
          "uv": [5, 11.75, 4.75, 10.25],
          "rotation": 270,
          "texture": "#0"
        }
      }
    },
    {
      "from": [6.4375, 7, 7.7625],
      "to": [9.5625, 8.4875, 8.2375],
      "rotation": { "angle": 0, "axis": "y", "origin": [8, 10, 8] },
      "faces": {
        "north": { "uv": [3.5, 6.25, 5, 7], "texture": "#0" },
        "east": { "uv": [10.25, 6.25, 10.5, 7], "texture": "#0" },
        "south": { "uv": [5, 6.25, 3.5, 7], "texture": "#0" },
        "west": { "uv": [10.25, 7, 10.5, 7.75], "texture": "#0" },
        "up": { "uv": [8, 4, 7.75, 2.5], "rotation": 90, "texture": "#0" },
        "down": {
          "uv": [10.5, 3.25, 10.25, 4.75],
          "rotation": 270,
          "texture": "#0"
        }
      }
    },
    {
      "from": [6.75, 9.75, 6.75],
      "to": [9.25, 12.25, 9.25],
      "rotation": { "angle": 45, "axis": "y", "origin": [8, 11, 8] },
      "faces": {
        "north": { "uv": [9, 6.25, 10.25, 7.5], "texture": "#0" },
        "east": { "uv": [9, 6.25, 10.25, 7.5], "texture": "#0" },
        "south": { "uv": [9, 6.25, 10.25, 7.5], "texture": "#0" },
        "west": { "uv": [9, 6.25, 10.25, 7.5], "texture": "#0" },
        "up": { "uv": [10.25, 10, 9, 8.75], "texture": "#0" },
        "down": { "uv": [1.25, 9.75, 0, 11], "texture": "#0" }
      }
    },
    {
      "from": [8.25, 14.5, 6.25],
      "to": [7.75, 20.5, 9.75],
      "rotation": { "angle": 45, "axis": "y", "origin": [8, 14, 8] },
      "faces": {
        "north": { "uv": [0, 0, 0, 3], "texture": "#0" },
        "east": { "uv": [5, 1, 6.75, 4], "texture": "#0" },
        "south": { "uv": [0, 0, 0, 3], "texture": "#0" },
        "west": { "uv": [5, 1, 6.75, 4], "texture": "#0" },
        "up": { "uv": [0, 1.75, 0, 0], "texture": "#0" },
        "down": { "uv": [0, 0, 0, 1.75], "texture": "#0" }
      }
    },
    {
      "from": [8.25, 14.5, 6.25],
      "to": [7.75, 20.5, 9.75],
      "rotation": { "angle": -45, "axis": "y", "origin": [8, 14, 8] },
      "faces": {
        "north": { "uv": [0, 0, 0, 3], "texture": "#0" },
        "east": { "uv": [5, 1, 6.75, 4], "texture": "#0" },
        "south": { "uv": [0, 0, 0, 3], "texture": "#0" },
        "west": { "uv": [5, 1, 6.75, 4], "texture": "#0" },
        "up": { "uv": [0, 1.75, 0, 0], "texture": "#0" },
        "down": { "uv": [0, 0, 0, 1.75], "texture": "#0" }
      }
    },
    {
      "name": "1",
      "from": [7.25, 2.5, 7.5],
      "to": [8.75, 4.5, 9],
      "rotation": { "angle": -22.5, "axis": "z", "origin": [8, 3.5, 8.25] },
      "faces": {
        "north": { "uv": [3, 4, 6, 8], "texture": "#2" },
        "east": { "uv": [0, 0, 3, 4], "texture": "#2" },
        "south": { "uv": [3, 0, 6, 4], "texture": "#2" },
        "west": { "uv": [0, 4, 3, 8], "texture": "#2" },
        "up": { "uv": [7, 6, 6, 3], "rotation": 90, "texture": "#2" },
        "down": { "uv": [7, 0, 6, 3], "rotation": 270, "texture": "#2" }
      }
    },
    {
      "name": "2",
      "from": [7.125, 2.375, 7.375],
      "to": [8.875, 4.625, 9.125],
      "rotation": { "angle": -22.5, "axis": "z", "origin": [8, 3.5, 8.25] },
      "faces": {
        "north": { "uv": [12, 4, 15, 8], "texture": "#2" },
        "east": { "uv": [9, 0, 12, 4], "texture": "#2" },
        "south": { "uv": [12, 0, 15, 4], "texture": "#2" },
        "west": { "uv": [9, 4, 12, 8], "texture": "#2" },
        "up": { "uv": [16, 6, 15, 3], "rotation": 90, "texture": "#2" },
        "down": { "uv": [16, 0, 15, 3], "rotation": 270, "texture": "#2" }
      }
    },
    {
      "name": "3",
      "from": [7.3, 2.55, 7.55],
      "to": [8.7, 4.45, 8.95],
      "rotation": { "angle": -22.5, "axis": "z", "origin": [8, 3.5, 8.25] },
      "faces": {
        "north": { "uv": [3, 12, 6, 16], "texture": "#2" },
        "east": { "uv": [0, 8, 3, 12], "texture": "#2" },
        "south": { "uv": [3, 8, 6, 12], "texture": "#2" },
        "west": { "uv": [0, 12, 3, 16], "texture": "#2" },
        "up": { "uv": [7, 14, 6, 11], "rotation": 90, "texture": "#2" },
        "down": { "uv": [7, 8, 6, 11], "rotation": 270, "texture": "#2" }
      }
    },
    {
      "name": "4",
      "from": [7.25, 2.5, 7.5],
      "to": [8.75, 4.5, 9],
      "rotation": { "angle": -22.5, "axis": "z", "origin": [8, 3.5, 8.25] },
      "faces": {
        "north": { "uv": [12, 12, 15, 16], "texture": "#2" },
        "east": { "uv": [9, 8, 12, 12], "texture": "#2" },
        "south": { "uv": [12, 8, 15, 12], "texture": "#2" },
        "west": { "uv": [9, 12, 12, 16], "texture": "#2" },
        "up": { "uv": [16, 14, 15, 11], "rotation": 90, "texture": "#2" },
        "down": { "uv": [16, 8, 15, 11], "rotation": 270, "texture": "#2" }
      }
    }
  ],
  "gui_light": "front",
  "display": {
    "thirdperson_righthand": {
      "rotation": [0, -45, 0],
      "translation": [0, 16, 2],
      "scale": [2, 2, 2]
    },
    "thirdperson_lefthand": {
      "rotation": [0, -45, 0],
      "translation": [0, 16, 2],
      "scale": [2, 2, 2]
    },
    "firstperson_righthand": {
      "rotation": [-1.18, -68.06, 16.1],
      "translation": [-0.5, 4.5, 0],
      "scale": [0.5, 0.5, 0.5]
    },
    "firstperson_lefthand": {
      "rotation": [-1.18, -68.06, 16.1],
      "translation": [-0.5, 4.5, 0],
      "scale": [0.5, 0.5, 0.5]
    },
    "ground": {
      "rotation": [-10, -45, 0],
      "translation": [0, 15, 0],
      "scale": [0.8, 0.8, 0.8]
    },
    "gui": {
      "rotation": [5.56, 15.1, -44.38],
      "translation": [1.75, 1.75, 0],
      "scale": [0.6, 0.6, 0.6]
    },
    "fixed": {
      "rotation": [0, 45, 0],
      "translation": [0, 2.5, 0],
      "scale": [0.56, 0.56, 0.56]
    }
  },
  "groups": [
    0,
    1,
    2,
    3,
    4,
    5,
    6,
    7,
    8,
    9,
    10,
    11,
    12,
    13,
    14,
    15,
    16,
    17,
    18,
    19,
    20,
    21,
    22,
    23,
    24,
    25,
    {
      "name": "heart",
      "origin": [8, 5, 8.5],
      "color": 0,
      "children": [26, 27, 28, 29]
    }
  ]
}
