{
  "credit": "Made with Blockbench",
  "textures": {
    "0": "lugin:item/mve_crimson/crimson_shovel",
    "2": "lugin:item/mve_crimson/crimson_golden_small_heart_anim",
    "particle": "lugin:item/mve_crimson/crimson_shovel_e"
  },
  "elements": [
    {
      "from": [7, 0, 7],
      "to": [9, 16, 9],
      "rotation": { "angle": 0, "axis": "y", "origin": [6, 0, 6] },
      "faces": {
        "north": { "uv": [1.5, 4.5, 2, 8.5], "texture": "#0" },
        "east": { "uv": [2, 4.5, 2.5, 8.5], "texture": "#0" },
        "south": { "uv": [2.5, 4.5, 3, 8.5], "texture": "#0" },
        "west": { "uv": [3, 4.5, 3.5, 8.5], "texture": "#0" },
        "up": { "uv": [4.5, 6, 4, 5.5], "texture": "#0" },
        "down": { "uv": [5, 5.5, 4.5, 6], "texture": "#0" }
      }
    },
    {
      "from": [4, 6, 8],
      "to": [12, 15, 8],
      "rotation": { "angle": 0, "axis": "y", "origin": [8, 0, 5] },
      "faces": {
        "north": { "uv": [13.5, 4.5, 11.5, 6.75], "texture": "#0" },
        "east": { "uv": [0.25, 0.25, 0.5, 0.5], "texture": "#0" },
        "south": { "uv": [11.5, 4.5, 13.5, 6.75], "texture": "#0" },
        "west": { "uv": [0.25, 0.25, 0.5, 0.5], "texture": "#0" },
        "up": { "uv": [0.25, 0.25, 0.5, 0.5], "texture": "#0" },
        "down": { "uv": [0.25, 0.25, 0.5, 0.5], "texture": "#0" }
      }
    },
    {
      "from": [8, -5.1, 4.35],
      "to": [8, 3.9, 11.35],
      "rotation": { "angle": 0, "axis": "y", "origin": [6, -5.1, 5.85] },
      "faces": {
        "north": { "uv": [0, 0, 0, 2.25], "texture": "#0" },
        "east": { "uv": [16, 13.75, 14.25, 16], "texture": "#0" },
        "south": { "uv": [0, 0, 0, 2.25], "texture": "#0" },
        "west": { "uv": [14.25, 13.75, 16, 16], "texture": "#0" },
        "up": { "uv": [0, 1.75, 0, 0], "texture": "#0" },
        "down": { "uv": [0, 0, 0, 1.75], "texture": "#0" }
      }
    },
    {
      "from": [7.5, -3, 6],
      "to": [8.5, 0, 9],
      "rotation": { "angle": 22.5, "axis": "x", "origin": [8, 0, 9] },
      "faces": {
        "north": { "uv": [5.75, 5, 6, 5.75], "texture": "#0" },
        "east": { "uv": [9, 2.5, 8.25, 3.25], "texture": "#0" },
        "south": { "uv": [5.75, 5.75, 6, 6.5], "texture": "#0" },
        "west": { "uv": [8.25, 2.5, 9, 3.25], "texture": "#0" },
        "up": { "uv": [0.25, 6.75, 0, 6], "texture": "#0" },
        "down": { "uv": [0.5, 6, 0.25, 6.75], "texture": "#0" }
      }
    },
    {
      "from": [4.5, 17, 6.5],
      "to": [11.5, 26, 7.5],
      "rotation": { "angle": 0, "axis": "y", "origin": [6, 23, 8.5] },
      "faces": {
        "north": { "uv": [0, 2.25, 1.75, 4.5], "texture": "#0" },
        "east": { "uv": [5, 3, 5.25, 5.25], "texture": "#0" },
        "south": { "uv": [1.75, 2.25, 3.5, 4.5], "texture": "#0" },
        "west": { "uv": [5.25, 3, 5.5, 5.25], "texture": "#0" },
        "up": { "uv": [7.25, 4.25, 5.5, 4], "texture": "#0" },
        "down": { "uv": [7.25, 4.25, 5.5, 4.5], "texture": "#0" }
      }
    },
    {
      "from": [1.5, 13, 7.499],
      "to": [7.5, 21, 7.499],
      "rotation": { "angle": 0, "axis": "y", "origin": [7.5, 18, 7.5] },
      "faces": {
        "north": { "uv": [16, 0, 14.5, 2], "texture": "#0" },
        "east": { "uv": [0, 0, 0, 2], "texture": "#0" },
        "south": { "uv": [14.5, 0, 16, 2], "texture": "#0" },
        "west": { "uv": [0, 0, 0, 2], "texture": "#0" },
        "up": { "uv": [1.5, 0, 0, 0], "texture": "#0" },
        "down": { "uv": [1.5, 0, 0, 0], "texture": "#0" }
      }
    },
    {
      "from": [5, 23, 6.475],
      "to": [11, 29, 7.525],
      "rotation": { "angle": 45, "axis": "z", "origin": [8, 26, 7] },
      "faces": {
        "north": { "uv": [3.5, 4, 5, 5.5], "texture": "#0" },
        "east": { "uv": [3.5, 5.5, 3.75, 7], "texture": "#0" },
        "south": { "uv": [0, 4.5, 1.5, 6], "texture": "#0" },
        "west": { "uv": [3.75, 5.5, 4, 7], "texture": "#0" },
        "up": { "uv": [7, 4.75, 5.5, 4.5], "texture": "#0" },
        "down": { "uv": [7, 4.75, 5.5, 5], "texture": "#0" }
      }
    },
    {
      "from": [0, 26, 7.525],
      "to": [5, 29, 7.525],
      "rotation": { "angle": 45, "axis": "z", "origin": [8, 26, 7] },
      "faces": {
        "north": { "uv": [9.5, 0, 8.25, 0.75], "texture": "#0" },
        "east": { "uv": [0, 0, 0, 0.75], "texture": "#0" },
        "south": { "uv": [8.25, 0, 9.5, 0.75], "texture": "#0" },
        "west": { "uv": [0, 0, 0, 0.75], "texture": "#0" },
        "up": { "uv": [1.25, 0, 0, 0], "texture": "#0" },
        "down": { "uv": [1.25, 0, 0, 0], "texture": "#0" }
      }
    },
    {
      "from": [8.5, 13, 7.499],
      "to": [14.5, 21, 7.499],
      "rotation": { "angle": 0, "axis": "y", "origin": [8.5, 18, 7.5] },
      "faces": {
        "north": { "uv": [14.5, 0, 16, 2], "texture": "#0" },
        "east": { "uv": [0, 0, 0, 2], "texture": "#0" },
        "south": { "uv": [16, 0, 14.5, 2], "texture": "#0" },
        "west": { "uv": [0, 0, 0, 2], "texture": "#0" },
        "up": { "uv": [0, 0, 1.5, 0], "texture": "#0" },
        "down": { "uv": [0, 0, 1.5, 0], "texture": "#0" }
      }
    },
    {
      "from": [11, 26, 7.525],
      "to": [16, 29, 7.525],
      "rotation": { "angle": -45, "axis": "z", "origin": [8, 26, 7] },
      "faces": {
        "north": { "uv": [8.25, 0, 9.5, 0.75], "texture": "#0" },
        "east": { "uv": [0, 0, 0, 0.75], "texture": "#0" },
        "south": { "uv": [9.5, 0, 8.25, 0.75], "texture": "#0" },
        "west": { "uv": [0, 0, 0, 0.75], "texture": "#0" },
        "up": { "uv": [0, 0, 1.25, 0], "texture": "#0" },
        "down": { "uv": [0, 0, 1.25, 0], "texture": "#0" }
      }
    },
    {
      "from": [7.5, 16, 7],
      "to": [8.5, 20, 9],
      "rotation": { "angle": -22.5, "axis": "x", "origin": [7, 16, 9] },
      "faces": {
        "north": { "uv": [5.5, 5, 5.75, 6], "texture": "#0" },
        "east": { "uv": [9, 4.75, 9.5, 5.75], "texture": "#0" },
        "south": { "uv": [5.75, 1.5, 6, 2.5], "texture": "#0" },
        "west": { "uv": [9.5, 4.75, 9, 5.75], "texture": "#0" },
        "up": { "uv": [6, 3, 5.75, 2.5], "texture": "#0" },
        "down": { "uv": [0.75, 6, 0.5, 6.5], "texture": "#0" }
      }
    },
    {
      "name": "1",
      "from": [6.75, 10.75, 6.75],
      "to": [9.25, 14.25, 9.25],
      "rotation": { "angle": -22.5, "axis": "z", "origin": [8, 12.5, 8] },
      "faces": {
        "north": { "uv": [2, 3, 4, 6], "texture": "#2" },
        "east": { "uv": [0, 0, 2, 3], "texture": "#2" },
        "south": { "uv": [2, 0, 4, 3], "texture": "#2" },
        "west": { "uv": [0, 3, 2, 6], "texture": "#2" },
        "up": { "uv": [6, 2, 4, 0], "rotation": 90, "texture": "#2" },
        "down": { "uv": [6, 2, 4, 4], "rotation": 270, "texture": "#2" }
      }
    },
    {
      "name": "2",
      "from": [6.5, 10.5, 6.5],
      "to": [9.5, 14.5, 9.5],
      "rotation": { "angle": -22.5, "axis": "z", "origin": [8, 12.5, 8] },
      "faces": {
        "north": { "uv": [12, 3, 14, 6], "texture": "#2" },
        "east": { "uv": [10, 0, 12, 3], "texture": "#2" },
        "south": { "uv": [12, 0, 14, 3], "texture": "#2" },
        "west": { "uv": [10, 3, 12, 6], "texture": "#2" },
        "up": { "uv": [16, 2, 14, 0], "rotation": 90, "texture": "#2" },
        "down": { "uv": [16, 2, 14, 4], "rotation": 270, "texture": "#2" }
      }
    },
    {
      "name": "3",
      "from": [6.85, 10.85, 6.85],
      "to": [9.15, 14.15, 9.15],
      "rotation": { "angle": -22.5, "axis": "z", "origin": [8, 12.5, 8] },
      "faces": {
        "north": { "uv": [2, 13, 4, 16], "texture": "#2" },
        "east": { "uv": [0, 10, 2, 13], "texture": "#2" },
        "south": { "uv": [2, 10, 4, 13], "texture": "#2" },
        "west": { "uv": [0, 13, 2, 16], "texture": "#2" },
        "up": { "uv": [6, 12, 4, 10], "rotation": 90, "texture": "#2" },
        "down": { "uv": [6, 12, 4, 14], "rotation": 270, "texture": "#2" }
      }
    },
    {
      "name": "4",
      "from": [6.75, 10.75, 6.75],
      "to": [9.25, 14.25, 9.25],
      "rotation": { "angle": -22.5, "axis": "z", "origin": [8, 12.5, 8] },
      "faces": {
        "north": { "uv": [12, 13, 14, 16], "texture": "#2" },
        "east": { "uv": [10, 10, 12, 13], "texture": "#2" },
        "south": { "uv": [12, 10, 14, 13], "texture": "#2" },
        "west": { "uv": [10, 13, 12, 16], "texture": "#2" },
        "up": { "uv": [16, 12, 14, 10], "rotation": 90, "texture": "#2" },
        "down": { "uv": [16, 12, 14, 14], "rotation": 270, "texture": "#2" }
      }
    }
  ],
  "gui_light": "front",
  "display": {
    "thirdperson_righthand": { "translation": [0, 2, 2] },
    "thirdperson_lefthand": { "translation": [0, 2, 2] },
    "firstperson_righthand": {
      "rotation": [-41.74, -13.35, -10.07],
      "translation": [1.75, 0.25, 0],
      "scale": [0.44, 0.44, 0.44]
    },
    "firstperson_lefthand": {
      "rotation": [-41.74, -13.35, -10.07],
      "translation": [1.75, 0.25, 0],
      "scale": [0.44, 0.44, 0.44]
    },
    "ground": {
      "rotation": [-10, 0, 0],
      "translation": [0, 5.5, 0],
      "scale": [0.4, 0.4, 0.4]
    },
    "gui": {
      "rotation": [-31.48, -12.9, -43.48],
      "translation": [-1.75, -1.5, 0],
      "scale": [0.58, 0.58, 0.58]
    },
    "fixed": {
      "rotation": [0, -180, 0],
      "translation": [0, -2.5, 0],
      "scale": [0.5, 0.5, 0.5]
    }
  },
  "groups": [
    0,
    1,
    2,
    3,
    4,
    5,
    6,
    7,
    8,
    9,
    10,
    {
      "name": "small_heart",
      "origin": [8, 12.5, 8],
      "color": 0,
      "children": [11, 12, 13, 14]
    }
  ]
}
