{
  "credit": "Made with Blockbench",
  "textures": {
    "0": "lugin:item/mve_crimson/crimson_dagger",
    "2": "lugin:item/mve_crimson/crimson_golden_small_heart_anim",
    "particle": "lugin:item/mve_crimson/crimson_dagger_e"
  },
  "elements": [
    {
      "from": [7, -4, 7],
      "to": [9, 4, 9],
      "rotation": { "angle": 0, "axis": "y", "origin": [8, -4, 8] },
      "faces": {
        "north": { "uv": [4.25, 1.75, 4.75, 3.75], "texture": "#0" },
        "east": { "uv": [4.25, 3.75, 4.75, 5.75], "texture": "#0" },
        "south": { "uv": [4.75, 0, 5.25, 2], "texture": "#0" },
        "west": { "uv": [4.75, 2, 5.25, 4], "texture": "#0" },
        "up": { "uv": [6.5, 6.25, 6, 5.75], "texture": "#0" },
        "down": { "uv": [6.75, 0, 6.25, 0.5], "texture": "#0" }
      }
    },
    {
      "from": [8, -10, 5.5],
      "to": [8, -4, 10.5],
      "rotation": { "angle": 0, "axis": "y", "origin": [8, -4, 8] },
      "faces": {
        "north": { "uv": [0, 0, 0, 1.5], "texture": "#0" },
        "east": { "uv": [9.75, 6.25, 8.5, 7.75], "texture": "#0" },
        "south": { "uv": [0, 0, 0, 1.5], "texture": "#0" },
        "west": { "uv": [8.5, 6.25, 9.75, 7.75], "texture": "#0" },
        "up": { "uv": [0, 1.25, 0, 0], "texture": "#0" },
        "down": { "uv": [0, 0, 0, 1.25], "texture": "#0" }
      }
    },
    {
      "from": [7.5, -7, 6],
      "to": [8.5, -4, 9],
      "rotation": { "angle": 22.5, "axis": "x", "origin": [7.5, -4, 9] },
      "faces": {
        "north": { "uv": [6.25, 2.75, 6.5, 3.5], "texture": "#0" },
        "east": { "uv": [7.5, 6.75, 6.75, 7.5], "texture": "#0" },
        "south": { "uv": [3.5, 6.25, 3.75, 7], "texture": "#0" },
        "west": { "uv": [6.75, 6.75, 7.5, 7.5], "texture": "#0" },
        "up": { "uv": [6.5, 4.25, 6.25, 3.5], "texture": "#0" },
        "down": { "uv": [4, 6.25, 3.75, 7], "texture": "#0" }
      }
    },
    {
      "from": [7.5, 6.5, 7.5],
      "to": [8.5, 13.5, 10.5],
      "rotation": { "angle": 0, "axis": "y", "origin": [8, -4.5, 8] },
      "faces": {
        "north": { "uv": [4.5, 0, 4.75, 1.75], "texture": "#0" },
        "east": { "uv": [11.25, 0, 10.5, 1.75], "texture": "#0" },
        "south": { "uv": [1, 5.75, 1.25, 7.5], "texture": "#0" },
        "west": { "uv": [10.5, 0, 11.25, 1.75], "texture": "#0" },
        "up": { "uv": [6.5, 2.25, 6.25, 1.5], "texture": "#0" },
        "down": { "uv": [2.5, 6.25, 2.25, 7], "texture": "#0" }
      }
    },
    {
      "from": [7.5, 13.5, 7.5],
      "to": [8.5, 20.5, 13.5],
      "rotation": { "angle": 0, "axis": "y", "origin": [8, -4.5, 8] },
      "faces": {
        "north": { "uv": [1.25, 5.75, 1.5, 7.5], "texture": "#0" },
        "east": { "uv": [16, 14.25, 14.5, 16], "texture": "#0" },
        "south": { "uv": [1.5, 5.75, 1.75, 7.5], "texture": "#0" },
        "west": { "uv": [14.5, 14.25, 16, 16], "texture": "#0" },
        "up": { "uv": [6.25, 4.25, 6, 2.75], "texture": "#0" },
        "down": { "uv": [6.25, 4.25, 6, 5.75], "texture": "#0" }
      }
    },
    {
      "from": [7.5, 8.5, 4.5],
      "to": [8.5, 22.5, 7.5],
      "rotation": { "angle": 0, "axis": "y", "origin": [8, -4.5, 8] },
      "faces": {
        "north": { "uv": [3, 4.75, 3.25, 8.25], "texture": "#0" },
        "east": { "uv": [0.75, 12.5, 0, 16], "texture": "#0" },
        "south": { "uv": [3.25, 4.75, 3.5, 8.25], "texture": "#0" },
        "west": { "uv": [0, 12.5, 0.75, 16], "texture": "#0" },
        "up": { "uv": [2.75, 7, 2.5, 6.25], "texture": "#0" },
        "down": { "uv": [3, 6.25, 2.75, 7], "texture": "#0" }
      }
    },
    {
      "from": [7.5, 8.5, 1.5],
      "to": [8.5, 22.5, 4.5],
      "rotation": { "angle": 0, "axis": "y", "origin": [8, -4.5, 5] },
      "faces": {
        "north": { "uv": [9.5, 9.5, 9.75, 13], "texture": "#0" },
        "east": { "uv": [8, 9.5, 7.25, 13], "texture": "#0" },
        "south": { "uv": [9.5, 9.5, 9.75, 13], "texture": "#0" },
        "west": { "uv": [7.25, 9.5, 8, 13], "texture": "#0" },
        "up": { "uv": [9.5, 9.5, 9.25, 8.75], "texture": "#0" },
        "down": { "uv": [9.5, 9.5, 9.25, 10.25], "texture": "#0" }
      }
    },
    {
      "from": [7.475, 22.5, 4.5],
      "to": [8.525, 31.5, 10.5],
      "rotation": { "angle": 45, "axis": "x", "origin": [7.5, 22.5, 4.5] },
      "faces": {
        "north": { "uv": [4, 4.75, 4.25, 7], "texture": "#0" },
        "east": { "uv": [16, 0, 14.5, 2.25], "texture": "#0" },
        "south": { "uv": [4.75, 5.5, 5, 7.75], "texture": "#0" },
        "west": { "uv": [14.5, 0, 16, 2.25], "texture": "#0" },
        "up": { "uv": [4.75, 7.25, 4.5, 5.75], "texture": "#0" },
        "down": { "uv": [6, 5.25, 5.75, 6.75], "texture": "#0" }
      }
    },
    {
      "from": [7.25, 5.75, 6.75],
      "to": [8.75, 12.25, 9.25],
      "rotation": { "angle": 45, "axis": "x", "origin": [7, 6, 8] },
      "faces": {
        "north": { "uv": [5.75, 3.75, 6, 5.25], "texture": "#0" },
        "east": { "uv": [12.25, 5.5, 11.75, 7], "texture": "#0" },
        "south": { "uv": [4.25, 5.75, 4.5, 7.25], "texture": "#0" },
        "west": { "uv": [11.75, 5.5, 12.25, 7], "texture": "#0" },
        "up": { "uv": [6.5, 5.75, 6.25, 5.25], "texture": "#0" },
        "down": { "uv": [5.75, 6.25, 5.5, 6.75], "texture": "#0" }
      }
    },
    {
      "from": [8, 2, 4],
      "to": [8, 4, 7],
      "rotation": { "angle": 0, "axis": "y", "origin": [8, -4, 8] },
      "faces": {
        "north": { "uv": [0, 0, 0, 0.5], "texture": "#0" },
        "east": { "uv": [8, 3.25, 7.25, 3.75], "texture": "#0" },
        "south": { "uv": [0, 0, 0, 0.5], "texture": "#0" },
        "west": { "uv": [7.25, 3.25, 8, 3.75], "texture": "#0" },
        "up": { "uv": [0, 0.75, 0, 0], "texture": "#0" },
        "down": { "uv": [0, 0, 0, 0.75], "texture": "#0" }
      }
    },
    {
      "from": [6.975, 4, 6],
      "to": [9.025, 7, 10],
      "rotation": { "angle": -22.5, "axis": "x", "origin": [7, 4, 9] },
      "faces": {
        "north": { "uv": [5.75, 1.5, 6.25, 2.25], "texture": "#0" },
        "east": { "uv": [4.75, 4, 5.75, 4.75], "texture": "#0" },
        "south": { "uv": [1.75, 5.75, 2.25, 6.5], "texture": "#0" },
        "west": { "uv": [4.75, 4.75, 5.75, 5.5], "texture": "#0" },
        "up": { "uv": [0.5, 6.75, 0, 5.75], "texture": "#0" },
        "down": { "uv": [1, 5.75, 0.5, 6.75], "texture": "#0" }
      }
    },
    {
      "from": [8, 4.15432, 8.77583],
      "to": [8, 7.15432, 12.77583],
      "rotation": {
        "angle": 22.5,
        "axis": "x",
        "origin": [7.5, 7.15432, 8.77583]
      },
      "faces": {
        "north": { "uv": [0, 0, 0, 0.75], "texture": "#0" },
        "east": { "uv": [8.25, 0.5, 7.25, 1.25], "texture": "#0" },
        "south": { "uv": [0, 0, 0, 0.75], "texture": "#0" },
        "west": { "uv": [7.25, 0.5, 8.25, 1.25], "texture": "#0" },
        "up": { "uv": [0, 1, 0, 0], "texture": "#0" },
        "down": { "uv": [0, 0, 0, 1], "texture": "#0" }
      }
    },
    {
      "from": [7.5, 7, 6],
      "to": [8.5, 9, 8],
      "rotation": { "angle": -22.5, "axis": "x", "origin": [7, 4, 9] },
      "faces": {
        "north": { "uv": [6.25, 4.25, 6.5, 4.75], "texture": "#0" },
        "east": { "uv": [7.75, 1.5, 7.25, 2], "texture": "#0" },
        "south": { "uv": [6.25, 4.75, 6.5, 5.25], "texture": "#0" },
        "west": { "uv": [7.25, 1.5, 7.75, 2], "texture": "#0" },
        "up": { "uv": [5.25, 6.75, 5, 6.25], "texture": "#0" },
        "down": { "uv": [5.5, 6.25, 5.25, 6.75], "texture": "#0" }
      }
    },
    {
      "from": [7.35, 5, 3],
      "to": [8.65, 14, 11],
      "rotation": { "angle": -22.5, "axis": "x", "origin": [8, 9.5, 7] },
      "faces": {
        "north": { "uv": [0, 0, 0, 2.25], "texture": "#0" },
        "east": { "uv": [12.5, 10.5, 10.5, 12.75], "texture": "#0" },
        "south": { "uv": [0, 0, 0, 2.25], "texture": "#0" },
        "west": { "uv": [10.5, 10.5, 12.5, 12.75], "texture": "#0" },
        "up": { "uv": [0, 0, 0, 2], "texture": "#0" },
        "down": { "uv": [0, 0, 0, 2], "texture": "#0" }
      }
    },
    {
      "name": "1",
      "from": [6.75, 2.75, 6.75],
      "to": [9.25, 6.25, 9.25],
      "rotation": { "angle": -22.5, "axis": "x", "origin": [8, 4.5, 8] },
      "faces": {
        "north": { "uv": [0, 0, 2, 3], "texture": "#2" },
        "east": { "uv": [2, 0, 4, 3], "texture": "#2" },
        "south": { "uv": [0, 3, 2, 6], "texture": "#2" },
        "west": { "uv": [2, 3, 4, 6], "texture": "#2" },
        "up": { "uv": [6, 2, 4, 0], "texture": "#2" },
        "down": { "uv": [6, 2, 4, 4], "texture": "#2" }
      }
    },
    {
      "name": "2",
      "from": [6.5, 2.5, 6.5],
      "to": [9.5, 6.5, 9.5],
      "rotation": { "angle": -22.5, "axis": "x", "origin": [8, 4.5, 8] },
      "faces": {
        "north": { "uv": [10, 0, 12, 3], "texture": "#2" },
        "east": { "uv": [12, 0, 14, 3], "texture": "#2" },
        "south": { "uv": [10, 3, 12, 6], "texture": "#2" },
        "west": { "uv": [12, 3, 14, 6], "texture": "#2" },
        "up": { "uv": [16, 2, 14, 0], "texture": "#2" },
        "down": { "uv": [16, 2, 14, 4], "texture": "#2" }
      }
    },
    {
      "name": "3",
      "from": [6.85, 2.85, 6.85],
      "to": [9.15, 6.15, 9.15],
      "rotation": { "angle": -22.5, "axis": "x", "origin": [8, 4.5, 8] },
      "faces": {
        "north": { "uv": [0, 10, 2, 13], "texture": "#2" },
        "east": { "uv": [2, 10, 4, 13], "texture": "#2" },
        "south": { "uv": [0, 13, 2, 16], "texture": "#2" },
        "west": { "uv": [2, 13, 4, 16], "texture": "#2" },
        "up": { "uv": [6, 12, 4, 10], "texture": "#2" },
        "down": { "uv": [6, 12, 4, 14], "texture": "#2" }
      }
    },
    {
      "name": "4",
      "from": [6.75, 2.75, 6.75],
      "to": [9.25, 6.25, 9.25],
      "rotation": { "angle": -22.5, "axis": "x", "origin": [8, 4.5, 8] },
      "faces": {
        "north": { "uv": [10, 10, 12, 13], "texture": "#2" },
        "east": { "uv": [12, 10, 14, 13], "texture": "#2" },
        "south": { "uv": [10, 13, 12, 16], "texture": "#2" },
        "west": { "uv": [12, 13, 14, 16], "texture": "#2" },
        "up": { "uv": [16, 12, 14, 10], "texture": "#2" },
        "down": { "uv": [16, 12, 14, 14], "texture": "#2" }
      }
    }
  ],
  "gui_light": "front",
  "display": {
    "thirdperson_righthand": { "translation": [0, 6, 2] },
    "thirdperson_lefthand": { "translation": [0, 6, 2] },
    "firstperson_righthand": {
      "rotation": [-23.67, -6.67, -2.9],
      "translation": [1.25, 1.25, 0],
      "scale": [0.39, 0.39, 0.39]
    },
    "firstperson_lefthand": {
      "rotation": [-23.67, -6.67, -2.9],
      "translation": [1.25, 1.25, 0],
      "scale": [0.39, 0.39, 0.39]
    },
    "ground": {
      "rotation": [10, 0, 0],
      "translation": [0, 7, 0],
      "scale": [0.4, 0.4, 0.4]
    },
    "gui": {
      "rotation": [50.82, 45.2, -69.06],
      "translation": [-0.9, -0.15, 0],
      "scale": [0.53, 0.53, 0.53]
    },
    "fixed": {
      "rotation": [0, -90, 0],
      "translation": [0, -0.75, 0],
      "scale": [0.48, 0.48, 0.48]
    }
  },
  "groups": [
    0,
    1,
    2,
    3,
    4,
    5,
    6,
    7,
    8,
    9,
    10,
    11,
    12,
    13,
    {
      "name": "small_heart",
      "origin": [8, 12.5, 8],
      "color": 0,
      "children": [14, 15, 16, 17]
    }
  ]
}
