{
    "model": {
        "type": "range_dispatch",
        "property": "custom_model_data",
        "fallback": {
            "type": "model",
            "model": "minecraft:item/iron_sword"
        },
        "entries": [
            {
                "threshold": 1499135,
                "model": {
                    "type": "model",
                    "model": "lugin:ender_dragonset/hammer"
                }
            },
            {
                "threshold": 1499136,
                "model": {
                    "type": "model",
                    "model": "lugin:ender_dragonset/scythe"
                }
            },
            {
                "threshold": 1499137,
                "model": {
                    "type": "model",
                    "model": "lugin:ender_dragonset/spear"
                }
            },
            {
                "threshold": 1499138,
                "model": {
                    "type": "model",
                    "model": "lugin:ender_dragonset/staff"
                }
            },
            {
                "threshold": 1499139,
                "model": {
                    "type": "model",
                    "model": "lugin:ender_dragonset/sword"
                }
            },
            {
                "threshold": 1499140,
                "model": {
                    "type": "model",
                    "model": "lugin:ender_dragonset/trident"
                }
            },
            {
                "threshold": 1499141,
                "model": {
                    "type": "model",
                    "model": "item/iron_sword"
                }
            }
        ]
    }
}