{
    "model": {
        "type": "range_dispatch",
        "property": "custom_model_data",
        "fallback": {
            "type": "model",
            "model": "minecraft:item/iron_shovel"
        },
        "entries": [
            {
                "threshold": 10166,
                "model": {
                    "type": "model",
                    "model": "lugin:ender_dragonset/shovel"
                }
            },
            {
                "threshold": 10167,
                "model": {
                    "type": "model",
                    "model": "item/iron_shovel"
                }
            }
        ]
    }
}