{
    "model": {
        "type": "range_dispatch",
        "property": "custom_model_data",
        "fallback": {
            "type": "model",
            "model": "minecraft:item/netherite_axe"
        },
        "entries": [
            {
                "threshold": 1,
                "model": {
                    "type": "model",
                    "model": "lugin:item/custom/snowswept_axe"
                }
            },
            {
                "threshold": 2,
                "model": {
                    "type": "model",
                    "model": "lugin:item/custom/snowswept_battleaxe"
                }
            },
            {
                "threshold": 3,
                "model": {
                    "type": "model",
                    "model": "lugin:item/custom/snowswept_mace"
                }
            },
            {
                "threshold": 4,
                "model": {
                    "type": "model",
                    "model": "lugin:item/custom/snowswept_hammer"
                }
            },
            {
                "threshold": 5,
                "model": {
                    "type": "model",
                    "model": "lugin:item/custom/snowswept_spear"
                }
            },
            {
                "threshold": 6,
                "model": {
                    "type": "model",
                    "model": "lugin:item/custom/winter/winter_axe"
                }
            },
                        {
                "threshold": 7,
                "model": {
                    "type": "model",
                    "model": "lugin:mve_crimson/crimson_axe"
                }
            },
            {
                "threshold": 8,
                "model": {
                    "type": "model",
                    "model": "lugin:mve_crimson/crimson_greataxe"
                }
            },
            {
                "threshold": 9,
                "model": {
                    "type": "model",
                    "model": "lugin:mve_crimson/crimson_kanabo"
                }
            },
            {
                "threshold": 10,
                "model": {
                    "type": "model",
                    "model": "lugin:mve_crimson/crimson_lance"
                }
            }
        ]
    }
}