{
    "model": {
        "type": "range_dispatch",
        "property": "custom_model_data",
        "fallback": {
            "type": "model",
            "model": "minecraft:item/netherite_shovel"
        },
        "entries": [
            {
                "threshold": 1,
                "model": {
                    "type": "model",
                    "model": "lugin:item/custom/winter/winter_shovel"
                }
            },
            {
                "threshold": 2,
                "model": {
                    "type": "model",
                    "model": "lugin:mve_crimson/crimson_shovel"
                }
            }
        ]
    }
}