{"textures":{"0":"modelengine:entity/mso_warmm","particle":"#0"},"elements":[{"from":[12.0,4.0625,-0.3125],"to":[12.0,12.0625,3.6875],"faces":{"east":{"uv":[10.5,11.0,11.5,13.0],"tintindex":0,"rotation":0,"texture":"#0"},"west":{"uv":[11.5,11.0,10.5,13.0],"tintindex":0,"rotation":0,"texture":"#0"}}},{"from":[4.0,12.0625,-0.3125],"to":[12.0,12.0625,3.6875],"faces":{"up":{"uv":[12.75,4.75,10.75,3.75],"tintindex":0,"rotation":0,"texture":"#0"},"down":{"uv":[12.75,3.75,10.75,4.75],"tintindex":0,"rotation":0,"texture":"#0"}}},{"from":[4.0,4.0625,-0.3125],"to":[12.0,4.0625,3.6875],"faces":{"up":{"uv":[10.5,12.0,8.5,11.0],"tintindex":0,"rotation":0,"texture":"#0"},"down":{"uv":[10.5,11.0,8.5,12.0],"tintindex":0,"rotation":0,"texture":"#0"}}},{"from":[4.0,4.0625,5.6875],"to":[12.0,12.0625,11.6875],"faces":{"east":{"uv":[9.75,1.75,8.25,3.75],"tintindex":0,"rotation":0,"texture":"#0"},"south":{"uv":[2.25,2.0,4.25,4.0],"tintindex":0,"rotation":0,"texture":"#0"},"north":{"uv":[2.25,0.0,4.25,2.0],"tintindex":0,"rotation":0,"texture":"#0"},"west":{"uv":[8.25,1.75,9.75,3.75],"tintindex":0,"rotation":0,"texture":"#0"},"up":{"uv":[10.25,8.75,8.25,7.25],"tintindex":0,"rotation":0,"texture":"#0"},"down":{"uv":[10.75,3.75,8.75,5.25],"tintindex":0,"rotation":0,"texture":"#0"}}},{"from":[4.0,4.0625,-0.3125],"to":[4.0,12.0625,3.6875],"faces":{"east":{"uv":[12.0,8.75,11.0,10.75],"tintindex":0,"rotation":0,"texture":"#0"},"west":{"uv":[11.0,8.75,12.0,10.75],"tintindex":0,"rotation":0,"texture":"#0"}}},{"from":[3.5,3.5625,3.6875],"to":[12.5,12.5625,6.6875],"faces":{"east":{"uv":[4.0,11.25,4.75,13.5],"tintindex":0,"rotation":0,"texture":"#0"},"south":{"uv":[0.0,2.25,2.25,4.5],"tintindex":0,"rotation":0,"texture":"#0"},"north":{"uv":[0.0,0.0,2.25,2.25],"tintindex":0,"rotation":0,"texture":"#0"},"west":{"uv":[4.75,11.25,5.5,13.5],"tintindex":0,"rotation":0,"texture":"#0"},"up":{"uv":[13.5,2.75,11.25,2.0],"tintindex":0,"rotation":0,"texture":"#0"},"down":{"uv":[13.5,2.75,11.25,3.5],"tintindex":0,"rotation":0,"texture":"#0"}}}],"display":{"head":{"rotation":[0.0,0.0,0.0]},"firstperson_righthand":{"rotation":[0.0,0.0,0.0]},"thirdperson_lefthand":{"rotation":[0.0,-0.0,-0.0]},"firstperson_lefthand":{"rotation":[0.0,-0.0,-0.0]},"fixed":{"rotation":[0.0,0.0,0.0]},"ground":{"rotation":[0.0,0.0,0.0]},"thirdperson_righthand":{"rotation":[0.0,0.0,0.0]},"gui":{"rotation":[-150.0,-45.0,180.0]}}}