{"textures":{"0":"modelengine:entity/mso_warmm","particle":"#0"},"elements":[{"from":[8.0,4.0,4.000001],"to":[8.0,12.0,12.0],"faces":{"east":{"uv":[6.25,0.0,4.25,2.0],"tintindex":0,"rotation":0,"texture":"#0"},"west":{"uv":[4.25,0.0,6.25,2.0],"tintindex":0,"rotation":0,"texture":"#0"}},"rotation":{"origin":[8.010715,5.2368755,15.390659],"angle":22.5,"axis":"x"}}],"display":{"head":{"rotation":[0.0,0.0,0.0]},"firstperson_righthand":{"rotation":[0.0,0.0,0.0]},"thirdperson_lefthand":{"rotation":[0.0,-0.0,-0.0]},"firstperson_lefthand":{"rotation":[0.0,-0.0,-0.0]},"fixed":{"rotation":[0.0,0.0,0.0]},"ground":{"rotation":[0.0,0.0,0.0]},"thirdperson_righthand":{"rotation":[0.0,0.0,0.0]},"gui":{"rotation":[-150.0,-45.0,180.0]}}}