{"textures":{"0":"modelengine:entity/mso_warmm","particle":"#0"},"elements":[{"from":[8.0,12.75,4.0],"to":[8.0,20.75,10.0],"faces":{"east":{"uv":[1.5,9.0,0.0,11.0],"tintindex":0,"rotation":0,"texture":"#0"},"west":{"uv":[0.0,9.0,1.5,11.0],"tintindex":0,"rotation":0,"texture":"#0"}},"rotation":{"origin":[7.8357143,8.811666,-8.575985],"angle":22.5,"axis":"x"}}],"display":{"head":{"rotation":[0.0,0.0,0.0]},"firstperson_righthand":{"rotation":[0.0,0.0,0.0]},"thirdperson_lefthand":{"rotation":[0.0,-0.0,-0.0]},"firstperson_lefthand":{"rotation":[0.0,-0.0,-0.0]},"fixed":{"rotation":[0.0,0.0,0.0]},"ground":{"rotation":[0.0,0.0,0.0]},"thirdperson_righthand":{"rotation":[0.0,0.0,0.0]},"gui":{"rotation":[-150.0,-45.0,180.0]}}}