{"textures":{"0":"modelengine:entity/mso_warmm","particle":"#0"},"elements":[{"from":[8.0,10.0,3.5],"to":[8.0,18.0,10.5],"faces":{"east":{"uv":[8.25,2.0,6.5,4.0],"tintindex":0,"rotation":0,"texture":"#0"},"west":{"uv":[6.5,2.0,8.25,4.0],"tintindex":0,"rotation":0,"texture":"#0"}},"rotation":{"origin":[7.9607143,7.576033,-1.1535711],"angle":22.5,"axis":"x"}}],"display":{"head":{"rotation":[0.0,0.0,0.0]},"firstperson_righthand":{"rotation":[0.0,0.0,0.0]},"thirdperson_lefthand":{"rotation":[0.0,-0.0,-0.0]},"firstperson_lefthand":{"rotation":[0.0,-0.0,-0.0]},"fixed":{"rotation":[0.0,0.0,0.0]},"ground":{"rotation":[0.0,0.0,0.0]},"thirdperson_righthand":{"rotation":[0.0,0.0,0.0]},"gui":{"rotation":[-150.0,-45.0,180.0]}}}