{"textures":{"0":"modelengine:entity/mso_warmm","particle":"#0"},"elements":[{"from":[8.0,6.75,3.25],"to":[8.0,14.75,10.25],"faces":{"east":{"uv":[7.75,5.5,6.0,7.5],"tintindex":0,"rotation":0,"texture":"#0"},"west":{"uv":[6.0,5.5,7.75,7.5],"tintindex":0,"rotation":0,"texture":"#0"}},"rotation":{"origin":[8.085714,6.3177934,6.2140737],"angle":22.5,"axis":"x"}}],"display":{"head":{"rotation":[0.0,0.0,0.0]},"firstperson_righthand":{"rotation":[0.0,0.0,0.0]},"thirdperson_lefthand":{"rotation":[0.0,-0.0,-0.0]},"firstperson_lefthand":{"rotation":[0.0,-0.0,-0.0]},"fixed":{"rotation":[0.0,0.0,0.0]},"ground":{"rotation":[0.0,0.0,0.0]},"thirdperson_righthand":{"rotation":[0.0,0.0,0.0]},"gui":{"rotation":[-150.0,-45.0,180.0]}}}