{"textures":{"0":"modelengine:entity/mso_warmm","particle":"#0"},"elements":[{"from":[5.02,5.186667,7.02],"to":[10.98,11.146667,15.98],"faces":{"east":{"uv":[6.5,4.0,8.75,5.5],"tintindex":0,"rotation":0,"texture":"#0"},"south":{"uv":[1.5,10.0,3.0,11.5],"tintindex":0,"rotation":0,"texture":"#0"},"north":{"uv":[9.75,2.25,11.25,3.75],"tintindex":0,"rotation":0,"texture":"#0"},"west":{"uv":[6.0,7.5,8.25,9.0],"tintindex":0,"rotation":0,"texture":"#0"},"up":{"uv":[1.5,9.0,0.0,6.75],"tintindex":0,"rotation":0,"texture":"#0"},"down":{"uv":[5.0,7.75,3.5,10.0],"tintindex":0,"rotation":0,"texture":"#0"}}}],"display":{"head":{"rotation":[0.0,0.0,0.0]},"firstperson_righthand":{"rotation":[0.0,0.0,0.0]},"thirdperson_lefthand":{"rotation":[0.0,-0.0,-0.0]},"firstperson_lefthand":{"rotation":[0.0,-0.0,-0.0]},"fixed":{"rotation":[0.0,0.0,0.0]},"ground":{"rotation":[0.0,0.0,0.0]},"thirdperson_righthand":{"rotation":[0.0,0.0,0.0]},"gui":{"rotation":[-150.0,-45.0,180.0]}}}