{"textures":{"0":"modelengine:entity/bl_fire_elemental_blessed","particle":"#0"},"elements":[{"from":[8.0,24.0,5.0],"to":[8.0,32.0,11.0],"faces":{"east":{"uv":[9.0,7.714286,9.857143,8.857143],"tintindex":0,"rotation":0,"texture":"#0"},"west":{"uv":[9.0,8.857143,9.857143,10.0],"tintindex":0,"rotation":0,"texture":"#0"}}},{"from":[5.0,8.0,5.0],"to":[11.0,24.0,11.0],"faces":{"east":{"uv":[1.7142859,2.2857144,2.5714288,4.571429],"tintindex":0,"rotation":0,"texture":"#0"},"south":{"uv":[2.5714288,0.0,3.4285717,2.2857144],"tintindex":0,"rotation":0,"texture":"#0"},"north":{"uv":[0.8571429,2.2857144,1.7142859,4.571429],"tintindex":0,"rotation":0,"texture":"#0"},"west":{"uv":[2.5714288,2.2857144,3.4285717,4.571429],"tintindex":0,"rotation":0,"texture":"#0"},"up":{"uv":[4.857143,12.857143,4.0,12.000001],"tintindex":0,"rotation":0,"texture":"#0"},"down":{"uv":[5.714286,12.000001,4.857143,12.857143],"tintindex":0,"rotation":0,"texture":"#0"}}}],"display":{"head":{"rotation":[0.0,0.0,0.0]},"firstperson_righthand":{"rotation":[0.0,0.0,0.0]},"thirdperson_lefthand":{"rotation":[0.0,-0.0,-0.0]},"firstperson_lefthand":{"rotation":[0.0,-0.0,-0.0]},"fixed":{"rotation":[0.0,0.0,0.0]},"ground":{"rotation":[0.0,0.0,0.0]},"thirdperson_righthand":{"rotation":[0.0,0.0,0.0]},"gui":{"rotation":[-150.0,-45.0,180.0]}}}