{"textures":{"0":"modelengine:entity/bl_fire_elemental_blessed","particle":"#0"},"elements":[{"from":[8.0,14.0,6.0],"to":[8.0,20.0,10.0],"faces":{"east":{"uv":[13.000001,7.4285717,13.571429,8.285715],"tintindex":0,"rotation":0,"texture":"#0"},"west":{"uv":[13.000001,8.285715,13.571429,9.142858],"tintindex":0,"rotation":0,"texture":"#0"}}},{"from":[6.0,8.0,6.0],"to":[10.0,14.0,10.0],"faces":{"east":{"uv":[12.000001,12.857143,12.571429,13.714287],"tintindex":0,"rotation":0,"texture":"#0"},"south":{"uv":[12.571429,12.857143,13.142858,13.714287],"tintindex":0,"rotation":0,"texture":"#0"},"north":{"uv":[9.714286,12.857143,10.285715,13.714287],"tintindex":0,"rotation":0,"texture":"#0"},"west":{"uv":[13.000001,6.571429,13.571429,7.4285717],"tintindex":0,"rotation":0,"texture":"#0"},"up":{"uv":[7.4285717,14.285715,6.8571434,13.714287],"tintindex":0,"rotation":0,"texture":"#0"},"down":{"uv":[8.0,13.714287,7.4285717,14.285715],"tintindex":0,"rotation":0,"texture":"#0"}}}],"display":{"head":{"rotation":[0.0,0.0,0.0]},"firstperson_righthand":{"rotation":[0.0,0.0,0.0]},"thirdperson_lefthand":{"rotation":[0.0,-0.0,-0.0]},"firstperson_lefthand":{"rotation":[0.0,-0.0,-0.0]},"fixed":{"rotation":[0.0,0.0,0.0]},"ground":{"rotation":[0.0,0.0,0.0]},"thirdperson_righthand":{"rotation":[0.0,0.0,0.0]},"gui":{"rotation":[-150.0,-45.0,180.0]}}}