{"textures":{"0":"modelengine:entity/bl_fire_elemental_blessed","particle":"#0"},"elements":[{"from":[8.0,20.0,6.0],"to":[8.0,24.0,10.0],"faces":{"east":{"uv":[13.714287,5.714286,14.285715,6.2857146],"tintindex":0,"rotation":0,"texture":"#0"},"west":{"uv":[6.2857146,13.714287,6.8571434,14.285715],"tintindex":0,"rotation":0,"texture":"#0"}}},{"from":[6.0,8.0,6.0],"to":[10.0,20.0,10.0],"faces":{"east":{"uv":[6.2857146,10.285715,6.8571434,12.000001],"tintindex":0,"rotation":0,"texture":"#0"},"south":{"uv":[6.8571434,10.285715,7.4285717,12.000001],"tintindex":0,"rotation":0,"texture":"#0"},"north":{"uv":[9.142858,10.0,9.714286,11.714286],"tintindex":0,"rotation":0,"texture":"#0"},"west":{"uv":[7.4285717,10.285715,8.0,12.000001],"tintindex":0,"rotation":0,"texture":"#0"},"up":{"uv":[5.714286,14.285715,5.1428576,13.714287],"tintindex":0,"rotation":0,"texture":"#0"},"down":{"uv":[14.285715,5.1428576,13.714287,5.714286],"tintindex":0,"rotation":0,"texture":"#0"}}}],"display":{"head":{"rotation":[0.0,0.0,0.0]},"firstperson_righthand":{"rotation":[0.0,0.0,0.0]},"thirdperson_lefthand":{"rotation":[0.0,-0.0,-0.0]},"firstperson_lefthand":{"rotation":[0.0,-0.0,-0.0]},"fixed":{"rotation":[0.0,0.0,0.0]},"ground":{"rotation":[0.0,0.0,0.0]},"thirdperson_righthand":{"rotation":[0.0,0.0,0.0]},"gui":{"rotation":[-150.0,-45.0,180.0]}}}