{"textures":{"0":"modelengine:entity/bl_fire_elemental_blessed","particle":"#0"},"elements":[{"from":[6.0,8.0,6.0],"to":[10.0,20.0,10.0],"faces":{"east":{"uv":[11.571429,10.857143,12.142858,12.571429],"tintindex":0,"rotation":0,"texture":"#0"},"south":{"uv":[8.571429,11.714286,9.142858,13.428572],"tintindex":0,"rotation":0,"texture":"#0"},"north":{"uv":[11.571429,9.142858,12.142858,10.857143],"tintindex":0,"rotation":0,"texture":"#0"},"west":{"uv":[9.142858,11.714286,9.714286,13.428572],"tintindex":0,"rotation":0,"texture":"#0"},"up":{"uv":[14.285715,14.571429,13.714287,14.000001],"tintindex":0,"rotation":0,"texture":"#0"},"down":{"uv":[14.714287,6.2857146,14.142858,6.8571434],"tintindex":0,"rotation":0,"texture":"#0"}}},{"from":[8.0,20.0,6.0],"to":[8.0,24.0,10.0],"faces":{"east":{"uv":[14.142858,6.8571434,14.714287,7.4285717],"tintindex":0,"rotation":0,"texture":"#0"},"west":{"uv":[14.142858,7.4285717,14.714287,8.0],"tintindex":0,"rotation":0,"texture":"#0"}}}],"display":{"head":{"rotation":[0.0,0.0,0.0]},"firstperson_righthand":{"rotation":[0.0,0.0,0.0]},"thirdperson_lefthand":{"rotation":[0.0,-0.0,-0.0]},"firstperson_lefthand":{"rotation":[0.0,-0.0,-0.0]},"fixed":{"rotation":[0.0,0.0,0.0]},"ground":{"rotation":[0.0,0.0,0.0]},"thirdperson_righthand":{"rotation":[0.0,0.0,0.0]},"gui":{"rotation":[-150.0,-45.0,180.0]}}}