{"textures":{"0":"modelengine:entity/bl_fire_elemental_blessed","particle":"#0"},"elements":[{"from":[-1.9411249,7.5,-16.0],"to":[17.941124,8.5,-16.0],"faces":{"south":{"uv":[6.8571434,4.857143,12.571429,5.1428576],"tintindex":0,"rotation":0,"texture":"#0"},"north":{"uv":[6.8571434,4.571429,12.571429,4.857143],"tintindex":0,"rotation":0,"texture":"#0"}},"rotation":{"origin":[8.0,8.0,8.0],"angle":45.0,"axis":"y"}},{"from":[-16.0,7.5,-1.9411249],"to":[-16.0,8.5,17.941124],"faces":{"east":{"uv":[6.8571434,6.571429,12.571429,6.8571434],"tintindex":0,"rotation":0,"texture":"#0"},"west":{"uv":[5.1428576,7.1428576,10.857143,7.4285717],"tintindex":0,"rotation":0,"texture":"#0"}},"rotation":{"origin":[8.0,8.0,8.0],"angle":45.0,"axis":"y"}},{"from":[-1.9411249,7.5,-16.0],"to":[17.941124,8.5,-16.0],"faces":{"south":{"uv":[6.8571434,5.1428576,12.571429,5.4285717],"tintindex":0,"rotation":0,"texture":"#0"},"north":{"uv":[5.1428576,6.8571434,10.857143,7.1428576],"tintindex":0,"rotation":0,"texture":"#0"}}},{"from":[-1.9411249,7.5,32.0],"to":[17.941124,8.5,32.0],"faces":{"south":{"uv":[6.8571434,5.714286,12.571429,6.0000005],"tintindex":0,"rotation":0,"texture":"#0"},"north":{"uv":[6.8571434,5.4285717,12.571429,5.714286],"tintindex":0,"rotation":0,"texture":"#0"}},"rotation":{"origin":[8.0,8.0,8.0],"angle":45.0,"axis":"y"}},{"from":[-1.9411249,7.5,32.0],"to":[17.941124,8.5,32.0],"faces":{"south":{"uv":[6.8571434,6.2857146,12.571429,6.571429],"tintindex":0,"rotation":0,"texture":"#0"},"north":{"uv":[6.8571434,6.0000005,12.571429,6.2857146],"tintindex":0,"rotation":0,"texture":"#0"}}},{"from":[32.0,7.5,-1.9411249],"to":[32.0,8.5,17.941124],"faces":{"east":{"uv":[7.714286,0.2857143,13.428572,0.5714286],"tintindex":0,"rotation":0,"texture":"#0"},"west":{"uv":[7.714286,0.5714286,13.428572,0.8571429],"tintindex":0,"rotation":0,"texture":"#0"}},"rotation":{"origin":[8.0,8.0,8.0],"angle":45.0,"axis":"y"}},{"from":[-16.0,7.5,-1.9411249],"to":[-16.0,8.5,17.941124],"faces":{"east":{"uv":[5.1428576,7.4285717,10.857143,7.714286],"tintindex":0,"rotation":0,"texture":"#0"},"west":{"uv":[7.714286,0.0,13.428572,0.2857143],"tintindex":0,"rotation":0,"texture":"#0"}}},{"from":[32.0,7.5,-1.9411249],"to":[32.0,8.5,17.941124],"faces":{"east":{"uv":[7.714286,0.8571429,13.428572,1.1428572],"tintindex":0,"rotation":0,"texture":"#0"},"west":{"uv":[7.714286,1.1428572,13.428572,1.4285715],"tintindex":0,"rotation":0,"texture":"#0"}}}],"display":{"head":{"rotation":[0.0,0.0,0.0]},"firstperson_righthand":{"rotation":[0.0,0.0,0.0]},"thirdperson_lefthand":{"rotation":[0.0,-0.0,-0.0]},"firstperson_lefthand":{"rotation":[0.0,-0.0,-0.0]},"fixed":{"rotation":[0.0,0.0,0.0]},"ground":{"rotation":[0.0,0.0,0.0]},"thirdperson_righthand":{"rotation":[0.0,0.0,0.0]},"gui":{"rotation":[-150.0,-45.0,180.0]}}}