{
    "credit": "Pologony Creation Co.,Ltd.",
    "textures": {
        "1": "lugin:item/ender_dragonset/helmet",
        "3": "lugin:item/ender_dragonset/dragon_head",
        "5": "lugin:item/ender_dragonset/animations/fire_eyes",
        "particle": "lugin:item/ender_dragonset/dragon_head"
    },
    "elements": [
        {
            "from": [
                12,
                0,
                3
            ],
            "to": [
                13,
                9,
                13
            ],
            "rotation": {
                "angle": 0,
                "axis": "y",
                "origin": [
                    16,
                    0,
                    0
                ]
            },
            "faces": {
                "north": {
                    "uv": [
                        2.66667,
                        10.66667,
                        3,
                        13.66667
                    ],
                    "texture": "#1"
                },
                "east": {
                    "uv": [
                        0,
                        0,
                        3.33333,
                        3
                    ],
                    "texture": "#1"
                },
                "south": {
                    "uv": [
                        3.33333,
                        10.66667,
                        3.66667,
                        13.66667
                    ],
                    "texture": "#1"
                },
                "west": {
                    "uv": [
                        0,
                        3.33333,
                        3.33333,
                        6.33333
                    ],
                    "texture": "#1"
                },
                "up": {
                    "uv": [
                        5,
                        12.33333,
                        4.66667,
                        9
                    ],
                    "texture": "#1"
                },
                "down": {
                    "uv": [
                        9.66667,
                        10.33333,
                        9.33333,
                        13.66667
                    ],
                    "texture": "#1"
                }
            }
        },
        {
            "from": [
                9.0021,
                -0.025,
                1
            ],
            "to": [
                13.0021,
                2.025,
                2
            ],
            "rotation": {
                "angle": -22.5,
                "axis": "y",
                "origin": [
                    8.0021,
                    0.475,
                    2.5
                ]
            },
            "faces": {
                "north": {
                    "uv": [
                        11.33333,
                        11.33333,
                        12.66667,
                        12
                    ],
                    "texture": "#1"
                },
                "east": {
                    "uv": [
                        9.66667,
                        8,
                        10,
                        8.66667
                    ],
                    "texture": "#1"
                },
                "south": {
                    "uv": [
                        0,
                        12,
                        1.33333,
                        12.66667
                    ],
                    "texture": "#1"
                },
                "west": {
                    "uv": [
                        5,
                        13.66667,
                        5.33333,
                        14.33333
                    ],
                    "texture": "#1"
                },
                "up": {
                    "uv": [
                        14,
                        3.33333,
                        12.66667,
                        3
                    ],
                    "texture": "#1"
                },
                "down": {
                    "uv": [
                        14.66667,
                        1.33333,
                        13.33333,
                        1.66667
                    ],
                    "texture": "#1"
                }
            }
        },
        {
            "from": [
                6.5,
                0,
                1.49686
            ],
            "to": [
                9.5,
                1,
                2.49686
            ],
            "rotation": {
                "angle": 0,
                "axis": "y",
                "origin": [
                    7.5,
                    2.475,
                    1.99686
                ]
            },
            "faces": {
                "north": {
                    "uv": [
                        12,
                        13.33333,
                        13,
                        13.66667
                    ],
                    "texture": "#1"
                },
                "south": {
                    "uv": [
                        13.33333,
                        12.66667,
                        14.33333,
                        13
                    ],
                    "texture": "#1"
                },
                "up": {
                    "uv": [
                        14.33333,
                        13.66667,
                        13.33333,
                        13.33333
                    ],
                    "texture": "#1"
                },
                "down": {
                    "uv": [
                        2,
                        13.66667,
                        1,
                        14
                    ],
                    "texture": "#1"
                }
            }
        },
        {
            "from": [
                9.0021,
                4.99,
                1
            ],
            "to": [
                13.0021,
                9.01,
                2.75
            ],
            "rotation": {
                "angle": -22.5,
                "axis": "y",
                "origin": [
                    8.0021,
                    5.49,
                    2.5
                ]
            },
            "faces": {
                "north": {
                    "uv": [
                        3,
                        9,
                        4.33333,
                        10.33333
                    ],
                    "texture": "#1"
                },
                "east": {
                    "uv": [
                        1.66667,
                        12,
                        2.33333,
                        13.33333
                    ],
                    "texture": "#1"
                },
                "south": {
                    "uv": [
                        6.66667,
                        9,
                        8,
                        10.33333
                    ],
                    "texture": "#1"
                },
                "west": {
                    "uv": [
                        5.33333,
                        12,
                        6,
                        13.33333
                    ],
                    "texture": "#1"
                },
                "up": {
                    "uv": [
                        7.66667,
                        12.66667,
                        6.33333,
                        12
                    ],
                    "texture": "#1"
                },
                "down": {
                    "uv": [
                        13.33333,
                        6.66667,
                        12,
                        7.33333
                    ],
                    "texture": "#1"
                }
            }
        },
        {
            "from": [
                6.5,
                5.9875,
                1.49686
            ],
            "to": [
                9.5,
                9.0125,
                3.24686
            ],
            "rotation": {
                "angle": 0,
                "axis": "y",
                "origin": [
                    7.5,
                    5.9875,
                    1.99686
                ]
            },
            "faces": {
                "north": {
                    "uv": [
                        9.66667,
                        2,
                        10.66667,
                        3
                    ],
                    "texture": "#1"
                },
                "east": {
                    "uv": [
                        12.33333,
                        4.66667,
                        13,
                        5.66667
                    ],
                    "texture": "#1"
                },
                "south": {
                    "uv": [
                        5.33333,
                        10.66667,
                        6.33333,
                        11.66667
                    ],
                    "texture": "#1"
                },
                "west": {
                    "uv": [
                        11,
                        12.33333,
                        11.66667,
                        13.33333
                    ],
                    "texture": "#1"
                },
                "down": {
                    "uv": [
                        13,
                        12.33333,
                        12,
                        13
                    ],
                    "texture": "#1"
                }
            }
        },
        {
            "from": [
                4,
                6,
                3
            ],
            "to": [
                12,
                8,
                4
            ],
            "rotation": {
                "angle": 0,
                "axis": "y",
                "origin": [
                    16,
                    0,
                    0
                ]
            },
            "faces": {
                "south": {
                    "uv": [
                        6.66667,
                        8,
                        9.33333,
                        8.66667
                    ],
                    "texture": "#1"
                },
                "down": {
                    "uv": [
                        14,
                        10.66667,
                        11.33333,
                        11
                    ],
                    "texture": "#1"
                }
            }
        },
        {
            "from": [
                4,
                8,
                3
            ],
            "to": [
                12,
                9,
                12
            ],
            "rotation": {
                "angle": 0,
                "axis": "y",
                "origin": [
                    16,
                    8,
                    0
                ]
            },
            "faces": {
                "up": {
                    "uv": [
                        2.66667,
                        9.66667,
                        0,
                        6.66667
                    ],
                    "texture": "#1"
                },
                "down": {
                    "uv": [
                        9.33333,
                        0,
                        6.66667,
                        3
                    ],
                    "texture": "#1"
                }
            }
        },
        {
            "from": [
                4,
                -0.025,
                12
            ],
            "to": [
                12,
                8.975,
                13
            ],
            "rotation": {
                "angle": 0,
                "axis": "y",
                "origin": [
                    16,
                    -0.025,
                    0
                ]
            },
            "faces": {
                "north": {
                    "uv": [
                        3.66667,
                        0,
                        6.33333,
                        3
                    ],
                    "texture": "#1"
                },
                "south": {
                    "uv": [
                        3.66667,
                        3.33333,
                        6.33333,
                        6.33333
                    ],
                    "texture": "#1"
                },
                "up": {
                    "uv": [
                        13.66667,
                        6.33333,
                        11,
                        6
                    ],
                    "texture": "#1"
                },
                "down": {
                    "uv": [
                        14,
                        4,
                        11.33333,
                        4.33333
                    ],
                    "texture": "#1"
                }
            }
        },
        {
            "from": [
                12.5,
                0.25,
                6.5
            ],
            "to": [
                14,
                3.25,
                9.5
            ],
            "rotation": {
                "angle": -22.5,
                "axis": "x",
                "origin": [
                    15.5,
                    0.25,
                    3
                ]
            },
            "faces": {
                "east": {
                    "uv": [
                        10,
                        10.66667,
                        11,
                        11.66667
                    ],
                    "texture": "#1"
                },
                "up": {
                    "uv": [
                        8.83333,
                        14,
                        8.33333,
                        13
                    ],
                    "texture": "#1"
                },
                "down": {
                    "uv": [
                        13.83333,
                        0,
                        13.33333,
                        1
                    ],
                    "texture": "#1"
                }
            }
        },
        {
            "from": [
                12.5,
                -0.75,
                5.5
            ],
            "to": [
                14,
                3.25,
                6.5
            ],
            "rotation": {
                "angle": -22.5,
                "axis": "x",
                "origin": [
                    15.5,
                    0.25,
                    3
                ]
            },
            "faces": {
                "north": {
                    "uv": [
                        4,
                        12.66667,
                        4.5,
                        14
                    ],
                    "texture": "#1"
                },
                "east": {
                    "uv": [
                        4,
                        10.66667,
                        4.33333,
                        12
                    ],
                    "texture": "#1"
                },
                "south": {
                    "uv": [
                        12.66667,
                        7.66667,
                        13.16667,
                        9
                    ],
                    "texture": "#1"
                },
                "up": {
                    "uv": [
                        14.16667,
                        7,
                        13.66667,
                        6.66667
                    ],
                    "texture": "#1"
                },
                "down": {
                    "uv": [
                        14.16667,
                        7.33333,
                        13.66667,
                        7.66667
                    ],
                    "texture": "#1"
                }
            }
        },
        {
            "from": [
                13,
                1.5795,
                7.67362
            ],
            "to": [
                14.5,
                4.5795,
                10.67362
            ],
            "rotation": {
                "angle": -45,
                "axis": "x",
                "origin": [
                    14,
                    2.5795,
                    7.67362
                ]
            },
            "faces": {
                "north": {
                    "uv": [
                        12.66667,
                        9.33333,
                        13.16667,
                        10.33333
                    ],
                    "texture": "#1"
                },
                "east": {
                    "uv": [
                        6.66667,
                        10.66667,
                        7.66667,
                        11.66667
                    ],
                    "texture": "#1"
                },
                "south": {
                    "uv": [
                        0,
                        13,
                        0.5,
                        14
                    ],
                    "texture": "#1"
                },
                "west": {
                    "uv": [
                        10.66667,
                        6.66667,
                        11.66667,
                        7.66667
                    ],
                    "texture": "#1"
                },
                "up": {
                    "uv": [
                        6.83333,
                        14,
                        6.33333,
                        13
                    ],
                    "texture": "#1"
                },
                "down": {
                    "uv": [
                        7.83333,
                        13,
                        7.33333,
                        14
                    ],
                    "texture": "#1"
                }
            }
        },
        {
            "from": [
                6.5,
                7.025,
                0.99686
            ],
            "to": [
                9.5,
                12.025,
                3.99686
            ],
            "rotation": {
                "angle": 22.5,
                "axis": "x",
                "origin": [
                    6.5,
                    9.025,
                    0.99686
                ]
            },
            "faces": {
                "north": {
                    "uv": [
                        9.66667,
                        0,
                        10.66667,
                        1.66667
                    ],
                    "texture": "#1"
                },
                "east": {
                    "uv": [
                        9.66667,
                        4.66667,
                        10.66667,
                        6.33333
                    ],
                    "texture": "#1"
                },
                "south": {
                    "uv": [
                        0,
                        10,
                        1,
                        11.66667
                    ],
                    "texture": "#1"
                },
                "west": {
                    "uv": [
                        1.33333,
                        10,
                        2.33333,
                        11.66667
                    ],
                    "texture": "#1"
                },
                "up": {
                    "uv": [
                        12,
                        1,
                        11,
                        0
                    ],
                    "texture": "#1"
                },
                "down": {
                    "uv": [
                        12,
                        1.33333,
                        11,
                        2.33333
                    ],
                    "texture": "#1"
                }
            }
        },
        {
            "from": [
                6.5,
                2.7659,
                11.24267
            ],
            "to": [
                9.5,
                5.7659,
                14.24267
            ],
            "rotation": {
                "angle": -22.5,
                "axis": "x",
                "origin": [
                    6.5,
                    5.7659,
                    13.24267
                ]
            },
            "faces": {
                "east": {
                    "uv": [
                        11,
                        4.66667,
                        12,
                        5.66667
                    ],
                    "texture": "#1"
                },
                "south": {
                    "uv": [
                        11.33333,
                        2.66667,
                        12.33333,
                        3.66667
                    ],
                    "texture": "#1"
                },
                "west": {
                    "uv": [
                        11.33333,
                        8,
                        12.33333,
                        9
                    ],
                    "texture": "#1"
                },
                "down": {
                    "uv": [
                        12.33333,
                        9.33333,
                        11.33333,
                        10.33333
                    ],
                    "texture": "#1"
                }
            }
        },
        {
            "from": [
                6.5035,
                4.14859,
                12.16655
            ],
            "to": [
                9.4965,
                10.64859,
                14.16655
            ],
            "rotation": {
                "angle": 0,
                "axis": "x",
                "origin": [
                    6.5035,
                    7.64859,
                    13.16655
                ]
            },
            "faces": {
                "east": {
                    "uv": [
                        10.33333,
                        8,
                        11,
                        10.16667
                    ],
                    "texture": "#1"
                },
                "south": {
                    "uv": [
                        5.33333,
                        8,
                        6.33333,
                        10.16667
                    ],
                    "texture": "#1"
                },
                "west": {
                    "uv": [
                        8.33333,
                        10.33333,
                        9,
                        12.5
                    ],
                    "texture": "#1"
                },
                "up": {
                    "uv": [
                        13.66667,
                        2.66667,
                        12.66667,
                        2
                    ],
                    "texture": "#1"
                }
            }
        },
        {
            "from": [
                6.5035,
                8.14859,
                3.16655
            ],
            "to": [
                9.4965,
                10.64859,
                12.16655
            ],
            "rotation": {
                "angle": 0,
                "axis": "x",
                "origin": [
                    6.5035,
                    7.64859,
                    3.16655
                ]
            },
            "faces": {
                "east": {
                    "uv": [
                        5.33333,
                        6.66667,
                        8.33333,
                        7.5
                    ],
                    "texture": "#1"
                },
                "west": {
                    "uv": [
                        8,
                        3.33333,
                        11,
                        4.16667
                    ],
                    "texture": "#1"
                },
                "up": {
                    "uv": [
                        7.66667,
                        6.33333,
                        6.66667,
                        3.33333
                    ],
                    "texture": "#1"
                }
            }
        },
        {
            "from": [
                13.49955,
                3.51502,
                9.05
            ],
            "to": [
                13.52955,
                7.51502,
                14.05
            ],
            "rotation": {
                "angle": -22.5,
                "axis": "x",
                "origin": [
                    13.38205,
                    5.51502,
                    12.3
                ]
            },
            "faces": {
                "east": {
                    "uv": [
                        8,
                        4.66667,
                        9.33333,
                        6.33333
                    ],
                    "rotation": 270,
                    "texture": "#1"
                },
                "west": {
                    "uv": [
                        9.33333,
                        4.66667,
                        8,
                        6.33333
                    ],
                    "rotation": 90,
                    "texture": "#1"
                }
            }
        },
        {
            "from": [
                2.47045,
                3.51502,
                9.05
            ],
            "to": [
                2.50045,
                7.51502,
                14.05
            ],
            "rotation": {
                "angle": -22.5,
                "axis": "x",
                "origin": [
                    2.61795,
                    5.51502,
                    12.3
                ]
            },
            "faces": {
                "east": {
                    "uv": [
                        9.33333,
                        6.33333,
                        8,
                        4.66667
                    ],
                    "rotation": 90,
                    "texture": "#1"
                },
                "west": {
                    "uv": [
                        8,
                        6.33333,
                        9.33333,
                        4.66667
                    ],
                    "rotation": 270,
                    "texture": "#1"
                }
            }
        },
        {
            "from": [
                13.47,
                -1.96037,
                2.44239
            ],
            "to": [
                13.5,
                3.53963,
                8.44239
            ],
            "rotation": {
                "angle": -22.5,
                "axis": "x",
                "origin": [
                    13.485,
                    0.28963,
                    2.44239
                ]
            },
            "faces": {
                "east": {
                    "uv": [
                        5,
                        6.66667,
                        3,
                        8.5
                    ],
                    "texture": "#1"
                },
                "west": {
                    "uv": [
                        3,
                        6.66667,
                        5,
                        8.5
                    ],
                    "texture": "#1"
                }
            }
        },
        {
            "from": [
                2.5,
                -1.96037,
                2.44239
            ],
            "to": [
                2.53,
                3.53963,
                8.44239
            ],
            "rotation": {
                "angle": -22.5,
                "axis": "x",
                "origin": [
                    2.515,
                    0.28963,
                    2.44239
                ]
            },
            "faces": {
                "east": {
                    "uv": [
                        5,
                        6.66667,
                        3,
                        8.5
                    ],
                    "texture": "#1"
                },
                "west": {
                    "uv": [
                        3,
                        6.66667,
                        5,
                        8.5
                    ],
                    "texture": "#1"
                }
            }
        },
        {
            "from": [
                3,
                0,
                3
            ],
            "to": [
                4,
                9,
                13
            ],
            "faces": {
                "north": {
                    "uv": [
                        3,
                        10.66667,
                        2.66667,
                        13.66667
                    ],
                    "texture": "#1"
                },
                "east": {
                    "uv": [
                        3.33333,
                        3.33333,
                        0,
                        6.33333
                    ],
                    "texture": "#1"
                },
                "south": {
                    "uv": [
                        3.66667,
                        10.66667,
                        3.33333,
                        13.66667
                    ],
                    "texture": "#1"
                },
                "west": {
                    "uv": [
                        3.33333,
                        0,
                        0,
                        3
                    ],
                    "texture": "#1"
                },
                "up": {
                    "uv": [
                        4.66667,
                        12.33333,
                        5,
                        9
                    ],
                    "texture": "#1"
                },
                "down": {
                    "uv": [
                        9.33333,
                        10.33333,
                        9.66667,
                        13.66667
                    ],
                    "texture": "#1"
                }
            }
        },
        {
            "from": [
                2.9979,
                -0.025,
                1
            ],
            "to": [
                6.9979,
                2.025,
                2
            ],
            "rotation": {
                "angle": 22.5,
                "axis": "y",
                "origin": [
                    7.9979,
                    0.475,
                    2.5
                ]
            },
            "faces": {
                "north": {
                    "uv": [
                        12.66667,
                        11.33333,
                        11.33333,
                        12
                    ],
                    "texture": "#1"
                },
                "east": {
                    "uv": [
                        5.33333,
                        13.66667,
                        5,
                        14.33333
                    ],
                    "texture": "#1"
                },
                "south": {
                    "uv": [
                        1.33333,
                        12,
                        0,
                        12.66667
                    ],
                    "texture": "#1"
                },
                "west": {
                    "uv": [
                        10,
                        8,
                        9.66667,
                        8.66667
                    ],
                    "texture": "#1"
                },
                "up": {
                    "uv": [
                        12.66667,
                        3.33333,
                        14,
                        3
                    ],
                    "texture": "#1"
                },
                "down": {
                    "uv": [
                        13.33333,
                        1.33333,
                        14.66667,
                        1.66667
                    ],
                    "texture": "#1"
                }
            }
        },
        {
            "from": [
                2.9979,
                4.99,
                1
            ],
            "to": [
                6.9979,
                9.01,
                2.75
            ],
            "rotation": {
                "angle": 22.5,
                "axis": "y",
                "origin": [
                    7.9979,
                    5.49,
                    2.5
                ]
            },
            "faces": {
                "north": {
                    "uv": [
                        4.33333,
                        9,
                        3,
                        10.33333
                    ],
                    "texture": "#1"
                },
                "east": {
                    "uv": [
                        6,
                        12,
                        5.33333,
                        13.33333
                    ],
                    "texture": "#1"
                },
                "south": {
                    "uv": [
                        8,
                        9,
                        6.66667,
                        10.33333
                    ],
                    "texture": "#1"
                },
                "west": {
                    "uv": [
                        2.33333,
                        12,
                        1.66667,
                        13.33333
                    ],
                    "texture": "#1"
                },
                "up": {
                    "uv": [
                        6.33333,
                        12.66667,
                        7.66667,
                        12
                    ],
                    "texture": "#1"
                },
                "down": {
                    "uv": [
                        12,
                        6.66667,
                        13.33333,
                        7.33333
                    ],
                    "texture": "#1"
                }
            }
        },
        {
            "from": [
                1.5,
                1.5795,
                7.67362
            ],
            "to": [
                3,
                4.5795,
                10.67362
            ],
            "rotation": {
                "angle": -45,
                "axis": "x",
                "origin": [
                    2,
                    2.5795,
                    7.67362
                ]
            },
            "faces": {
                "north": {
                    "uv": [
                        13.16667,
                        9.33333,
                        12.66667,
                        10.33333
                    ],
                    "texture": "#1"
                },
                "east": {
                    "uv": [
                        11.66667,
                        6.66667,
                        10.66667,
                        7.66667
                    ],
                    "texture": "#1"
                },
                "south": {
                    "uv": [
                        0.5,
                        13,
                        0,
                        14
                    ],
                    "texture": "#1"
                },
                "west": {
                    "uv": [
                        7.66667,
                        10.66667,
                        6.66667,
                        11.66667
                    ],
                    "texture": "#1"
                },
                "up": {
                    "uv": [
                        6.33333,
                        14,
                        6.83333,
                        13
                    ],
                    "texture": "#1"
                },
                "down": {
                    "uv": [
                        7.33333,
                        13,
                        7.83333,
                        14
                    ],
                    "texture": "#1"
                }
            }
        },
        {
            "from": [
                2,
                0.25,
                6.5
            ],
            "to": [
                3.5,
                3.25,
                9.5
            ],
            "rotation": {
                "angle": -22.5,
                "axis": "x",
                "origin": [
                    0.5,
                    0.25,
                    3
                ]
            },
            "faces": {
                "west": {
                    "uv": [
                        11,
                        10.66667,
                        10,
                        11.66667
                    ],
                    "texture": "#1"
                },
                "up": {
                    "uv": [
                        8.33333,
                        14,
                        8.83333,
                        13
                    ],
                    "texture": "#1"
                },
                "down": {
                    "uv": [
                        13.33333,
                        0,
                        13.83333,
                        1
                    ],
                    "texture": "#1"
                }
            }
        },
        {
            "from": [
                2,
                -0.75,
                5.5
            ],
            "to": [
                3.5,
                3.25,
                6.5
            ],
            "rotation": {
                "angle": -22.5,
                "axis": "x",
                "origin": [
                    0.5,
                    0.25,
                    3
                ]
            },
            "faces": {
                "north": {
                    "uv": [
                        4.5,
                        12.66667,
                        4,
                        14
                    ],
                    "texture": "#1"
                },
                "south": {
                    "uv": [
                        13.16667,
                        7.66667,
                        12.66667,
                        9
                    ],
                    "texture": "#1"
                },
                "west": {
                    "uv": [
                        4.33333,
                        10.66667,
                        4,
                        12
                    ],
                    "texture": "#1"
                },
                "up": {
                    "uv": [
                        13.66667,
                        7,
                        14.16667,
                        6.66667
                    ],
                    "texture": "#1"
                },
                "down": {
                    "uv": [
                        13.66667,
                        7.33333,
                        14.16667,
                        7.66667
                    ],
                    "texture": "#1"
                }
            }
        },
        {
            "from": [
                2.75,
                7.66968,
                10.40166
            ],
            "to": [
                5.75,
                10.66968,
                13.40166
            ],
            "rotation": {
                "angle": -22.5,
                "axis": "x",
                "origin": [
                    4.25,
                    9.71508,
                    13.72019
                ]
            },
            "faces": {
                "north": {
                    "uv": [
                        9.14286,
                        1.71429,
                        10,
                        2.57143
                    ],
                    "rotation": 270,
                    "texture": "#3"
                },
                "east": {
                    "uv": [
                        9.42857,
                        4.57143,
                        8.57143,
                        5.42857
                    ],
                    "rotation": 270,
                    "texture": "#3"
                },
                "south": {
                    "uv": [
                        9.14286,
                        0.85714,
                        10,
                        0
                    ],
                    "rotation": 270,
                    "texture": "#3"
                },
                "west": {
                    "uv": [
                        8.28571,
                        8,
                        7.42857,
                        8.85714
                    ],
                    "rotation": 90,
                    "texture": "#3"
                },
                "up": {
                    "uv": [
                        9.42857,
                        6.28571,
                        8.57143,
                        7.14286
                    ],
                    "rotation": 180,
                    "texture": "#3"
                },
                "down": {
                    "uv": [
                        0.85714,
                        8.57143,
                        0,
                        9.42857
                    ],
                    "texture": "#3"
                }
            }
        },
        {
            "from": [
                3,
                8.63805,
                12.88798
            ],
            "to": [
                5.5,
                11.13805,
                15.38798
            ],
            "rotation": {
                "angle": 45,
                "axis": "x",
                "origin": [
                    4.25,
                    9.71508,
                    13.72019
                ]
            },
            "faces": {
                "north": {
                    "uv": [
                        8.14286,
                        9.71429,
                        7.42857,
                        10.42857
                    ],
                    "texture": "#3"
                },
                "east": {
                    "uv": [
                        6.42857,
                        9.71429,
                        5.71429,
                        10.42857
                    ],
                    "texture": "#3"
                },
                "south": {
                    "uv": [
                        4.71429,
                        9.71429,
                        4,
                        10.42857
                    ],
                    "texture": "#3"
                },
                "west": {
                    "uv": [
                        9.85714,
                        9.14286,
                        9.14286,
                        9.85714
                    ],
                    "texture": "#3"
                },
                "up": {
                    "uv": [
                        0,
                        11,
                        0.71429,
                        10.28571
                    ],
                    "rotation": 270,
                    "texture": "#3"
                }
            }
        },
        {
            "from": [
                3.25,
                10.38663,
                13.62042
            ],
            "to": [
                5.25,
                12.38663,
                15.62042
            ],
            "rotation": {
                "angle": 22.5,
                "axis": "x",
                "origin": [
                    4.25,
                    9.71508,
                    13.72019
                ]
            },
            "faces": {
                "north": {
                    "uv": [
                        6.85714,
                        11.42857,
                        6.28571,
                        12
                    ],
                    "texture": "#3"
                },
                "east": {
                    "uv": [
                        5.71429,
                        11.42857,
                        5.14286,
                        12
                    ],
                    "texture": "#3"
                },
                "south": {
                    "uv": [
                        4.57143,
                        11.42857,
                        4,
                        12
                    ],
                    "texture": "#3"
                },
                "west": {
                    "uv": [
                        10.85714,
                        10.85714,
                        10.28571,
                        11.42857
                    ],
                    "texture": "#3"
                },
                "up": {
                    "uv": [
                        7.42857,
                        12,
                        8,
                        11.42857
                    ],
                    "rotation": 270,
                    "texture": "#3"
                }
            }
        },
        {
            "from": [
                10.25,
                7.66968,
                10.40166
            ],
            "to": [
                13.25,
                10.66968,
                13.40166
            ],
            "rotation": {
                "angle": -22.5,
                "axis": "x",
                "origin": [
                    11.75,
                    9.71508,
                    13.72019
                ]
            },
            "faces": {
                "north": {
                    "uv": [
                        9.14286,
                        2.57143,
                        10,
                        1.71429
                    ],
                    "rotation": 270,
                    "texture": "#3"
                },
                "east": {
                    "uv": [
                        8.28571,
                        8.85714,
                        7.42857,
                        8
                    ],
                    "rotation": 90,
                    "texture": "#3"
                },
                "south": {
                    "uv": [
                        9.14286,
                        0,
                        10,
                        0.85714
                    ],
                    "rotation": 270,
                    "texture": "#3"
                },
                "west": {
                    "uv": [
                        9.42857,
                        5.42857,
                        8.57143,
                        4.57143
                    ],
                    "rotation": 270,
                    "texture": "#3"
                },
                "up": {
                    "uv": [
                        8.57143,
                        6.28571,
                        9.42857,
                        7.14286
                    ],
                    "rotation": 180,
                    "texture": "#3"
                },
                "down": {
                    "uv": [
                        0,
                        8.57143,
                        0.85714,
                        9.42857
                    ],
                    "texture": "#3"
                }
            }
        },
        {
            "from": [
                10.5,
                8.63805,
                12.88798
            ],
            "to": [
                13,
                11.13805,
                15.38798
            ],
            "rotation": {
                "angle": 45,
                "axis": "x",
                "origin": [
                    11.75,
                    9.71508,
                    13.72019
                ]
            },
            "faces": {
                "north": {
                    "uv": [
                        7.42857,
                        9.71429,
                        8.14286,
                        10.42857
                    ],
                    "texture": "#3"
                },
                "east": {
                    "uv": [
                        9.14286,
                        9.14286,
                        9.85714,
                        9.85714
                    ],
                    "texture": "#3"
                },
                "south": {
                    "uv": [
                        4,
                        9.71429,
                        4.71429,
                        10.42857
                    ],
                    "texture": "#3"
                },
                "west": {
                    "uv": [
                        5.71429,
                        9.71429,
                        6.42857,
                        10.42857
                    ],
                    "texture": "#3"
                },
                "up": {
                    "uv": [
                        0,
                        10.28571,
                        0.71429,
                        11
                    ],
                    "rotation": 270,
                    "texture": "#3"
                }
            }
        },
        {
            "from": [
                10.75,
                10.38663,
                13.62042
            ],
            "to": [
                12.75,
                12.38663,
                15.62042
            ],
            "rotation": {
                "angle": 22.5,
                "axis": "x",
                "origin": [
                    11.75,
                    9.71508,
                    13.72019
                ]
            },
            "faces": {
                "north": {
                    "uv": [
                        6.28571,
                        11.42857,
                        6.85714,
                        12
                    ],
                    "texture": "#3"
                },
                "east": {
                    "uv": [
                        10.28571,
                        10.85714,
                        10.85714,
                        11.42857
                    ],
                    "texture": "#3"
                },
                "south": {
                    "uv": [
                        4,
                        11.42857,
                        4.57143,
                        12
                    ],
                    "texture": "#3"
                },
                "west": {
                    "uv": [
                        5.14286,
                        11.42857,
                        5.71429,
                        12
                    ],
                    "texture": "#3"
                },
                "up": {
                    "uv": [
                        7.42857,
                        11.42857,
                        8,
                        12
                    ],
                    "rotation": 270,
                    "texture": "#3"
                }
            }
        },
        {
            "from": [
                2.5,
                7.41524,
                1.58685
            ],
            "to": [
                13.5,
                12.41524,
                1.64685
            ],
            "rotation": {
                "angle": 22.5,
                "axis": "x",
                "origin": [
                    8,
                    9.91524,
                    1.61685
                ]
            },
            "faces": {
                "north": {
                    "uv": [
                        0,
                        11,
                        5,
                        0
                    ],
                    "rotation": 90,
                    "texture": "#5"
                },
                "south": {
                    "uv": [
                        0,
                        0,
                        5,
                        11
                    ],
                    "rotation": 90,
                    "texture": "#5"
                }
            }
        }
    ],
    "gui_light": "front",
    "display": {
        "thirdperson_righthand": {
            "rotation": [
                47.75,
                0,
                0
            ],
            "translation": [
                0,
                5,
                2.5
            ],
            "scale": [
                0.7,
                0.7,
                0.7
            ]
        },
        "thirdperson_lefthand": {
            "rotation": [
                47.75,
                0,
                0
            ],
            "translation": [
                0,
                5,
                2.5
            ],
            "scale": [
                0.7,
                0.7,
                0.7
            ]
        },
        "firstperson_righthand": {
            "rotation": [
                144.75,
                0,
                180
            ],
            "translation": [
                1,
                5.25,
                -2
            ],
            "scale": [
                0.8,
                0.8,
                0.8
            ]
        },
        "firstperson_lefthand": {
            "rotation": [
                144.75,
                0,
                180
            ],
            "translation": [
                1,
                5.25,
                -2
            ],
            "scale": [
                0.8,
                0.8,
                0.8
            ]
        },
        "ground": {
            "translation": [
                0,
                3,
                0
            ],
            "scale": [
                0.7,
                0.7,
                0.7
            ]
        },
        "gui": {
            "rotation": [
                0,
                180,
                0
            ],
            "translation": [
                0,
                2,
                0
            ]
        },
        "head": {
            "translation": [
                0,
                6.25,
                0.25
            ],
            "scale": [
                1.6,
                1.6,
                1.6
            ]
        },
        "fixed": {
            "rotation": [
                -90,
                0,
                0
            ],
            "translation": [
                0,
                0,
                -16.5
            ],
            "scale": [
                2,
                2,
                2
            ]
        }
    }
}