{
    "credit": "Pologony Creation Co.,Ltd.",
    "textures": {
        "2": "lugin:item/ender_dragonset/dragon_head",
        "3": "lugin:item/ender_dragonset/animations/rune2_animation",
        "4": "lugin:item/ender_dragonset/animations/fire_eyes",
        "5": "lugin:item/ender_dragonset/shield",
        "particle": "lugin:item/ender_dragonset/dragon_head"
    },
    "elements": [
        {
            "from": [
                11.58296,
                2.41704,
                11.40663
            ],
            "to": [
                13.58296,
                4.41704,
                12.90663
            ],
            "rotation": {
                "angle": -45,
                "axis": "z",
                "origin": [
                    8,
                    8,
                    8
                ]
            },
            "faces": {
                "north": {
                    "uv": [
                        9.33333,
                        0,
                        10.22222,
                        0.88889
                    ],
                    "texture": "#5"
                },
                "east": {
                    "uv": [
                        9.77778,
                        10.22222,
                        10.44444,
                        11.11111
                    ],
                    "texture": "#5"
                },
                "south": {
                    "uv": [
                        8.44444,
                        8.44444,
                        9.33333,
                        9.33333
                    ],
                    "texture": "#5"
                },
                "west": {
                    "uv": [
                        10.66667,
                        0,
                        11.33333,
                        0.88889
                    ],
                    "texture": "#5"
                },
                "up": {
                    "uv": [
                        11.33333,
                        2.22222,
                        10.66667,
                        1.33333
                    ],
                    "rotation": 90,
                    "texture": "#5"
                },
                "down": {
                    "uv": [
                        11.33333,
                        2.66667,
                        10.66667,
                        3.55556
                    ],
                    "rotation": 270,
                    "texture": "#5"
                }
            }
        },
        {
            "from": [
                4.31082,
                2.60451,
                10.18918
            ],
            "to": [
                5.81082,
                3.10451,
                11.68918
            ],
            "rotation": {
                "angle": 45,
                "axis": "y",
                "origin": [
                    8,
                    8,
                    8
                ]
            },
            "faces": {
                "north": {
                    "uv": [
                        4.88889,
                        13.33333,
                        5.55556,
                        13.55556
                    ],
                    "texture": "#5"
                },
                "east": {
                    "uv": [
                        0.88889,
                        13.33333,
                        1.55556,
                        13.55556
                    ],
                    "texture": "#5"
                },
                "south": {
                    "uv": [
                        2.22222,
                        13.33333,
                        2.88889,
                        13.55556
                    ],
                    "texture": "#5"
                },
                "west": {
                    "uv": [
                        3.55556,
                        13.33333,
                        4.22222,
                        13.55556
                    ],
                    "texture": "#5"
                },
                "up": {
                    "uv": [
                        8.66667,
                        12.22222,
                        8,
                        11.55556
                    ],
                    "rotation": 90,
                    "texture": "#5"
                },
                "down": {
                    "uv": [
                        10,
                        11.55556,
                        9.33333,
                        12.22222
                    ],
                    "rotation": 270,
                    "texture": "#5"
                }
            }
        },
        {
            "from": [
                4.31082,
                7.10451,
                10.18918
            ],
            "to": [
                5.81082,
                7.60451,
                11.68918
            ],
            "rotation": {
                "angle": 45,
                "axis": "y",
                "origin": [
                    8,
                    8,
                    8
                ]
            },
            "faces": {
                "north": {
                    "uv": [
                        10.22222,
                        13.33333,
                        10.88889,
                        13.55556
                    ],
                    "texture": "#5"
                },
                "east": {
                    "uv": [
                        13.33333,
                        5.33333,
                        14,
                        5.55556
                    ],
                    "texture": "#5"
                },
                "south": {
                    "uv": [
                        13.33333,
                        6.22222,
                        14,
                        6.44444
                    ],
                    "texture": "#5"
                },
                "west": {
                    "uv": [
                        13.33333,
                        7.11111,
                        14,
                        7.33333
                    ],
                    "texture": "#5"
                },
                "up": {
                    "uv": [
                        12.66667,
                        0.66667,
                        12,
                        0
                    ],
                    "rotation": 90,
                    "texture": "#5"
                },
                "down": {
                    "uv": [
                        2,
                        12,
                        1.33333,
                        12.66667
                    ],
                    "rotation": 270,
                    "texture": "#5"
                }
            }
        },
        {
            "from": [
                4.43582,
                4.85451,
                10.31418
            ],
            "to": [
                5.68582,
                5.35451,
                11.56418
            ],
            "rotation": {
                "angle": 45,
                "axis": "y",
                "origin": [
                    8,
                    8,
                    8
                ]
            },
            "faces": {
                "north": {
                    "uv": [
                        13.77778,
                        1.77778,
                        14.33333,
                        2
                    ],
                    "texture": "#5"
                },
                "east": {
                    "uv": [
                        13.33333,
                        12.44444,
                        13.88889,
                        12.66667
                    ],
                    "texture": "#5"
                },
                "south": {
                    "uv": [
                        13.33333,
                        13.33333,
                        13.88889,
                        13.55556
                    ],
                    "texture": "#5"
                },
                "west": {
                    "uv": [
                        13.77778,
                        0.88889,
                        14.33333,
                        1.11111
                    ],
                    "texture": "#5"
                },
                "up": {
                    "uv": [
                        12.55556,
                        5.88889,
                        12,
                        5.33333
                    ],
                    "rotation": 90,
                    "texture": "#5"
                },
                "down": {
                    "uv": [
                        12.55556,
                        6.66667,
                        12,
                        7.22222
                    ],
                    "rotation": 270,
                    "texture": "#5"
                }
            }
        },
        {
            "from": [
                4.56082,
                2.10451,
                10.43918
            ],
            "to": [
                5.56082,
                8.10451,
                11.43918
            ],
            "rotation": {
                "angle": 45,
                "axis": "y",
                "origin": [
                    8,
                    8,
                    8
                ]
            },
            "faces": {
                "north": {
                    "uv": [
                        7.55556,
                        8.44444,
                        8,
                        11.11111
                    ],
                    "texture": "#5"
                },
                "east": {
                    "uv": [
                        1.77778,
                        8,
                        2.22222,
                        10.66667
                    ],
                    "texture": "#5"
                },
                "south": {
                    "uv": [
                        8.44444,
                        0,
                        8.88889,
                        2.66667
                    ],
                    "texture": "#5"
                },
                "west": {
                    "uv": [
                        8.44444,
                        3.11111,
                        8.88889,
                        5.77778
                    ],
                    "texture": "#5"
                },
                "up": {
                    "uv": [
                        7.11111,
                        11.11111,
                        6.66667,
                        10.66667
                    ],
                    "rotation": 90,
                    "texture": "#5"
                },
                "down": {
                    "uv": [
                        13.33333,
                        4.44444,
                        12.88889,
                        4.88889
                    ],
                    "rotation": 270,
                    "texture": "#5"
                }
            }
        },
        {
            "from": [
                10.01844,
                10.01844,
                7.40663
            ],
            "to": [
                12.51844,
                12.51844,
                8.90663
            ],
            "rotation": {
                "angle": 45,
                "axis": "z",
                "origin": [
                    8,
                    8,
                    8
                ]
            },
            "faces": {
                "north": {
                    "uv": [
                        5.77778,
                        7.55556,
                        6.88889,
                        8.66667
                    ],
                    "texture": "#5"
                },
                "east": {
                    "uv": [
                        9.33333,
                        6.66667,
                        10,
                        7.77778
                    ],
                    "texture": "#5"
                },
                "south": {
                    "uv": [
                        4,
                        7.55556,
                        5.11111,
                        8.66667
                    ],
                    "texture": "#5"
                },
                "west": {
                    "uv": [
                        0,
                        9.77778,
                        0.66667,
                        10.88889
                    ],
                    "texture": "#5"
                },
                "up": {
                    "uv": [
                        9.11111,
                        10.88889,
                        8.44444,
                        9.77778
                    ],
                    "rotation": 90,
                    "texture": "#5"
                },
                "down": {
                    "uv": [
                        10.44444,
                        8.44444,
                        9.77778,
                        9.55556
                    ],
                    "rotation": 270,
                    "texture": "#5"
                }
            }
        },
        {
            "from": [
                10.26844,
                10.26844,
                7.15663
            ],
            "to": [
                12.26844,
                12.26844,
                9.15663
            ],
            "rotation": {
                "angle": 45,
                "axis": "z",
                "origin": [
                    8,
                    8,
                    8
                ]
            },
            "faces": {
                "north": {
                    "uv": [
                        9.33333,
                        4,
                        10.22222,
                        4.88889
                    ],
                    "texture": "#5"
                },
                "east": {
                    "uv": [
                        9.33333,
                        1.33333,
                        10.22222,
                        2.22222
                    ],
                    "texture": "#5"
                },
                "south": {
                    "uv": [
                        9.33333,
                        2.66667,
                        10.22222,
                        3.55556
                    ],
                    "texture": "#5"
                },
                "west": {
                    "uv": [
                        4,
                        9.33333,
                        4.88889,
                        10.22222
                    ],
                    "texture": "#5"
                },
                "up": {
                    "uv": [
                        6.22222,
                        10.22222,
                        5.33333,
                        9.33333
                    ],
                    "rotation": 90,
                    "texture": "#5"
                },
                "down": {
                    "uv": [
                        10.22222,
                        5.33333,
                        9.33333,
                        6.22222
                    ],
                    "rotation": 270,
                    "texture": "#5"
                }
            }
        },
        {
            "from": [
                6.80922,
                12.40337,
                7.65663
            ],
            "to": [
                8.80922,
                13.90337,
                8.65663
            ],
            "rotation": {
                "angle": -22.5,
                "axis": "z",
                "origin": [
                    8,
                    8,
                    8
                ]
            },
            "faces": {
                "north": {
                    "uv": [
                        10.66667,
                        4,
                        11.55556,
                        4.66667
                    ],
                    "texture": "#5"
                },
                "east": {
                    "uv": [
                        5.77778,
                        12,
                        6.22222,
                        12.66667
                    ],
                    "texture": "#5"
                },
                "south": {
                    "uv": [
                        4,
                        10.66667,
                        4.88889,
                        11.33333
                    ],
                    "texture": "#5"
                },
                "west": {
                    "uv": [
                        10.66667,
                        12,
                        11.11111,
                        12.66667
                    ],
                    "texture": "#5"
                },
                "up": {
                    "uv": [
                        7.11111,
                        10.22222,
                        6.66667,
                        9.33333
                    ],
                    "rotation": 90,
                    "texture": "#5"
                },
                "down": {
                    "uv": [
                        12.44444,
                        1.33333,
                        12,
                        2.22222
                    ],
                    "rotation": 270,
                    "texture": "#5"
                }
            }
        },
        {
            "from": [
                6.48851,
                12.26368,
                7.66013
            ],
            "to": [
                8.48851,
                13.76368,
                8.65313
            ],
            "rotation": {
                "angle": -45,
                "axis": "z",
                "origin": [
                    8,
                    8,
                    8
                ]
            },
            "faces": {
                "north": {
                    "uv": [
                        10.66667,
                        5.33333,
                        11.55556,
                        6
                    ],
                    "texture": "#5"
                },
                "east": {
                    "uv": [
                        11.55556,
                        12,
                        12,
                        12.66667
                    ],
                    "texture": "#5"
                },
                "south": {
                    "uv": [
                        5.33333,
                        10.66667,
                        6.22222,
                        11.33333
                    ],
                    "texture": "#5"
                },
                "up": {
                    "uv": [
                        12.44444,
                        3.55556,
                        12,
                        2.66667
                    ],
                    "rotation": 90,
                    "texture": "#5"
                },
                "down": {
                    "uv": [
                        4.44444,
                        12,
                        4,
                        12.88889
                    ],
                    "rotation": 270,
                    "texture": "#5"
                }
            }
        },
        {
            "from": [
                7.10145,
                13.86674,
                8.14163
            ],
            "to": [
                8.85145,
                15.36674,
                8.17163
            ],
            "rotation": {
                "angle": -22.5,
                "axis": "z",
                "origin": [
                    8,
                    8,
                    8
                ]
            },
            "faces": {
                "north": {
                    "uv": [
                        11.11111,
                        10.66667,
                        11.88889,
                        11.33333
                    ],
                    "texture": "#5"
                },
                "south": {
                    "uv": [
                        11.88889,
                        10.66667,
                        11.11111,
                        11.33333
                    ],
                    "texture": "#5"
                }
            }
        },
        {
            "from": [
                13.75682,
                8.0325,
                8.14663
            ],
            "to": [
                15.13182,
                10.0325,
                8.16663
            ],
            "rotation": {
                "angle": 45,
                "axis": "z",
                "origin": [
                    8,
                    8,
                    8
                ]
            },
            "faces": {
                "north": {
                    "uv": [
                        10.66667,
                        6.66667,
                        11.33333,
                        7.55556
                    ],
                    "texture": "#5"
                },
                "south": {
                    "uv": [
                        11.33333,
                        6.66667,
                        10.66667,
                        7.55556
                    ],
                    "texture": "#5"
                }
            }
        },
        {
            "from": [
                11.07255,
                8.81501,
                8.15163
            ],
            "to": [
                16.57255,
                10.81501,
                8.16163
            ],
            "rotation": {
                "angle": 22.5,
                "axis": "z",
                "origin": [
                    8,
                    8,
                    8
                ]
            },
            "faces": {
                "north": {
                    "uv": [
                        0,
                        6.66667,
                        2.44444,
                        7.55556
                    ],
                    "texture": "#5"
                },
                "south": {
                    "uv": [
                        2.44444,
                        6.66667,
                        0,
                        7.55556
                    ],
                    "texture": "#5"
                }
            }
        },
        {
            "from": [
                7.14855,
                13.86674,
                8.14163
            ],
            "to": [
                8.89855,
                15.36674,
                8.17163
            ],
            "rotation": {
                "angle": 22.5,
                "axis": "z",
                "origin": [
                    8,
                    8,
                    8
                ]
            },
            "faces": {
                "north": {
                    "uv": [
                        11.88889,
                        10.66667,
                        11.11111,
                        11.33333
                    ],
                    "texture": "#5"
                },
                "south": {
                    "uv": [
                        11.11111,
                        10.66667,
                        11.88889,
                        11.33333
                    ],
                    "texture": "#5"
                }
            }
        },
        {
            "from": [
                0.86818,
                8.0325,
                8.14663
            ],
            "to": [
                2.24318,
                10.0325,
                8.16663
            ],
            "rotation": {
                "angle": -45,
                "axis": "z",
                "origin": [
                    8,
                    8,
                    8
                ]
            },
            "faces": {
                "north": {
                    "uv": [
                        11.33333,
                        6.66667,
                        10.66667,
                        7.55556
                    ],
                    "texture": "#5"
                },
                "south": {
                    "uv": [
                        10.66667,
                        6.66667,
                        11.33333,
                        7.55556
                    ],
                    "texture": "#5"
                }
            }
        },
        {
            "from": [
                -0.57255,
                8.81501,
                8.15163
            ],
            "to": [
                4.92745,
                10.81501,
                8.16163
            ],
            "rotation": {
                "angle": -22.5,
                "axis": "z",
                "origin": [
                    8,
                    8,
                    8
                ]
            },
            "faces": {
                "north": {
                    "uv": [
                        2.44444,
                        6.66667,
                        0,
                        7.55556
                    ],
                    "texture": "#5"
                },
                "south": {
                    "uv": [
                        0,
                        6.66667,
                        2.44444,
                        7.55556
                    ],
                    "texture": "#5"
                }
            }
        },
        {
            "from": [
                12.12606,
                9.18032,
                7.66513
            ],
            "to": [
                14.12606,
                10.43032,
                8.64813
            ],
            "rotation": {
                "angle": 22.5,
                "axis": "z",
                "origin": [
                    8,
                    8,
                    8
                ]
            },
            "faces": {
                "north": {
                    "uv": [
                        6.66667,
                        11.55556,
                        7.55556,
                        12.11111
                    ],
                    "texture": "#5"
                },
                "east": {
                    "uv": [
                        12.88889,
                        1.33333,
                        13.33333,
                        1.88889
                    ],
                    "texture": "#5"
                },
                "south": {
                    "uv": [
                        0,
                        11.55556,
                        0.88889,
                        12.11111
                    ],
                    "texture": "#5"
                },
                "up": {
                    "uv": [
                        12.44444,
                        4.88889,
                        12,
                        4
                    ],
                    "rotation": 90,
                    "texture": "#5"
                },
                "down": {
                    "uv": [
                        5.33333,
                        12,
                        4.88889,
                        12.88889
                    ],
                    "rotation": 270,
                    "texture": "#5"
                }
            }
        },
        {
            "from": [
                6.30923,
                13.90337,
                7.65663
            ],
            "to": [
                7.80923,
                14.90337,
                8.65663
            ],
            "rotation": {
                "angle": -22.5,
                "axis": "z",
                "origin": [
                    8,
                    8,
                    8
                ]
            },
            "faces": {
                "north": {
                    "uv": [
                        12.44444,
                        11.55556,
                        13.11111,
                        12
                    ],
                    "texture": "#5"
                },
                "east": {
                    "uv": [
                        8.44444,
                        12.88889,
                        8.88889,
                        13.33333
                    ],
                    "texture": "#5"
                },
                "south": {
                    "uv": [
                        12.44444,
                        10.66667,
                        13.11111,
                        11.11111
                    ],
                    "texture": "#5"
                },
                "west": {
                    "uv": [
                        9.33333,
                        12.88889,
                        9.77778,
                        13.33333
                    ],
                    "texture": "#5"
                },
                "up": {
                    "uv": [
                        12.88889,
                        13.11111,
                        12.44444,
                        12.44444
                    ],
                    "rotation": 90,
                    "texture": "#5"
                },
                "down": {
                    "uv": [
                        0.44444,
                        12.88889,
                        0,
                        13.55556
                    ],
                    "rotation": 270,
                    "texture": "#5"
                }
            }
        },
        {
            "from": [
                8.19077,
                13.90337,
                7.65663
            ],
            "to": [
                9.69077,
                14.90337,
                8.65663
            ],
            "rotation": {
                "angle": 22.5,
                "axis": "z",
                "origin": [
                    8,
                    8,
                    8
                ]
            },
            "faces": {
                "north": {
                    "uv": [
                        13.11111,
                        11.55556,
                        12.44444,
                        12
                    ],
                    "texture": "#5"
                },
                "east": {
                    "uv": [
                        9.77778,
                        12.88889,
                        9.33333,
                        13.33333
                    ],
                    "texture": "#5"
                },
                "south": {
                    "uv": [
                        13.11111,
                        10.66667,
                        12.44444,
                        11.11111
                    ],
                    "texture": "#5"
                },
                "west": {
                    "uv": [
                        8.88889,
                        12.88889,
                        8.44444,
                        13.33333
                    ],
                    "texture": "#5"
                },
                "up": {
                    "uv": [
                        12.88889,
                        12.44444,
                        12.44444,
                        13.11111
                    ],
                    "rotation": 90,
                    "texture": "#5"
                },
                "down": {
                    "uv": [
                        0.44444,
                        13.55556,
                        0,
                        12.88889
                    ],
                    "rotation": 270,
                    "texture": "#5"
                }
            }
        },
        {
            "from": [
                7.19078,
                12.40337,
                7.65663
            ],
            "to": [
                9.19078,
                13.90337,
                8.65663
            ],
            "rotation": {
                "angle": 22.5,
                "axis": "z",
                "origin": [
                    8,
                    8,
                    8
                ]
            },
            "faces": {
                "north": {
                    "uv": [
                        11.55556,
                        4,
                        10.66667,
                        4.66667
                    ],
                    "texture": "#5"
                },
                "east": {
                    "uv": [
                        11.11111,
                        12,
                        10.66667,
                        12.66667
                    ],
                    "texture": "#5"
                },
                "south": {
                    "uv": [
                        4.88889,
                        10.66667,
                        4,
                        11.33333
                    ],
                    "texture": "#5"
                },
                "west": {
                    "uv": [
                        6.22222,
                        12,
                        5.77778,
                        12.66667
                    ],
                    "texture": "#5"
                },
                "up": {
                    "uv": [
                        7.11111,
                        9.33333,
                        6.66667,
                        10.22222
                    ],
                    "rotation": 90,
                    "texture": "#5"
                },
                "down": {
                    "uv": [
                        12.44444,
                        2.22222,
                        12,
                        1.33333
                    ],
                    "rotation": 270,
                    "texture": "#5"
                }
            }
        },
        {
            "from": [
                7.51149,
                12.26368,
                7.66013
            ],
            "to": [
                9.51149,
                13.76368,
                8.65313
            ],
            "rotation": {
                "angle": 45,
                "axis": "z",
                "origin": [
                    8,
                    8,
                    8
                ]
            },
            "faces": {
                "north": {
                    "uv": [
                        11.55556,
                        5.33333,
                        10.66667,
                        6
                    ],
                    "texture": "#5"
                },
                "south": {
                    "uv": [
                        6.22222,
                        10.66667,
                        5.33333,
                        11.33333
                    ],
                    "texture": "#5"
                },
                "west": {
                    "uv": [
                        12,
                        12,
                        11.55556,
                        12.66667
                    ],
                    "texture": "#5"
                },
                "up": {
                    "uv": [
                        12.44444,
                        2.66667,
                        12,
                        3.55556
                    ],
                    "rotation": 90,
                    "texture": "#5"
                },
                "down": {
                    "uv": [
                        4.44444,
                        12.88889,
                        4,
                        12
                    ],
                    "rotation": 270,
                    "texture": "#5"
                }
            }
        },
        {
            "from": [
                1.87394,
                9.18032,
                7.66513
            ],
            "to": [
                3.87394,
                10.43032,
                8.64813
            ],
            "rotation": {
                "angle": -22.5,
                "axis": "z",
                "origin": [
                    8,
                    8,
                    8
                ]
            },
            "faces": {
                "north": {
                    "uv": [
                        7.55556,
                        11.55556,
                        6.66667,
                        12.11111
                    ],
                    "texture": "#5"
                },
                "south": {
                    "uv": [
                        0.88889,
                        11.55556,
                        0,
                        12.11111
                    ],
                    "texture": "#5"
                },
                "west": {
                    "uv": [
                        13.33333,
                        1.33333,
                        12.88889,
                        1.88889
                    ],
                    "texture": "#5"
                },
                "up": {
                    "uv": [
                        12.44444,
                        4,
                        12,
                        4.88889
                    ],
                    "rotation": 90,
                    "texture": "#5"
                },
                "down": {
                    "uv": [
                        5.33333,
                        12.88889,
                        4.88889,
                        12
                    ],
                    "rotation": 270,
                    "texture": "#5"
                }
            }
        },
        {
            "from": [
                6.875,
                12.32574,
                6.94738
            ],
            "to": [
                9.125,
                13.32574,
                8.94738
            ],
            "rotation": {
                "angle": -45,
                "axis": "x",
                "origin": [
                    8,
                    8,
                    8
                ]
            },
            "faces": {
                "north": {
                    "uv": [
                        8.57143,
                        2.28571,
                        8,
                        3.57143
                    ],
                    "rotation": 90,
                    "texture": "#2"
                },
                "east": {
                    "uv": [
                        4,
                        8,
                        4.57143,
                        9.14286
                    ],
                    "rotation": 270,
                    "texture": "#2"
                },
                "west": {
                    "uv": [
                        1.71429,
                        9.14286,
                        2.28571,
                        10.28571
                    ],
                    "rotation": 90,
                    "texture": "#2"
                },
                "up": {
                    "uv": [
                        5.71429,
                        4,
                        7,
                        5.14286
                    ],
                    "rotation": 180,
                    "texture": "#2"
                },
                "down": {
                    "uv": [
                        5.14286,
                        0,
                        6.42857,
                        1.14286
                    ],
                    "texture": "#2"
                }
            }
        },
        {
            "from": [
                7.25,
                12.57574,
                6.69738
            ],
            "to": [
                8.75,
                13.57574,
                7.69738
            ],
            "rotation": {
                "angle": -45,
                "axis": "x",
                "origin": [
                    8,
                    8,
                    8
                ]
            },
            "faces": {
                "north": {
                    "uv": [
                        11.42857,
                        0,
                        10.85714,
                        0.85714
                    ],
                    "rotation": 90,
                    "texture": "#2"
                },
                "east": {
                    "uv": [
                        9.14286,
                        10.85714,
                        9.71429,
                        11.42857
                    ],
                    "rotation": 270,
                    "texture": "#2"
                },
                "south": {
                    "uv": [
                        3.42857,
                        11.14286,
                        2.85714,
                        10.28571
                    ],
                    "rotation": 90,
                    "texture": "#2"
                },
                "west": {
                    "uv": [
                        10.85714,
                        9.14286,
                        11.42857,
                        9.71429
                    ],
                    "rotation": 90,
                    "texture": "#2"
                },
                "up": {
                    "uv": [
                        10.28571,
                        5.71429,
                        11.14286,
                        6.28571
                    ],
                    "rotation": 180,
                    "texture": "#2"
                },
                "down": {
                    "uv": [
                        10.28571,
                        4.57143,
                        11.14286,
                        5.14286
                    ],
                    "texture": "#2"
                }
            }
        },
        {
            "from": [
                6.875,
                8.53064,
                4.61608
            ],
            "to": [
                9.125,
                11.03064,
                5.61608
            ],
            "rotation": {
                "angle": 22.5,
                "axis": "x",
                "origin": [
                    8,
                    8,
                    8
                ]
            },
            "faces": {
                "north": {
                    "uv": [
                        4.57143,
                        1.71429,
                        5.85714,
                        3.14286
                    ],
                    "texture": "#2"
                },
                "east": {
                    "uv": [
                        6.28571,
                        7.42857,
                        6.85714,
                        8.85714
                    ],
                    "texture": "#2"
                },
                "south": {
                    "uv": [
                        1.71429,
                        4.57143,
                        3,
                        6
                    ],
                    "texture": "#2"
                },
                "west": {
                    "uv": [
                        8,
                        0,
                        8.57143,
                        1.42857
                    ],
                    "texture": "#2"
                },
                "down": {
                    "uv": [
                        3.42857,
                        8,
                        2.85714,
                        9.28571
                    ],
                    "rotation": 270,
                    "texture": "#2"
                }
            }
        },
        {
            "from": [
                6.375,
                11.32574,
                9.94738
            ],
            "to": [
                9.625,
                13.32574,
                11.94738
            ],
            "rotation": {
                "angle": -45,
                "axis": "x",
                "origin": [
                    8,
                    8,
                    8
                ]
            },
            "faces": {
                "north": {
                    "uv": [
                        1.14286,
                        4,
                        0,
                        5.85714
                    ],
                    "rotation": 90,
                    "texture": "#2"
                },
                "east": {
                    "uv": [
                        5.71429,
                        5.71429,
                        6.85714,
                        6.85714
                    ],
                    "rotation": 270,
                    "texture": "#2"
                },
                "south": {
                    "uv": [
                        4,
                        3.57143,
                        2.85714,
                        1.71429
                    ],
                    "rotation": 90,
                    "texture": "#2"
                },
                "west": {
                    "uv": [
                        0,
                        6.85714,
                        1.14286,
                        8
                    ],
                    "rotation": 90,
                    "texture": "#2"
                },
                "up": {
                    "uv": [
                        2.28571,
                        0,
                        4.14286,
                        1.14286
                    ],
                    "rotation": 180,
                    "texture": "#2"
                },
                "down": {
                    "uv": [
                        0,
                        2.28571,
                        1.85714,
                        3.42857
                    ],
                    "texture": "#2"
                }
            }
        },
        {
            "from": [
                6.625,
                11.32574,
                8.94738
            ],
            "to": [
                9.375,
                13.32574,
                9.94738
            ],
            "rotation": {
                "angle": -45,
                "axis": "x",
                "origin": [
                    8,
                    8,
                    8
                ]
            },
            "faces": {
                "north": {
                    "uv": [
                        5.14286,
                        4.57143,
                        4,
                        6.14286
                    ],
                    "rotation": 90,
                    "texture": "#2"
                },
                "east": {
                    "uv": [
                        9.14286,
                        3.42857,
                        10.28571,
                        4
                    ],
                    "rotation": 270,
                    "texture": "#2"
                },
                "west": {
                    "uv": [
                        9.14286,
                        8,
                        10.28571,
                        8.57143
                    ],
                    "rotation": 90,
                    "texture": "#2"
                },
                "down": {
                    "uv": [
                        2.85714,
                        6.85714,
                        4.42857,
                        7.42857
                    ],
                    "texture": "#2"
                }
            }
        },
        {
            "from": [
                6.625,
                13.32574,
                8.94738
            ],
            "to": [
                9.375,
                14.32574,
                11.94738
            ],
            "rotation": {
                "angle": -45,
                "axis": "x",
                "origin": [
                    8,
                    8,
                    8
                ]
            },
            "faces": {
                "north": {
                    "uv": [
                        8,
                        5.71429,
                        7.42857,
                        7.28571
                    ],
                    "rotation": 90,
                    "texture": "#2"
                },
                "east": {
                    "uv": [
                        1.71429,
                        6.85714,
                        2.28571,
                        8.57143
                    ],
                    "rotation": 270,
                    "texture": "#2"
                },
                "south": {
                    "uv": [
                        5.71429,
                        9,
                        5.14286,
                        7.42857
                    ],
                    "rotation": 90,
                    "texture": "#2"
                },
                "west": {
                    "uv": [
                        6.85714,
                        1.71429,
                        7.42857,
                        3.42857
                    ],
                    "rotation": 90,
                    "texture": "#2"
                },
                "up": {
                    "uv": [
                        0,
                        0,
                        1.57143,
                        1.71429
                    ],
                    "rotation": 180,
                    "texture": "#2"
                }
            }
        },
        {
            "from": [
                8.25,
                12.99206,
                2.80324
            ],
            "to": [
                9.75,
                14.49206,
                4.30324
            ],
            "rotation": {
                "angle": 22.5,
                "axis": "x",
                "origin": [
                    8,
                    8,
                    8
                ]
            },
            "faces": {
                "north": {
                    "uv": [
                        8.57143,
                        6.28571,
                        9.42857,
                        7.14286
                    ],
                    "texture": "#2"
                },
                "east": {
                    "uv": [
                        7.42857,
                        8,
                        8.28571,
                        8.85714
                    ],
                    "texture": "#2"
                },
                "south": {
                    "uv": [
                        0,
                        8.57143,
                        0.85714,
                        9.42857
                    ],
                    "texture": "#2"
                },
                "west": {
                    "uv": [
                        8.57143,
                        4.57143,
                        9.42857,
                        5.42857
                    ],
                    "texture": "#2"
                },
                "up": {
                    "uv": [
                        10,
                        0.85714,
                        9.14286,
                        0
                    ],
                    "rotation": 90,
                    "texture": "#2"
                },
                "down": {
                    "uv": [
                        10,
                        1.71429,
                        9.14286,
                        2.57143
                    ],
                    "rotation": 270,
                    "texture": "#2"
                }
            }
        },
        {
            "from": [
                8.375,
                15.41257,
                5.76903
            ],
            "to": [
                9.625,
                16.66257,
                7.01903
            ],
            "rotation": {
                "angle": 0,
                "axis": "z",
                "origin": [
                    8,
                    8,
                    8
                ]
            },
            "faces": {
                "north": {
                    "uv": [
                        7.42857,
                        9.71429,
                        8.14286,
                        10.42857
                    ],
                    "texture": "#2"
                },
                "east": {
                    "uv": [
                        9.14286,
                        9.14286,
                        9.85714,
                        9.85714
                    ],
                    "texture": "#2"
                },
                "south": {
                    "uv": [
                        4,
                        9.71429,
                        4.71429,
                        10.42857
                    ],
                    "texture": "#2"
                },
                "west": {
                    "uv": [
                        5.71429,
                        9.71429,
                        6.42857,
                        10.42857
                    ],
                    "texture": "#2"
                },
                "up": {
                    "uv": [
                        0.71429,
                        11,
                        0,
                        10.28571
                    ],
                    "rotation": 90,
                    "texture": "#2"
                }
            }
        },
        {
            "from": [
                8.5,
                16.37614,
                9.31615
            ],
            "to": [
                9.5,
                17.37614,
                10.31615
            ],
            "rotation": {
                "angle": -22.5,
                "axis": "x",
                "origin": [
                    8,
                    8,
                    8
                ]
            },
            "faces": {
                "north": {
                    "uv": [
                        6.28571,
                        11.42857,
                        6.85714,
                        12
                    ],
                    "texture": "#2"
                },
                "east": {
                    "uv": [
                        10.28571,
                        10.85714,
                        10.85714,
                        11.42857
                    ],
                    "texture": "#2"
                },
                "south": {
                    "uv": [
                        4,
                        11.42857,
                        4.57143,
                        12
                    ],
                    "texture": "#2"
                },
                "west": {
                    "uv": [
                        5.14286,
                        11.42857,
                        5.71429,
                        12
                    ],
                    "texture": "#2"
                },
                "up": {
                    "uv": [
                        8,
                        12,
                        7.42857,
                        11.42857
                    ],
                    "rotation": 90,
                    "texture": "#2"
                }
            }
        },
        {
            "from": [
                6.5,
                16.37614,
                9.31615
            ],
            "to": [
                7.5,
                17.37614,
                10.31615
            ],
            "rotation": {
                "angle": -22.5,
                "axis": "x",
                "origin": [
                    8,
                    8,
                    8
                ]
            },
            "faces": {
                "north": {
                    "uv": [
                        6.85714,
                        11.42857,
                        6.28571,
                        12
                    ],
                    "texture": "#2"
                },
                "east": {
                    "uv": [
                        5.71429,
                        11.42857,
                        5.14286,
                        12
                    ],
                    "texture": "#2"
                },
                "south": {
                    "uv": [
                        4.57143,
                        11.42857,
                        4,
                        12
                    ],
                    "texture": "#2"
                },
                "west": {
                    "uv": [
                        10.85714,
                        10.85714,
                        10.28571,
                        11.42857
                    ],
                    "texture": "#2"
                },
                "up": {
                    "uv": [
                        8,
                        11.42857,
                        7.42857,
                        12
                    ],
                    "rotation": 90,
                    "texture": "#2"
                }
            }
        },
        {
            "from": [
                6.375,
                15.41257,
                5.76903
            ],
            "to": [
                7.625,
                16.66257,
                7.01903
            ],
            "rotation": {
                "angle": 0,
                "axis": "z",
                "origin": [
                    8,
                    8,
                    8
                ]
            },
            "faces": {
                "north": {
                    "uv": [
                        8.14286,
                        9.71429,
                        7.42857,
                        10.42857
                    ],
                    "texture": "#2"
                },
                "east": {
                    "uv": [
                        6.42857,
                        9.71429,
                        5.71429,
                        10.42857
                    ],
                    "texture": "#2"
                },
                "south": {
                    "uv": [
                        4.71429,
                        9.71429,
                        4,
                        10.42857
                    ],
                    "texture": "#2"
                },
                "west": {
                    "uv": [
                        9.85714,
                        9.14286,
                        9.14286,
                        9.85714
                    ],
                    "texture": "#2"
                },
                "up": {
                    "uv": [
                        0.71429,
                        10.28571,
                        0,
                        11
                    ],
                    "rotation": 90,
                    "texture": "#2"
                }
            }
        },
        {
            "from": [
                6.25,
                12.99206,
                2.80324
            ],
            "to": [
                7.75,
                14.49206,
                4.30324
            ],
            "rotation": {
                "angle": 22.5,
                "axis": "x",
                "origin": [
                    8,
                    8,
                    8
                ]
            },
            "faces": {
                "north": {
                    "uv": [
                        9.42857,
                        6.28571,
                        8.57143,
                        7.14286
                    ],
                    "texture": "#2"
                },
                "east": {
                    "uv": [
                        9.42857,
                        4.57143,
                        8.57143,
                        5.42857
                    ],
                    "texture": "#2"
                },
                "south": {
                    "uv": [
                        0.85714,
                        8.57143,
                        0,
                        9.42857
                    ],
                    "texture": "#2"
                },
                "west": {
                    "uv": [
                        8.28571,
                        8,
                        7.42857,
                        8.85714
                    ],
                    "texture": "#2"
                },
                "up": {
                    "uv": [
                        10,
                        0,
                        9.14286,
                        0.85714
                    ],
                    "rotation": 90,
                    "texture": "#2"
                },
                "down": {
                    "uv": [
                        10,
                        2.57143,
                        9.14286,
                        1.71429
                    ],
                    "rotation": 270,
                    "texture": "#2"
                }
            }
        },
        {
            "from": [
                7.5,
                9.40254,
                6.00061
            ],
            "to": [
                8.5,
                10.40254,
                6.75061
            ],
            "rotation": {
                "angle": 0,
                "axis": "z",
                "origin": [
                    8,
                    8,
                    8
                ]
            },
            "faces": {
                "east": {
                    "uv": [
                        0,
                        12,
                        0.42857,
                        12.57143
                    ],
                    "texture": "#2"
                },
                "south": {
                    "uv": [
                        11.42857,
                        10.28571,
                        12,
                        10.85714
                    ],
                    "texture": "#2"
                },
                "west": {
                    "uv": [
                        12,
                        0,
                        12.42857,
                        0.57143
                    ],
                    "texture": "#2"
                },
                "up": {
                    "uv": [
                        12.42857,
                        1.71429,
                        12,
                        1.14286
                    ],
                    "rotation": 90,
                    "texture": "#2"
                },
                "down": {
                    "uv": [
                        12.42857,
                        2.28571,
                        12,
                        2.85714
                    ],
                    "rotation": 270,
                    "texture": "#2"
                }
            }
        },
        {
            "from": [
                7.625,
                9.84444,
                7.38599
            ],
            "to": [
                8.375,
                10.59444,
                8.13599
            ],
            "rotation": {
                "angle": -22.5,
                "axis": "x",
                "origin": [
                    8,
                    8,
                    8
                ]
            },
            "faces": {
                "east": {
                    "uv": [
                        2.85714,
                        12,
                        3.28571,
                        12.42857
                    ],
                    "texture": "#2"
                },
                "south": {
                    "uv": [
                        12,
                        3.42857,
                        12.42857,
                        3.85714
                    ],
                    "texture": "#2"
                },
                "west": {
                    "uv": [
                        12,
                        4.57143,
                        12.42857,
                        5
                    ],
                    "texture": "#2"
                },
                "up": {
                    "uv": [
                        12.42857,
                        6.14286,
                        12,
                        5.71429
                    ],
                    "rotation": 90,
                    "texture": "#2"
                },
                "down": {
                    "uv": [
                        12.42857,
                        6.85714,
                        12,
                        7.28571
                    ],
                    "rotation": 270,
                    "texture": "#2"
                }
            }
        },
        {
            "from": [
                8.945,
                8.68064,
                4.11608
            ],
            "to": [
                8.975,
                11.03064,
                4.61608
            ],
            "rotation": {
                "angle": 22.5,
                "axis": "x",
                "origin": [
                    8,
                    8,
                    8
                ]
            },
            "faces": {
                "east": {
                    "uv": [
                        1.71429,
                        10.85714,
                        2,
                        12.14286
                    ],
                    "texture": "#2"
                },
                "west": {
                    "uv": [
                        2,
                        10.85714,
                        1.71429,
                        12.14286
                    ],
                    "texture": "#2"
                }
            }
        },
        {
            "from": [
                7.025,
                8.68064,
                4.11608
            ],
            "to": [
                7.055,
                11.03064,
                4.61608
            ],
            "rotation": {
                "angle": 22.5,
                "axis": "x",
                "origin": [
                    8,
                    8,
                    8
                ]
            },
            "faces": {
                "east": {
                    "uv": [
                        1.71429,
                        10.85714,
                        2,
                        12.14286
                    ],
                    "texture": "#2"
                },
                "west": {
                    "uv": [
                        2,
                        10.85714,
                        1.71429,
                        12.14286
                    ],
                    "texture": "#2"
                }
            }
        },
        {
            "from": [
                7.025,
                8.68065,
                4.11608
            ],
            "to": [
                8.975,
                8.71065,
                4.61608
            ],
            "rotation": {
                "angle": 22.5,
                "axis": "x",
                "origin": [
                    8,
                    8,
                    8
                ]
            },
            "faces": {
                "up": {
                    "uv": [
                        11.71429,
                        12.57143,
                        11.42857,
                        11.42857
                    ],
                    "rotation": 90,
                    "texture": "#2"
                },
                "down": {
                    "uv": [
                        11.71429,
                        11.42857,
                        11.42857,
                        12.57143
                    ],
                    "rotation": 270,
                    "texture": "#2"
                }
            }
        },
        {
            "from": [
                6.925,
                11.82575,
                7.09737
            ],
            "to": [
                9.075,
                12.32575,
                7.12737
            ],
            "rotation": {
                "angle": -45,
                "axis": "x",
                "origin": [
                    8,
                    8,
                    8
                ]
            },
            "faces": {
                "north": {
                    "uv": [
                        11.14286,
                        1.71429,
                        10.85714,
                        3
                    ],
                    "rotation": 90,
                    "texture": "#2"
                },
                "south": {
                    "uv": [
                        11.14286,
                        1.71429,
                        10.85714,
                        3
                    ],
                    "rotation": 90,
                    "texture": "#2"
                }
            }
        },
        {
            "from": [
                9.045,
                11.82575,
                7.09737
            ],
            "to": [
                9.075,
                12.32575,
                9.44737
            ],
            "rotation": {
                "angle": -45,
                "axis": "x",
                "origin": [
                    8,
                    8,
                    8
                ]
            },
            "faces": {
                "east": {
                    "uv": [
                        10.85714,
                        6.85714,
                        11.14286,
                        8.14286
                    ],
                    "rotation": 270,
                    "texture": "#2"
                },
                "west": {
                    "uv": [
                        11.14286,
                        6.85714,
                        10.85714,
                        8.14286
                    ],
                    "rotation": 90,
                    "texture": "#2"
                }
            }
        },
        {
            "from": [
                6.925,
                11.82575,
                7.09737
            ],
            "to": [
                6.955,
                12.32575,
                9.44737
            ],
            "rotation": {
                "angle": -45,
                "axis": "x",
                "origin": [
                    8,
                    8,
                    8
                ]
            },
            "faces": {
                "east": {
                    "uv": [
                        10.85714,
                        6.85714,
                        11.14286,
                        8.14286
                    ],
                    "rotation": 270,
                    "texture": "#2"
                },
                "west": {
                    "uv": [
                        11.14286,
                        6.85714,
                        10.85714,
                        8.14286
                    ],
                    "rotation": 90,
                    "texture": "#2"
                }
            }
        },
        {
            "from": [
                5.25,
                13.82474,
                8.69737
            ],
            "to": [
                10.75,
                13.85474,
                11.19737
            ],
            "rotation": {
                "angle": -45,
                "axis": "x",
                "origin": [
                    8,
                    8,
                    8
                ]
            },
            "faces": {
                "up": {
                    "uv": [
                        5,
                        11,
                        0,
                        0
                    ],
                    "rotation": 90,
                    "texture": "#4"
                },
                "down": {
                    "uv": [
                        5,
                        0,
                        0,
                        11
                    ],
                    "rotation": 270,
                    "texture": "#4"
                }
            }
        },
        {
            "from": [
                6.25,
                -0.89549,
                7.90663
            ],
            "to": [
                9.75,
                13.10451,
                8.40663
            ],
            "rotation": {
                "angle": 0,
                "axis": "y",
                "origin": [
                    8,
                    8,
                    8
                ]
            },
            "faces": {
                "north": {
                    "uv": [
                        2.22222,
                        0,
                        3.77778,
                        6.22222
                    ],
                    "texture": "#5"
                },
                "east": {
                    "uv": [
                        3.11111,
                        6.66667,
                        3.33333,
                        12.88889
                    ],
                    "texture": "#5"
                },
                "south": {
                    "uv": [
                        0,
                        0,
                        1.55556,
                        6.22222
                    ],
                    "texture": "#5"
                },
                "west": {
                    "uv": [
                        7.55556,
                        0,
                        7.77778,
                        6.22222
                    ],
                    "texture": "#5"
                }
            }
        },
        {
            "from": [
                13.05006,
                0.46994,
                7.90413
            ],
            "to": [
                15.53006,
                2.94994,
                8.40913
            ],
            "rotation": {
                "angle": -45,
                "axis": "z",
                "origin": [
                    8,
                    8,
                    8
                ]
            },
            "faces": {
                "north": {
                    "uv": [
                        0,
                        8,
                        1.11111,
                        9.11111
                    ],
                    "texture": "#5"
                },
                "east": {
                    "uv": [
                        12.88889,
                        2.66667,
                        13.11111,
                        3.77778
                    ],
                    "texture": "#5"
                },
                "south": {
                    "uv": [
                        7.55556,
                        6.66667,
                        8.66667,
                        7.77778
                    ],
                    "texture": "#5"
                },
                "west": {
                    "uv": [
                        6.66667,
                        12.88889,
                        6.88889,
                        14
                    ],
                    "texture": "#5"
                },
                "up": {
                    "uv": [
                        7.77778,
                        14,
                        7.55556,
                        12.88889
                    ],
                    "rotation": 90,
                    "texture": "#5"
                },
                "down": {
                    "uv": [
                        13.11111,
                        8,
                        12.88889,
                        9.11111
                    ],
                    "rotation": 270,
                    "texture": "#5"
                }
            }
        },
        {
            "from": [
                9.31046,
                -2.89549,
                7.64632
            ],
            "to": [
                12.31046,
                13.10451,
                7.67632
            ],
            "rotation": {
                "angle": -22.5,
                "axis": "y",
                "origin": [
                    8,
                    8,
                    8
                ]
            },
            "faces": {
                "north": {
                    "uv": [
                        4.44444,
                        0,
                        5.77778,
                        7.11111
                    ],
                    "texture": "#5"
                },
                "south": {
                    "uv": [
                        5.77778,
                        0,
                        4.44444,
                        7.11111
                    ],
                    "texture": "#5"
                }
            }
        },
        {
            "from": [
                11.847,
                -2.89549,
                6.0237
            ],
            "to": [
                13.847,
                13.10451,
                6.0537
            ],
            "rotation": {
                "angle": -45,
                "axis": "y",
                "origin": [
                    8,
                    8,
                    8
                ]
            },
            "faces": {
                "north": {
                    "uv": [
                        6.22222,
                        0,
                        7.11111,
                        7.11111
                    ],
                    "texture": "#5"
                },
                "south": {
                    "uv": [
                        7.11111,
                        0,
                        6.22222,
                        7.11111
                    ],
                    "texture": "#5"
                }
            }
        },
        {
            "from": [
                2.153,
                -2.89549,
                6.0237
            ],
            "to": [
                4.153,
                13.10451,
                6.0537
            ],
            "rotation": {
                "angle": 45,
                "axis": "y",
                "origin": [
                    8,
                    8,
                    8
                ]
            },
            "faces": {
                "north": {
                    "uv": [
                        7.11111,
                        0,
                        6.22222,
                        7.11111
                    ],
                    "texture": "#5"
                },
                "south": {
                    "uv": [
                        6.22222,
                        0,
                        7.11111,
                        7.11111
                    ],
                    "texture": "#5"
                }
            }
        },
        {
            "from": [
                3.68954,
                -2.89549,
                7.64632
            ],
            "to": [
                6.68954,
                13.10451,
                7.67632
            ],
            "rotation": {
                "angle": 22.5,
                "axis": "y",
                "origin": [
                    8,
                    8,
                    8
                ]
            },
            "faces": {
                "north": {
                    "uv": [
                        5.77778,
                        0,
                        4.44444,
                        7.11111
                    ],
                    "texture": "#5"
                },
                "south": {
                    "uv": [
                        4.44444,
                        0,
                        5.77778,
                        7.11111
                    ],
                    "texture": "#5"
                }
            }
        },
        {
            "from": [
                12.08296,
                2.91704,
                8.40663
            ],
            "to": [
                13.08296,
                3.91704,
                11.40663
            ],
            "rotation": {
                "angle": -45,
                "axis": "z",
                "origin": [
                    8,
                    8,
                    8
                ]
            },
            "faces": {
                "north": {
                    "uv": [
                        13.33333,
                        0,
                        13.77778,
                        0.44444
                    ],
                    "texture": "#5"
                },
                "east": {
                    "uv": [
                        1.33333,
                        11.11111,
                        2.66667,
                        11.55556
                    ],
                    "texture": "#5"
                },
                "south": {
                    "uv": [
                        12.88889,
                        9.77778,
                        13.33333,
                        10.22222
                    ],
                    "texture": "#5"
                },
                "west": {
                    "uv": [
                        11.11111,
                        8,
                        12.44444,
                        8.44444
                    ],
                    "texture": "#5"
                },
                "up": {
                    "uv": [
                        12.44444,
                        9.33333,
                        11.11111,
                        8.88889
                    ],
                    "rotation": 90,
                    "texture": "#5"
                },
                "down": {
                    "uv": [
                        12.44444,
                        9.77778,
                        11.11111,
                        10.22222
                    ],
                    "rotation": 270,
                    "texture": "#5"
                }
            }
        },
        {
            "from": [
                7.98811,
                7.98811,
                8.40663
            ],
            "to": [
                8.98811,
                8.98811,
                11.40663
            ],
            "rotation": {
                "angle": 45,
                "axis": "z",
                "origin": [
                    8,
                    8,
                    8
                ]
            },
            "faces": {
                "north": {
                    "uv": [
                        13.33333,
                        0.44444,
                        13.77778,
                        0
                    ],
                    "texture": "#5"
                },
                "east": {
                    "uv": [
                        1.33333,
                        11.55556,
                        2.66667,
                        11.11111
                    ],
                    "texture": "#5"
                },
                "south": {
                    "uv": [
                        12.88889,
                        10.22222,
                        13.33333,
                        9.77778
                    ],
                    "texture": "#5"
                },
                "west": {
                    "uv": [
                        11.11111,
                        8.44444,
                        12.44444,
                        8
                    ],
                    "texture": "#5"
                },
                "up": {
                    "uv": [
                        12.44444,
                        10.22222,
                        11.11111,
                        9.77778
                    ],
                    "rotation": 90,
                    "texture": "#5"
                },
                "down": {
                    "uv": [
                        12.44444,
                        8.88889,
                        11.11111,
                        9.33333
                    ],
                    "rotation": 270,
                    "texture": "#5"
                }
            }
        },
        {
            "from": [
                7.48811,
                7.48811,
                11.40663
            ],
            "to": [
                9.48811,
                9.48811,
                12.90663
            ],
            "rotation": {
                "angle": 45,
                "axis": "z",
                "origin": [
                    8,
                    8,
                    8
                ]
            },
            "faces": {
                "north": {
                    "uv": [
                        9.33333,
                        0.88889,
                        10.22222,
                        0
                    ],
                    "texture": "#5"
                },
                "east": {
                    "uv": [
                        9.77778,
                        11.11111,
                        10.44444,
                        10.22222
                    ],
                    "texture": "#5"
                },
                "south": {
                    "uv": [
                        8.44444,
                        9.33333,
                        9.33333,
                        8.44444
                    ],
                    "texture": "#5"
                },
                "west": {
                    "uv": [
                        10.66667,
                        0.88889,
                        11.33333,
                        0
                    ],
                    "texture": "#5"
                },
                "up": {
                    "uv": [
                        11.33333,
                        3.55556,
                        10.66667,
                        2.66667
                    ],
                    "rotation": 90,
                    "texture": "#5"
                },
                "down": {
                    "uv": [
                        11.33333,
                        1.33333,
                        10.66667,
                        2.22222
                    ],
                    "rotation": 270,
                    "texture": "#5"
                }
            }
        },
        {
            "from": [
                4.25,
                0.625,
                8
            ],
            "to": [
                5.75,
                9.375,
                8
            ],
            "rotation": {
                "angle": 22.5,
                "axis": "y",
                "origin": [
                    5.75,
                    1.375,
                    8
                ]
            },
            "faces": {
                "north": {
                    "uv": [
                        0,
                        0,
                        2.74857,
                        16
                    ],
                    "texture": "#3"
                }
            }
        },
        {
            "from": [
                10.25,
                0.625,
                8
            ],
            "to": [
                11.75,
                9.375,
                8
            ],
            "rotation": {
                "angle": -22.5,
                "axis": "y",
                "origin": [
                    10.25,
                    1.375,
                    8
                ]
            },
            "faces": {
                "north": {
                    "uv": [
                        0,
                        0,
                        2.74857,
                        16
                    ],
                    "texture": "#3"
                }
            }
        }
    ],
    "gui_light": "front",
    "display": {
        "thirdperson_righthand": {
            "rotation": [
                0,
                -60,
                0
            ],
            "translation": [
                3.25,
                1,
                -1.25
            ]
        },
        "thirdperson_lefthand": {
            "rotation": [
                0,
                -60,
                0
            ],
            "translation": [
                3.25,
                1,
                -1.25
            ]
        },
        "firstperson_righthand": {
            "rotation": [
                0,
                0,
                15
            ],
            "translation": [
                1.75,
                3.25,
                -0.25
            ],
            "scale": [
                0.8,
                0.8,
                0.8
            ]
        },
        "firstperson_lefthand": {
            "rotation": [
                0,
                0,
                15
            ],
            "translation": [
                1.75,
                3.25,
                -0.25
            ],
            "scale": [
                0.8,
                0.8,
                0.8
            ]
        },
        "ground": {
            "rotation": [
                45,
                0,
                0
            ],
            "translation": [
                0,
                3,
                0
            ],
            "scale": [
                0.7,
                0.7,
                0.7
            ]
        },
        "gui": {
            "rotation": [
                0,
                180,
                -45
            ],
            "translation": [
                -0.5,
                0.5,
                0
            ]
        },
        "fixed": {
            "translation": [
                0,
                4,
                -7
            ],
            "scale": [
                2,
                2,
                2
            ]
        }
    }
}