{"textures":{"0":"modelengine:entity/mso_unstable_fel","particle":"#0"},"elements":[{"from":[15.7,0.3000002,0.3000002],"to":[16.8,15.700001,15.7],"faces":{"east":{"uv":[5.25,0.0,3.5,1.75],"tintindex":0,"rotation":270,"texture":"#0"},"south":{"uv":[5.25,1.75,7.0,1.875],"tintindex":0,"rotation":270,"texture":"#0"},"north":{"uv":[1.75,1.75,3.5,1.875],"tintindex":0,"rotation":90,"texture":"#0"},"west":{"uv":[3.5,1.75,1.75,0.0],"tintindex":0,"rotation":270,"texture":"#0"},"up":{"uv":[0.0,1.75,1.75,1.875],"tintindex":0,"rotation":270,"texture":"#0"},"down":{"uv":[3.5,1.75,5.25,1.875],"tintindex":0,"rotation":270,"texture":"#0"}}},{"from":[3.6,0.3000002,16.8],"to":[12.4,3.6,17.9],"faces":{"east":{"uv":[1.0,6.625,1.375,6.75],"tintindex":0,"rotation":90,"texture":"#0"},"south":{"uv":[1.75,5.625,1.375,6.625],"tintindex":0,"rotation":270,"texture":"#0"},"north":{"uv":[1.375,6.625,1.0,5.625],"tintindex":0,"rotation":270,"texture":"#0"},"west":{"uv":[2.375,6.625,2.75,6.75],"tintindex":0,"rotation":270,"texture":"#0"},"up":{"uv":[0.0,6.625,1.0,6.75],"tintindex":0,"rotation":0,"texture":"#0"},"down":{"uv":[1.375,6.625,2.375,6.75],"tintindex":0,"rotation":180,"texture":"#0"}}},{"from":[12.4,16.8,3.6],"to":[15.7,17.9,12.4],"faces":{"east":{"uv":[1.75,6.875,2.75,6.75],"tintindex":0,"rotation":0,"texture":"#0"},"south":{"uv":[4.125,6.875,4.5,6.75],"tintindex":0,"rotation":0,"texture":"#0"},"north":{"uv":[2.75,6.875,3.125,6.75],"tintindex":0,"rotation":0,"texture":"#0"},"west":{"uv":[3.125,6.875,4.125,6.75],"tintindex":0,"rotation":0,"texture":"#0"},"up":{"uv":[3.5,6.75,3.125,5.75],"tintindex":0,"rotation":0,"texture":"#0"},"down":{"uv":[3.125,5.75,2.75,6.75],"tintindex":0,"rotation":0,"texture":"#0"}}},{"from":[0.3000002,3.6,16.8],"to":[15.7,12.4,17.9],"faces":{"east":{"uv":[1.75,5.5,2.75,5.625],"tintindex":0,"rotation":90,"texture":"#0"},"south":{"uv":[3.75,3.75,2.75,5.5],"tintindex":0,"rotation":270,"texture":"#0"},"north":{"uv":[2.75,5.5,1.75,3.75],"tintindex":0,"rotation":270,"texture":"#0"},"west":{"uv":[4.5,5.5,5.5,5.625],"tintindex":0,"rotation":270,"texture":"#0"},"up":{"uv":[0.0,5.5,1.75,5.625],"tintindex":0,"rotation":0,"texture":"#0"},"down":{"uv":[2.75,5.5,4.5,5.625],"tintindex":0,"rotation":180,"texture":"#0"}}},{"from":[3.6,3.6,17.9],"to":[12.4,12.4,19.0],"faces":{"east":{"uv":[6.25,1.0,7.25,1.125],"tintindex":0,"rotation":90,"texture":"#0"},"south":{"uv":[8.25,0.0,7.25,1.0],"tintindex":0,"rotation":270,"texture":"#0"},"north":{"uv":[7.25,1.0,6.25,0.0],"tintindex":0,"rotation":270,"texture":"#0"},"west":{"uv":[8.25,1.0,9.25,1.125],"tintindex":0,"rotation":270,"texture":"#0"},"up":{"uv":[5.25,1.0,6.25,1.125],"tintindex":0,"rotation":0,"texture":"#0"},"down":{"uv":[7.25,1.0,8.25,1.125],"tintindex":0,"rotation":180,"texture":"#0"}}},{"from":[0.3000002,-1.8999996,3.6],"to":[3.6,-0.8000002,12.4],"faces":{"east":{"uv":[0.0,6.625,1.0,6.75],"tintindex":0,"rotation":0,"texture":"#0"},"south":{"uv":[2.375,6.625,2.75,6.75],"tintindex":0,"rotation":0,"texture":"#0"},"north":{"uv":[1.0,6.625,1.375,6.75],"tintindex":0,"rotation":0,"texture":"#0"},"west":{"uv":[1.375,6.625,2.375,6.75],"tintindex":0,"rotation":0,"texture":"#0"},"up":{"uv":[1.375,6.625,1.0,5.625],"tintindex":0,"rotation":0,"texture":"#0"},"down":{"uv":[1.75,5.625,1.375,6.625],"tintindex":0,"rotation":0,"texture":"#0"}}},{"from":[-0.8000002,0.3000002,0.3000002],"to":[0.3000002,15.700001,15.7],"faces":{"east":{"uv":[3.5,0.0,1.75,1.75],"tintindex":0,"rotation":270,"texture":"#0"},"south":{"uv":[5.25,1.875,7.0,1.75],"tintindex":0,"rotation":270,"texture":"#0"},"north":{"uv":[1.75,1.875,3.5,1.75],"tintindex":0,"rotation":90,"texture":"#0"},"west":{"uv":[5.25,1.75,3.5,0.0],"tintindex":0,"rotation":270,"texture":"#0"},"up":{"uv":[0.0,1.875,1.75,1.75],"tintindex":0,"rotation":270,"texture":"#0"},"down":{"uv":[3.5,1.875,5.25,1.75],"tintindex":0,"rotation":270,"texture":"#0"}}},{"from":[3.6,0.3000002,-1.8999996],"to":[12.4,3.6,-0.8000002],"faces":{"east":{"uv":[1.0,6.75,1.375,6.625],"tintindex":0,"rotation":90,"texture":"#0"},"south":{"uv":[1.375,5.625,1.0,6.625],"tintindex":0,"rotation":270,"texture":"#0"},"north":{"uv":[1.75,6.625,1.375,5.625],"tintindex":0,"rotation":270,"texture":"#0"},"west":{"uv":[2.375,6.75,2.75,6.625],"tintindex":0,"rotation":270,"texture":"#0"},"up":{"uv":[0.0,6.75,1.0,6.625],"tintindex":0,"rotation":0,"texture":"#0"},"down":{"uv":[1.375,6.75,2.375,6.625],"tintindex":0,"rotation":180,"texture":"#0"}}},{"from":[3.6,-1.8999996,0.3000002],"to":[12.4,-0.8000002,15.7],"faces":{"east":{"uv":[0.0,5.5,1.75,5.625],"tintindex":0,"rotation":0,"texture":"#0"},"south":{"uv":[4.5,5.5,5.5,5.625],"tintindex":0,"rotation":0,"texture":"#0"},"north":{"uv":[1.75,5.5,2.75,5.625],"tintindex":0,"rotation":0,"texture":"#0"},"west":{"uv":[2.75,5.5,4.5,5.625],"tintindex":0,"rotation":0,"texture":"#0"},"up":{"uv":[2.75,5.5,1.75,3.75],"tintindex":0,"rotation":0,"texture":"#0"},"down":{"uv":[3.75,3.75,2.75,5.5],"tintindex":0,"rotation":0,"texture":"#0"}}},{"from":[3.6,16.8,0.3000002],"to":[12.4,17.9,15.7],"faces":{"east":{"uv":[0.0,5.625,1.75,5.5],"tintindex":0,"rotation":0,"texture":"#0"},"south":{"uv":[4.5,5.625,5.5,5.5],"tintindex":0,"rotation":0,"texture":"#0"},"north":{"uv":[1.75,5.625,2.75,5.5],"tintindex":0,"rotation":0,"texture":"#0"},"west":{"uv":[2.75,5.625,4.5,5.5],"tintindex":0,"rotation":0,"texture":"#0"},"up":{"uv":[3.75,5.5,2.75,3.75],"tintindex":0,"rotation":0,"texture":"#0"},"down":{"uv":[2.75,3.75,1.75,5.5],"tintindex":0,"rotation":0,"texture":"#0"}}},{"from":[-3.0,3.6,3.6],"to":[-1.8999996,12.4,12.4],"faces":{"east":{"uv":[7.25,0.0,6.25,1.0],"tintindex":0,"rotation":270,"texture":"#0"},"south":{"uv":[8.25,1.125,9.25,1.0],"tintindex":0,"rotation":270,"texture":"#0"},"north":{"uv":[6.25,1.125,7.25,1.0],"tintindex":0,"rotation":90,"texture":"#0"},"west":{"uv":[8.25,1.0,7.25,0.0],"tintindex":0,"rotation":270,"texture":"#0"},"up":{"uv":[5.25,1.125,6.25,1.0],"tintindex":0,"rotation":270,"texture":"#0"},"down":{"uv":[7.25,1.125,8.25,1.0],"tintindex":0,"rotation":270,"texture":"#0"}}},{"from":[0.3000002,15.700001,0.3000002],"to":[15.7,16.8,15.7],"faces":{"east":{"uv":[0.0,1.875,1.75,1.75],"tintindex":0,"rotation":0,"texture":"#0"},"south":{"uv":[5.25,1.875,7.0,1.75],"tintindex":0,"rotation":0,"texture":"#0"},"north":{"uv":[1.75,1.875,3.5,1.75],"tintindex":0,"rotation":0,"texture":"#0"},"west":{"uv":[3.5,1.875,5.25,1.75],"tintindex":0,"rotation":0,"texture":"#0"},"up":{"uv":[5.25,1.75,3.5,0.0],"tintindex":0,"rotation":0,"texture":"#0"},"down":{"uv":[3.5,0.0,1.75,1.75],"tintindex":0,"rotation":0,"texture":"#0"}}},{"from":[3.6,3.6,-3.0],"to":[12.4,12.4,-1.8999996],"faces":{"east":{"uv":[6.25,1.125,7.25,1.0],"tintindex":0,"rotation":90,"texture":"#0"},"south":{"uv":[7.25,0.0,6.25,1.0],"tintindex":0,"rotation":270,"texture":"#0"},"north":{"uv":[8.25,1.0,7.25,0.0],"tintindex":0,"rotation":270,"texture":"#0"},"west":{"uv":[8.25,1.125,9.25,1.0],"tintindex":0,"rotation":270,"texture":"#0"},"up":{"uv":[5.25,1.125,6.25,1.0],"tintindex":0,"rotation":0,"texture":"#0"},"down":{"uv":[7.25,1.125,8.25,1.0],"tintindex":0,"rotation":180,"texture":"#0"}}},{"from":[3.6,12.4,16.8],"to":[12.4,15.700001,17.9],"faces":{"east":{"uv":[2.75,6.75,3.125,6.875],"tintindex":0,"rotation":90,"texture":"#0"},"south":{"uv":[3.5,5.75,3.125,6.75],"tintindex":0,"rotation":270,"texture":"#0"},"north":{"uv":[3.125,6.75,2.75,5.75],"tintindex":0,"rotation":270,"texture":"#0"},"west":{"uv":[4.125,6.75,4.5,6.875],"tintindex":0,"rotation":270,"texture":"#0"},"up":{"uv":[1.75,6.75,2.75,6.875],"tintindex":0,"rotation":0,"texture":"#0"},"down":{"uv":[3.125,6.75,4.125,6.875],"tintindex":0,"rotation":180,"texture":"#0"}}},{"from":[3.6,12.4,-1.8999996],"to":[12.4,15.700001,-0.8000002],"faces":{"east":{"uv":[2.75,6.875,3.125,6.75],"tintindex":0,"rotation":90,"texture":"#0"},"south":{"uv":[3.125,5.75,2.75,6.75],"tintindex":0,"rotation":270,"texture":"#0"},"north":{"uv":[3.5,6.75,3.125,5.75],"tintindex":0,"rotation":270,"texture":"#0"},"west":{"uv":[4.125,6.875,4.5,6.75],"tintindex":0,"rotation":270,"texture":"#0"},"up":{"uv":[1.75,6.875,2.75,6.75],"tintindex":0,"rotation":0,"texture":"#0"},"down":{"uv":[3.125,6.875,4.125,6.75],"tintindex":0,"rotation":180,"texture":"#0"}}},{"from":[-1.8999996,3.6,0.3000002],"to":[-0.8000002,12.4,15.7],"faces":{"east":{"uv":[2.75,3.75,1.75,5.5],"tintindex":0,"rotation":270,"texture":"#0"},"south":{"uv":[4.5,5.625,5.5,5.5],"tintindex":0,"rotation":270,"texture":"#0"},"north":{"uv":[1.75,5.625,2.75,5.5],"tintindex":0,"rotation":90,"texture":"#0"},"west":{"uv":[3.75,5.5,2.75,3.75],"tintindex":0,"rotation":270,"texture":"#0"},"up":{"uv":[0.0,5.625,1.75,5.5],"tintindex":0,"rotation":270,"texture":"#0"},"down":{"uv":[2.75,5.625,4.5,5.5],"tintindex":0,"rotation":270,"texture":"#0"}}},{"from":[-1.8999996,12.4,3.6],"to":[-0.8000002,15.700001,12.4],"faces":{"east":{"uv":[3.125,5.75,2.75,6.75],"tintindex":0,"rotation":270,"texture":"#0"},"south":{"uv":[4.125,6.875,4.5,6.75],"tintindex":0,"rotation":270,"texture":"#0"},"north":{"uv":[2.75,6.875,3.125,6.75],"tintindex":0,"rotation":90,"texture":"#0"},"west":{"uv":[3.5,6.75,3.125,5.75],"tintindex":0,"rotation":270,"texture":"#0"},"up":{"uv":[1.75,6.875,2.75,6.75],"tintindex":0,"rotation":270,"texture":"#0"},"down":{"uv":[3.125,6.875,4.125,6.75],"tintindex":0,"rotation":270,"texture":"#0"}}},{"from":[16.8,0.3000002,3.6],"to":[17.9,3.6,12.4],"faces":{"east":{"uv":[1.75,5.625,1.375,6.625],"tintindex":0,"rotation":270,"texture":"#0"},"south":{"uv":[2.375,6.625,2.75,6.75],"tintindex":0,"rotation":270,"texture":"#0"},"north":{"uv":[1.0,6.625,1.375,6.75],"tintindex":0,"rotation":90,"texture":"#0"},"west":{"uv":[1.375,6.625,1.0,5.625],"tintindex":0,"rotation":270,"texture":"#0"},"up":{"uv":[0.0,6.625,1.0,6.75],"tintindex":0,"rotation":270,"texture":"#0"},"down":{"uv":[1.375,6.625,2.375,6.75],"tintindex":0,"rotation":270,"texture":"#0"}}},{"from":[3.6,17.9,3.6],"to":[12.4,19.0,12.4],"faces":{"east":{"uv":[5.25,1.125,6.25,1.0],"tintindex":0,"rotation":0,"texture":"#0"},"south":{"uv":[8.25,1.125,9.25,1.0],"tintindex":0,"rotation":0,"texture":"#0"},"north":{"uv":[6.25,1.125,7.25,1.0],"tintindex":0,"rotation":0,"texture":"#0"},"west":{"uv":[7.25,1.125,8.25,1.0],"tintindex":0,"rotation":0,"texture":"#0"},"up":{"uv":[8.25,1.0,7.25,0.0],"tintindex":0,"rotation":0,"texture":"#0"},"down":{"uv":[7.25,0.0,6.25,1.0],"tintindex":0,"rotation":0,"texture":"#0"}}},{"from":[3.6,-3.0,3.6],"to":[12.4,-1.8999996,12.4],"faces":{"east":{"uv":[5.25,1.0,6.25,1.125],"tintindex":0,"rotation":0,"texture":"#0"},"south":{"uv":[8.25,1.0,9.25,1.125],"tintindex":0,"rotation":0,"texture":"#0"},"north":{"uv":[6.25,1.0,7.25,1.125],"tintindex":0,"rotation":0,"texture":"#0"},"west":{"uv":[7.25,1.0,8.25,1.125],"tintindex":0,"rotation":0,"texture":"#0"},"up":{"uv":[7.25,1.0,6.25,0.0],"tintindex":0,"rotation":0,"texture":"#0"},"down":{"uv":[8.25,0.0,7.25,1.0],"tintindex":0,"rotation":0,"texture":"#0"}}},{"from":[0.3000002,0.3000002,15.7],"to":[15.7,15.700001,16.8],"faces":{"east":{"uv":[1.75,1.75,3.5,1.875],"tintindex":0,"rotation":90,"texture":"#0"},"south":{"uv":[5.25,0.0,3.5,1.75],"tintindex":0,"rotation":270,"texture":"#0"},"north":{"uv":[3.5,1.75,1.75,0.0],"tintindex":0,"rotation":270,"texture":"#0"},"west":{"uv":[5.25,1.75,7.0,1.875],"tintindex":0,"rotation":270,"texture":"#0"},"up":{"uv":[0.0,1.75,1.75,1.875],"tintindex":0,"rotation":0,"texture":"#0"},"down":{"uv":[3.5,1.75,5.25,1.875],"tintindex":0,"rotation":180,"texture":"#0"}}},{"from":[0.3000002,-0.8000002,0.3000002],"to":[15.7,0.3000002,15.7],"faces":{"east":{"uv":[0.0,1.75,1.75,1.875],"tintindex":0,"rotation":0,"texture":"#0"},"south":{"uv":[5.25,1.75,7.0,1.875],"tintindex":0,"rotation":0,"texture":"#0"},"north":{"uv":[1.75,1.75,3.5,1.875],"tintindex":0,"rotation":0,"texture":"#0"},"west":{"uv":[3.5,1.75,5.25,1.875],"tintindex":0,"rotation":0,"texture":"#0"},"up":{"uv":[3.5,1.75,1.75,0.0],"tintindex":0,"rotation":0,"texture":"#0"},"down":{"uv":[5.25,0.0,3.5,1.75],"tintindex":0,"rotation":0,"texture":"#0"}}},{"from":[12.4,-1.8999996,3.6],"to":[15.7,-0.8000002,12.4],"faces":{"east":{"uv":[1.75,6.75,2.75,6.875],"tintindex":0,"rotation":0,"texture":"#0"},"south":{"uv":[4.125,6.75,4.5,6.875],"tintindex":0,"rotation":0,"texture":"#0"},"north":{"uv":[2.75,6.75,3.125,6.875],"tintindex":0,"rotation":0,"texture":"#0"},"west":{"uv":[3.125,6.75,4.125,6.875],"tintindex":0,"rotation":0,"texture":"#0"},"up":{"uv":[3.125,6.75,2.75,5.75],"tintindex":0,"rotation":0,"texture":"#0"},"down":{"uv":[3.5,5.75,3.125,6.75],"tintindex":0,"rotation":0,"texture":"#0"}}},{"from":[0.3000002,16.8,3.6],"to":[3.6,17.9,12.4],"faces":{"east":{"uv":[0.0,6.75,1.0,6.625],"tintindex":0,"rotation":0,"texture":"#0"},"south":{"uv":[2.375,6.75,2.75,6.625],"tintindex":0,"rotation":0,"texture":"#0"},"north":{"uv":[1.0,6.75,1.375,6.625],"tintindex":0,"rotation":0,"texture":"#0"},"west":{"uv":[1.375,6.75,2.375,6.625],"tintindex":0,"rotation":0,"texture":"#0"},"up":{"uv":[1.75,6.625,1.375,5.625],"tintindex":0,"rotation":0,"texture":"#0"},"down":{"uv":[1.375,5.625,1.0,6.625],"tintindex":0,"rotation":0,"texture":"#0"}}},{"from":[16.8,3.6,0.3000002],"to":[17.9,12.4,15.7],"faces":{"east":{"uv":[3.75,3.75,2.75,5.5],"tintindex":0,"rotation":270,"texture":"#0"},"south":{"uv":[4.5,5.5,5.5,5.625],"tintindex":0,"rotation":270,"texture":"#0"},"north":{"uv":[1.75,5.5,2.75,5.625],"tintindex":0,"rotation":90,"texture":"#0"},"west":{"uv":[2.75,5.5,1.75,3.75],"tintindex":0,"rotation":270,"texture":"#0"},"up":{"uv":[0.0,5.5,1.75,5.625],"tintindex":0,"rotation":270,"texture":"#0"},"down":{"uv":[2.75,5.5,4.5,5.625],"tintindex":0,"rotation":270,"texture":"#0"}}},{"from":[16.8,12.4,3.6],"to":[17.9,15.700001,12.4],"faces":{"east":{"uv":[3.5,5.75,3.125,6.75],"tintindex":0,"rotation":270,"texture":"#0"},"south":{"uv":[4.125,6.75,4.5,6.875],"tintindex":0,"rotation":270,"texture":"#0"},"north":{"uv":[2.75,6.75,3.125,6.875],"tintindex":0,"rotation":90,"texture":"#0"},"west":{"uv":[3.125,6.75,2.75,5.75],"tintindex":0,"rotation":270,"texture":"#0"},"up":{"uv":[1.75,6.75,2.75,6.875],"tintindex":0,"rotation":270,"texture":"#0"},"down":{"uv":[3.125,6.75,4.125,6.875],"tintindex":0,"rotation":270,"texture":"#0"}}},{"from":[17.9,3.6,3.6],"to":[19.0,12.4,12.4],"faces":{"east":{"uv":[8.25,0.0,7.25,1.0],"tintindex":0,"rotation":270,"texture":"#0"},"south":{"uv":[8.25,1.0,9.25,1.125],"tintindex":0,"rotation":270,"texture":"#0"},"north":{"uv":[6.25,1.0,7.25,1.125],"tintindex":0,"rotation":90,"texture":"#0"},"west":{"uv":[7.25,1.0,6.25,0.0],"tintindex":0,"rotation":270,"texture":"#0"},"up":{"uv":[5.25,1.0,6.25,1.125],"tintindex":0,"rotation":270,"texture":"#0"},"down":{"uv":[7.25,1.0,8.25,1.125],"tintindex":0,"rotation":270,"texture":"#0"}}},{"from":[-1.8999996,0.3000002,3.6],"to":[-0.8000002,3.6,12.4],"faces":{"east":{"uv":[1.375,5.625,1.0,6.625],"tintindex":0,"rotation":270,"texture":"#0"},"south":{"uv":[2.375,6.75,2.75,6.625],"tintindex":0,"rotation":270,"texture":"#0"},"north":{"uv":[1.0,6.75,1.375,6.625],"tintindex":0,"rotation":90,"texture":"#0"},"west":{"uv":[1.75,6.625,1.375,5.625],"tintindex":0,"rotation":270,"texture":"#0"},"up":{"uv":[0.0,6.75,1.0,6.625],"tintindex":0,"rotation":270,"texture":"#0"},"down":{"uv":[1.375,6.75,2.375,6.625],"tintindex":0,"rotation":270,"texture":"#0"}}},{"from":[0.3000002,3.6,-1.8999996],"to":[15.7,12.4,-0.8000002],"faces":{"east":{"uv":[1.75,5.625,2.75,5.5],"tintindex":0,"rotation":90,"texture":"#0"},"south":{"uv":[2.75,3.75,1.75,5.5],"tintindex":0,"rotation":270,"texture":"#0"},"north":{"uv":[3.75,5.5,2.75,3.75],"tintindex":0,"rotation":270,"texture":"#0"},"west":{"uv":[4.5,5.625,5.5,5.5],"tintindex":0,"rotation":270,"texture":"#0"},"up":{"uv":[0.0,5.625,1.75,5.5],"tintindex":0,"rotation":0,"texture":"#0"},"down":{"uv":[2.75,5.625,4.5,5.5],"tintindex":0,"rotation":180,"texture":"#0"}}},{"from":[0.3000002,0.3000002,-0.8000002],"to":[15.7,15.700001,0.3000002],"faces":{"east":{"uv":[1.75,1.875,3.5,1.75],"tintindex":0,"rotation":90,"texture":"#0"},"south":{"uv":[3.5,0.0,1.75,1.75],"tintindex":0,"rotation":270,"texture":"#0"},"north":{"uv":[5.25,1.75,3.5,0.0],"tintindex":0,"rotation":270,"texture":"#0"},"west":{"uv":[5.25,1.875,7.0,1.75],"tintindex":0,"rotation":270,"texture":"#0"},"up":{"uv":[0.0,1.875,1.75,1.75],"tintindex":0,"rotation":0,"texture":"#0"},"down":{"uv":[3.5,1.875,5.25,1.75],"tintindex":0,"rotation":180,"texture":"#0"}}}],"display":{"head":{"rotation":[0.0,0.0,0.0]},"firstperson_righthand":{"rotation":[0.0,0.0,0.0]},"thirdperson_lefthand":{"rotation":[0.0,-0.0,-0.0]},"firstperson_lefthand":{"rotation":[0.0,-0.0,-0.0]},"fixed":{"rotation":[0.0,0.0,0.0]},"ground":{"rotation":[0.0,0.0,0.0]},"thirdperson_righthand":{"rotation":[0.0,0.0,0.0]},"gui":{"rotation":[-150.0,-45.0,180.0]}}}