{"textures":{"0":"modelengine:entity/hv_rat_archer","particle":"#0"},"elements":[{"from":[8.06079,10.333332,6.56079],"to":[8.06079,13.833332,9.56079],"faces":{"east":{"uv":[6.8571434,12.142858,7.2857146,12.714286],"tintindex":0,"rotation":0,"texture":"#0"},"west":{"uv":[7.2857146,12.142858,7.714286,12.714286],"tintindex":0,"rotation":0,"texture":"#0"}}},{"from":[7.719605,5.833332,7.7196045],"to":[8.2196045,11.833332,8.2196045],"faces":{"east":{"uv":[10.142858,12.000001,10.285715,12.857143],"tintindex":0,"rotation":0,"texture":"#0"},"south":{"uv":[8.142858,12.142858,8.285715,13.000001],"tintindex":0,"rotation":0,"texture":"#0"},"north":{"uv":[0.8571429,12.000001,1.0,12.857143],"tintindex":0,"rotation":0,"texture":"#0"},"west":{"uv":[3.2857144,12.285715,3.4285717,13.142858],"tintindex":0,"rotation":0,"texture":"#0"},"up":{"uv":[6.0000005,9.857143,5.857143,9.714286],"tintindex":0,"rotation":0,"texture":"#0"},"down":{"uv":[6.1428576,9.714286,6.0000005,9.857143],"tintindex":0,"rotation":0,"texture":"#0"}}},{"from":[6.469605,10.333332,7.9696045],"to":[9.4696045,13.833332,7.9696045],"faces":{"south":{"uv":[6.4285717,12.142858,6.8571434,12.714286],"tintindex":0,"rotation":0,"texture":"#0"},"north":{"uv":[12.142858,5.4285717,12.571429,6.0000005],"tintindex":0,"rotation":0,"texture":"#0"}}}],"display":{"head":{"rotation":[0.0,0.0,0.0]},"firstperson_righthand":{"rotation":[0.0,0.0,0.0]},"thirdperson_lefthand":{"rotation":[0.0,-0.0,-0.0]},"firstperson_lefthand":{"rotation":[0.0,-0.0,-0.0]},"fixed":{"rotation":[0.0,0.0,0.0]},"ground":{"rotation":[0.0,0.0,0.0]},"thirdperson_righthand":{"rotation":[0.0,0.0,0.0]},"gui":{"rotation":[-150.0,-45.0,180.0]}}}