{"textures":{"0":"modelengine:entity/hv_rat_archer","particle":"#0"},"elements":[{"from":[6.5625,4.55,6.5625],"to":[9.4375,10.875,9.4375],"faces":{"east":{"uv":[11.000001,6.8571434,11.428572,7.714286],"tintindex":0,"rotation":0,"texture":"#0"},"south":{"uv":[9.857143,11.142858,10.285715,12.000001],"tintindex":0,"rotation":0,"texture":"#0"},"north":{"uv":[6.571429,4.571429,7.0000005,5.4285717],"tintindex":0,"rotation":0,"texture":"#0"},"west":{"uv":[11.142858,11.000001,11.571429,11.857143],"tintindex":0,"rotation":0,"texture":"#0"},"up":{"uv":[10.142858,13.000001,9.714286,12.571429],"tintindex":0,"rotation":0,"texture":"#0"},"down":{"uv":[13.000001,10.714286,12.571429,11.142858],"tintindex":0,"rotation":0,"texture":"#0"}}}],"display":{"head":{"rotation":[0.0,0.0,0.0]},"firstperson_righthand":{"rotation":[0.0,0.0,0.0]},"thirdperson_lefthand":{"rotation":[0.0,-0.0,-0.0]},"firstperson_lefthand":{"rotation":[0.0,-0.0,-0.0]},"fixed":{"rotation":[0.0,0.0,0.0]},"ground":{"rotation":[0.0,0.0,0.0]},"thirdperson_righthand":{"rotation":[0.0,0.0,0.0]},"gui":{"rotation":[-150.0,-45.0,180.0]}}}