{"textures":{"0":"modelengine:entity/hv_rat_archer","particle":"#0"},"elements":[{"from":[6.5625,4.55,6.5625],"to":[9.4375,10.875,9.4375],"faces":{"east":{"uv":[11.285715,3.7142859,11.714286,4.571429],"tintindex":0,"rotation":0,"texture":"#0"},"south":{"uv":[4.857143,11.285715,5.2857146,12.142858],"tintindex":0,"rotation":0,"texture":"#0"},"north":{"uv":[11.285715,0.71428573,11.714286,1.5714287],"tintindex":0,"rotation":0,"texture":"#0"},"west":{"uv":[6.4285717,11.285715,6.8571434,12.142858],"tintindex":0,"rotation":0,"texture":"#0"},"up":{"uv":[12.285715,13.000001,11.857143,12.571429],"tintindex":0,"rotation":0,"texture":"#0"},"down":{"uv":[13.000001,12.000001,12.571429,12.428572],"tintindex":0,"rotation":0,"texture":"#0"}}}],"display":{"head":{"rotation":[0.0,0.0,0.0]},"firstperson_righthand":{"rotation":[0.0,0.0,0.0]},"thirdperson_lefthand":{"rotation":[0.0,-0.0,-0.0]},"firstperson_lefthand":{"rotation":[0.0,-0.0,-0.0]},"fixed":{"rotation":[0.0,0.0,0.0]},"ground":{"rotation":[0.0,0.0,0.0]},"thirdperson_righthand":{"rotation":[0.0,0.0,0.0]},"gui":{"rotation":[-150.0,-45.0,180.0]}}}