{"textures":{"0":"modelengine:entity/hv_rat_archer","particle":"#0"},"elements":[{"from":[6.7875,8.5,4.25],"to":[8.5375,11.0,12.25],"faces":{"east":{"uv":[10.857143,8.285715,12.000001,8.714286],"tintindex":0,"rotation":0,"texture":"#0"},"south":{"uv":[0.0,12.714286,0.2857143,13.142858],"tintindex":0,"rotation":0,"texture":"#0"},"north":{"uv":[2.0,10.285715,2.2857144,10.714286],"tintindex":0,"rotation":0,"texture":"#0"},"west":{"uv":[10.857143,8.714286,12.000001,9.142858],"tintindex":0,"rotation":0,"texture":"#0"},"up":{"uv":[1.7142859,12.857143,1.4285715,11.714286],"tintindex":0,"rotation":0,"texture":"#0"},"down":{"uv":[2.0,11.714286,1.7142859,12.857143],"tintindex":0,"rotation":0,"texture":"#0"}}}],"display":{"head":{"rotation":[0.0,0.0,0.0]},"firstperson_righthand":{"rotation":[0.0,0.0,0.0]},"thirdperson_lefthand":{"rotation":[0.0,-0.0,-0.0]},"firstperson_lefthand":{"rotation":[0.0,-0.0,-0.0]},"fixed":{"rotation":[0.0,0.0,0.0]},"ground":{"rotation":[0.0,0.0,0.0]},"thirdperson_righthand":{"rotation":[0.0,0.0,0.0]},"gui":{"rotation":[-150.0,-45.0,180.0]}}}