{"textures":{"0":"modelengine:entity/hv_rat_archer","particle":"#0"},"elements":[{"from":[6.992857,4.3214283,-1.5178566],"to":[7.992857,6.5714283,-0.5178566],"faces":{"east":{"uv":[9.714286,11.714286,9.857143,12.000001],"tintindex":0,"rotation":0,"texture":"#0"},"south":{"uv":[11.428572,11.857143,11.571429,12.142858],"tintindex":0,"rotation":0,"texture":"#0"},"north":{"uv":[4.2857146,9.571429,4.4285717,9.857143],"tintindex":0,"rotation":0,"texture":"#0"},"west":{"uv":[4.0,12.000001,4.1428576,12.285715],"tintindex":0,"rotation":0,"texture":"#0"},"up":{"uv":[2.5714288,8.571429,2.4285715,8.428572],"tintindex":0,"rotation":0,"texture":"#0"},"down":{"uv":[2.7142859,8.428572,2.5714288,8.571429],"tintindex":0,"rotation":0,"texture":"#0"}}},{"from":[4.642857,4.5714283,2.232143],"to":[11.642857,11.571428,9.232143],"faces":{"east":{"uv":[7.571429,8.428572,8.571429,9.428572],"tintindex":0,"rotation":0,"texture":"#0"},"south":{"uv":[2.4285715,8.571429,3.4285717,9.571429],"tintindex":0,"rotation":0,"texture":"#0"},"north":{"uv":[1.4285715,8.428572,2.4285715,9.428572],"tintindex":0,"rotation":0,"texture":"#0"},"west":{"uv":[3.4285717,8.571429,4.4285717,9.571429],"tintindex":0,"rotation":0,"texture":"#0"},"up":{"uv":[9.571429,9.428572,8.571429,8.428572],"tintindex":0,"rotation":0,"texture":"#0"},"down":{"uv":[9.714286,3.0000002,8.714286,4.0],"tintindex":0,"rotation":0,"texture":"#0"}}},{"from":[8.292857,4.0714283,-1.5178566],"to":[9.292857,6.5714283,-0.5178566],"faces":{"east":{"uv":[12.142858,11.571429,12.285715,12.000001],"tintindex":0,"rotation":0,"texture":"#0"},"south":{"uv":[6.1428576,12.714286,6.2857146,13.142858],"tintindex":0,"rotation":0,"texture":"#0"},"north":{"uv":[6.8571434,9.857143,7.0000005,10.285715],"tintindex":0,"rotation":0,"texture":"#0"},"west":{"uv":[11.714286,12.714286,11.857143,13.142858],"tintindex":0,"rotation":0,"texture":"#0"},"up":{"uv":[2.857143,8.571429,2.7142859,8.428572],"tintindex":0,"rotation":0,"texture":"#0"},"down":{"uv":[4.571429,8.571429,4.4285717,8.714286],"tintindex":0,"rotation":0,"texture":"#0"}}},{"from":[10.742857,8.621429,2.2174892],"to":[11.192857,9.47143,2.2174892],"faces":{"south":{"uv":[8.0,2.1428573,8.142858,2.2857144],"tintindex":0,"rotation":0,"texture":"#0"},"north":{"uv":[7.8571434,6.4285717,8.0,6.571429],"tintindex":0,"rotation":0,"texture":"#0"}}},{"from":[5.0928574,8.621429,2.2174892],"to":[5.542857,9.47143,2.2174892],"faces":{"south":{"uv":[7.8571434,2.1428573,8.0,2.2857144],"tintindex":0,"rotation":0,"texture":"#0"},"north":{"uv":[7.714286,6.4285717,7.8571434,6.571429],"tintindex":0,"rotation":0,"texture":"#0"}}},{"from":[5.892857,4.5714283,-1.0178566],"to":[10.392857,6.5714283,2.232143],"faces":{"east":{"uv":[12.571429,7.4285717,13.000001,7.714286],"tintindex":0,"rotation":0,"texture":"#0"},"south":{"uv":[12.285715,9.0,13.000001,9.285715],"tintindex":0,"rotation":0,"texture":"#0"},"north":{"uv":[9.714286,3.7142859,10.428572,4.0],"tintindex":0,"rotation":0,"texture":"#0"},"west":{"uv":[12.571429,12.428572,13.000001,12.714286],"tintindex":0,"rotation":0,"texture":"#0"},"up":{"uv":[7.571429,12.142858,6.8571434,11.714286],"tintindex":0,"rotation":0,"texture":"#0"},"down":{"uv":[8.285715,11.714286,7.571429,12.142858],"tintindex":0,"rotation":0,"texture":"#0"}}}],"display":{"head":{"rotation":[0.0,0.0,0.0]},"firstperson_righthand":{"rotation":[0.0,0.0,0.0]},"thirdperson_lefthand":{"rotation":[0.0,-0.0,-0.0]},"firstperson_lefthand":{"rotation":[0.0,-0.0,-0.0]},"fixed":{"rotation":[0.0,0.0,0.0]},"ground":{"rotation":[0.0,0.0,0.0]},"thirdperson_righthand":{"rotation":[0.0,0.0,0.0]},"gui":{"rotation":[-150.0,-45.0,180.0]}}}