{"textures":{"0":"modelengine:entity/hv_rat_archer","particle":"#0"},"elements":[{"from":[3.75,6.830968,4.668417],"to":[12.25,15.330967,10.418417],"faces":{"east":{"uv":[8.714286,4.0,9.571429,5.1428576],"tintindex":0,"rotation":0,"texture":"#0"},"south":{"uv":[6.714286,6.571429,8.0,7.714286],"tintindex":0,"rotation":0,"texture":"#0"},"north":{"uv":[5.4285717,6.571429,6.714286,7.714286],"tintindex":0,"rotation":0,"texture":"#0"},"west":{"uv":[4.4285717,8.714286,5.2857146,9.857143],"tintindex":0,"rotation":0,"texture":"#0"},"up":{"uv":[9.285715,7.714286,8.0,6.8571434],"tintindex":0,"rotation":0,"texture":"#0"},"down":{"uv":[9.428572,2.1428573,8.142858,3.0000002],"tintindex":0,"rotation":0,"texture":"#0"}}}],"display":{"head":{"rotation":[0.0,0.0,0.0]},"firstperson_righthand":{"rotation":[0.0,0.0,0.0]},"thirdperson_lefthand":{"rotation":[0.0,-0.0,-0.0]},"firstperson_lefthand":{"rotation":[0.0,-0.0,-0.0]},"fixed":{"rotation":[0.0,0.0,0.0]},"ground":{"rotation":[0.0,0.0,0.0]},"thirdperson_righthand":{"rotation":[0.0,0.0,0.0]},"gui":{"rotation":[-150.0,-45.0,180.0]}}}