{"textures":{"0":"modelengine:entity/hv_rat_archer","particle":"#0"},"elements":[{"from":[6.275,-0.9363861,6.0230527],"to":[9.725,9.413614,9.473053],"faces":{"east":{"uv":[6.4285717,9.857143,6.8571434,11.285715],"tintindex":0,"rotation":0,"texture":"#0"},"south":{"uv":[1.1428572,10.285715,1.5714287,11.714286],"tintindex":0,"rotation":0,"texture":"#0"},"north":{"uv":[4.857143,9.857143,5.2857146,11.285715],"tintindex":0,"rotation":0,"texture":"#0"},"west":{"uv":[1.5714287,10.285715,2.0,11.714286],"tintindex":0,"rotation":0,"texture":"#0"},"up":{"uv":[5.714286,13.000001,5.2857146,12.571429],"tintindex":0,"rotation":0,"texture":"#0"},"down":{"uv":[13.000001,5.4285717,12.571429,5.857143],"tintindex":0,"rotation":0,"texture":"#0"}}}],"display":{"head":{"rotation":[0.0,0.0,0.0]},"firstperson_righthand":{"rotation":[0.0,0.0,0.0]},"thirdperson_lefthand":{"rotation":[0.0,-0.0,-0.0]},"firstperson_lefthand":{"rotation":[0.0,-0.0,-0.0]},"fixed":{"rotation":[0.0,0.0,0.0]},"ground":{"rotation":[0.0,0.0,0.0]},"thirdperson_righthand":{"rotation":[0.0,0.0,0.0]},"gui":{"rotation":[-150.0,-45.0,180.0]}}}