{"textures":{"0":"modelengine:entity/hv_rat_archer","particle":"#0"},"elements":[{"from":[6.5,1.0,6.0],"to":[9.5,10.0,10.0],"faces":{"east":{"uv":[9.571429,0.0,10.142858,1.2857144],"tintindex":0,"rotation":0,"texture":"#0"},"south":{"uv":[10.428572,3.7142859,10.857143,5.0],"tintindex":0,"rotation":0,"texture":"#0"},"north":{"uv":[3.2857144,10.428572,3.7142859,11.714286],"tintindex":0,"rotation":0,"texture":"#0"},"west":{"uv":[2.2857144,9.571429,2.857143,10.857143],"tintindex":0,"rotation":0,"texture":"#0"},"up":{"uv":[5.4285717,7.714286,5.0,7.1428576],"tintindex":0,"rotation":0,"texture":"#0"},"down":{"uv":[5.714286,12.000001,5.2857146,12.571429],"tintindex":0,"rotation":0,"texture":"#0"}}}],"display":{"head":{"rotation":[0.0,0.0,0.0]},"firstperson_righthand":{"rotation":[0.0,0.0,0.0]},"thirdperson_lefthand":{"rotation":[0.0,-0.0,-0.0]},"firstperson_lefthand":{"rotation":[0.0,-0.0,-0.0]},"fixed":{"rotation":[0.0,0.0,0.0]},"ground":{"rotation":[0.0,0.0,0.0]},"thirdperson_righthand":{"rotation":[0.0,0.0,0.0]},"gui":{"rotation":[-150.0,-45.0,180.0]}}}