{"textures":{"0":"modelengine:entity/hv_rat_archer","particle":"#0"},"elements":[{"from":[6.5,1.0,6.0],"to":[9.5,10.0,10.0],"faces":{"east":{"uv":[3.7142859,9.571429,4.2857146,10.857143],"tintindex":0,"rotation":0,"texture":"#0"},"south":{"uv":[9.428572,10.428572,9.857143,11.714286],"tintindex":0,"rotation":0,"texture":"#0"},"north":{"uv":[10.428572,8.285715,10.857143,9.571429],"tintindex":0,"rotation":0,"texture":"#0"},"west":{"uv":[0.0,9.714286,0.5714286,11.000001],"tintindex":0,"rotation":0,"texture":"#0"},"up":{"uv":[12.285715,12.571429,11.857143,12.000001],"tintindex":0,"rotation":0,"texture":"#0"},"down":{"uv":[0.42857146,12.142858,0.0,12.714286],"tintindex":0,"rotation":0,"texture":"#0"}}}],"display":{"head":{"rotation":[0.0,0.0,0.0]},"firstperson_righthand":{"rotation":[0.0,0.0,0.0]},"thirdperson_lefthand":{"rotation":[0.0,-0.0,-0.0]},"firstperson_lefthand":{"rotation":[0.0,-0.0,-0.0]},"fixed":{"rotation":[0.0,0.0,0.0]},"ground":{"rotation":[0.0,0.0,0.0]},"thirdperson_righthand":{"rotation":[0.0,0.0,0.0]},"gui":{"rotation":[-150.0,-45.0,180.0]}}}