{"textures":{"0":"modelengine:entity/hv_rat_archer","particle":"#0"},"elements":[{"from":[7.0,3.0,7.0],"to":[9.0,8.5,9.0],"faces":{"east":{"uv":[10.571429,12.285715,10.857143,13.000001],"tintindex":0,"rotation":0,"texture":"#0"},"south":{"uv":[10.857143,12.285715,11.142858,13.000001],"tintindex":0,"rotation":0,"texture":"#0"},"north":{"uv":[4.4285717,12.285715,4.714286,13.000001],"tintindex":0,"rotation":0,"texture":"#0"},"west":{"uv":[12.285715,11.571429,12.571429,12.285715],"tintindex":0,"rotation":0,"texture":"#0"},"up":{"uv":[5.4285717,1.5714287,5.1428576,1.2857144],"tintindex":0,"rotation":0,"texture":"#0"},"down":{"uv":[12.285715,8.857143,12.000001,9.142858],"tintindex":0,"rotation":0,"texture":"#0"}}}],"display":{"head":{"rotation":[0.0,0.0,0.0]},"firstperson_righthand":{"rotation":[0.0,0.0,0.0]},"thirdperson_lefthand":{"rotation":[0.0,-0.0,-0.0]},"firstperson_lefthand":{"rotation":[0.0,-0.0,-0.0]},"fixed":{"rotation":[0.0,0.0,0.0]},"ground":{"rotation":[0.0,0.0,0.0]},"thirdperson_righthand":{"rotation":[0.0,0.0,0.0]},"gui":{"rotation":[-150.0,-45.0,180.0]}}}