{"textures":{"0":"modelengine:entity/mso_overlord_stage1","particle":"#0"},"elements":[{"from":[6.99,5.99,6.99],"to":[9.01,8.01,9.01],"faces":{"east":{"uv":[6.375,11.75,6.625,12.0],"tintindex":0,"rotation":0,"texture":"#0"},"south":{"uv":[6.625,11.75,6.875,12.0],"tintindex":0,"rotation":0,"texture":"#0"},"north":{"uv":[5.375,11.75,5.625,12.0],"tintindex":0,"rotation":0,"texture":"#0"},"west":{"uv":[6.875,11.75,7.125,12.0],"tintindex":0,"rotation":0,"texture":"#0"},"up":{"uv":[7.375,12.0,7.125,11.75],"tintindex":0,"rotation":0,"texture":"#0"},"down":{"uv":[12.0,7.875,11.75,8.125],"tintindex":0,"rotation":0,"texture":"#0"}}}],"display":{"head":{"rotation":[0.0,0.0,0.0]},"firstperson_righthand":{"rotation":[0.0,0.0,0.0]},"thirdperson_lefthand":{"rotation":[0.0,-0.0,-0.0]},"firstperson_lefthand":{"rotation":[0.0,-0.0,-0.0]},"fixed":{"rotation":[0.0,0.0,0.0]},"ground":{"rotation":[0.0,0.0,0.0]},"thirdperson_righthand":{"rotation":[0.0,0.0,0.0]},"gui":{"rotation":[-150.0,-45.0,180.0]}}}