{"textures":{"0":"modelengine:entity/mso_overlord_stage1","particle":"#0"},"elements":[{"from":[3.0,2.9500008,4.6],"to":[13.0,7.950001,11.6],"faces":{"east":{"uv":[1.875,7.375,2.75,8.0],"tintindex":0,"rotation":0,"texture":"#0"},"south":{"uv":[7.125,3.25,8.375,3.875],"tintindex":0,"rotation":0,"texture":"#0"},"north":{"uv":[7.125,2.625,8.375,3.25],"tintindex":0,"rotation":0,"texture":"#0"},"west":{"uv":[9.0,3.75,9.875,4.375],"tintindex":0,"rotation":0,"texture":"#0"},"up":{"uv":[6.25,5.75,5.0,4.875],"tintindex":0,"rotation":0,"texture":"#0"},"down":{"uv":[4.25,5.125,3.0,6.0],"tintindex":0,"rotation":0,"texture":"#0"}}},{"from":[6.0,4.450001,3.1],"to":[10.0,8.450001,5.1],"faces":{"east":{"uv":[3.625,7.0,3.875,7.5],"tintindex":0,"rotation":0,"texture":"#0"},"south":{"uv":[0.0,10.625,0.5,11.125],"tintindex":0,"rotation":0,"texture":"#0"},"north":{"uv":[9.375,10.5,9.875,11.0],"tintindex":0,"rotation":0,"texture":"#0"},"west":{"uv":[5.375,8.5,5.625,9.0],"tintindex":0,"rotation":0,"texture":"#0"},"up":{"uv":[1.5,11.75,1.0,11.5],"tintindex":0,"rotation":0,"texture":"#0"},"down":{"uv":[12.0,2.625,11.5,2.875],"tintindex":0,"rotation":0,"texture":"#0"}}}],"display":{"head":{"rotation":[0.0,0.0,0.0]},"firstperson_righthand":{"rotation":[0.0,0.0,0.0]},"thirdperson_lefthand":{"rotation":[0.0,-0.0,-0.0]},"firstperson_lefthand":{"rotation":[0.0,-0.0,-0.0]},"fixed":{"rotation":[0.0,0.0,0.0]},"ground":{"rotation":[0.0,0.0,0.0]},"thirdperson_righthand":{"rotation":[0.0,0.0,0.0]},"gui":{"rotation":[-150.0,-45.0,180.0]}}}