{"textures":{"0":"modelengine:entity/mso_overlord_stage1","particle":"#0"},"elements":[{"from":[3.0354502,4.4445515,4.1718197],"to":[10.05545,10.464552,12.19182],"faces":{"east":{"uv":[9.0,7.25,8.0,8.0],"tintindex":0,"rotation":0,"texture":"#0"},"south":{"uv":[3.625,8.25,4.5,9.0],"tintindex":0,"rotation":0,"texture":"#0"},"north":{"uv":[8.125,3.875,9.0,4.625],"tintindex":0,"rotation":0,"texture":"#0"},"west":{"uv":[5.75,7.5,6.75,8.25],"tintindex":0,"rotation":0,"texture":"#0"},"up":{"uv":[6.125,6.75,5.25,5.75],"tintindex":0,"rotation":0,"texture":"#0"},"down":{"uv":[3.875,6.0,3.0,7.0],"tintindex":0,"rotation":0,"texture":"#0"}}},{"from":[1.0354502,5.4445515,5.1718197],"to":[8.05545,13.464552,11.19182],"faces":{"east":{"uv":[2.875,8.0,3.625,9.0],"tintindex":0,"rotation":0,"texture":"#0"},"south":{"uv":[6.25,3.625,7.125,4.625],"tintindex":0,"rotation":0,"texture":"#0"},"north":{"uv":[6.25,2.625,7.125,3.625],"tintindex":0,"rotation":0,"texture":"#0"},"west":{"uv":[8.0,5.5,8.75,6.5],"tintindex":0,"rotation":0,"texture":"#0"},"up":{"uv":[9.125,5.375,8.25,4.625],"tintindex":0,"rotation":0,"texture":"#0"},"down":{"uv":[6.5,8.25,5.625,9.0],"tintindex":0,"rotation":0,"texture":"#0"}}},{"from":[3.0454502,10.454552,3.68182],"to":[3.0454502,17.454552,11.68182],"faces":{"east":{"uv":[6.25,4.625,7.25,5.5],"tintindex":0,"rotation":0,"texture":"#0"},"west":{"uv":[0.0,6.375,1.0,7.25],"tintindex":0,"rotation":0,"texture":"#0"}}},{"from":[3.0454502,10.454552,4.18182],"to":[10.04545,17.454552,4.18182],"faces":{"south":{"uv":[7.25,0.0,8.125,0.875],"tintindex":0,"rotation":0,"texture":"#0"},"north":{"uv":[0.0,7.25,0.875,8.125],"tintindex":0,"rotation":0,"texture":"#0"}}},{"from":[2.5454502,3.4545517,3.68182],"to":[10.54545,5.4545517,12.68182],"faces":{"east":{"uv":[10.0,3.5,11.125,3.75],"tintindex":0,"rotation":0,"texture":"#0"},"south":{"uv":[10.375,4.75,11.375,5.0],"tintindex":0,"rotation":0,"texture":"#0"},"north":{"uv":[10.375,2.5,11.375,2.75],"tintindex":0,"rotation":0,"texture":"#0"},"west":{"uv":[10.25,8.5,11.375,8.75],"tintindex":0,"rotation":0,"texture":"#0"},"up":{"uv":[5.0,5.125,4.0,4.0],"tintindex":0,"rotation":0,"texture":"#0"},"down":{"uv":[1.0,4.25,0.0,5.375],"tintindex":0,"rotation":0,"texture":"#0"}}},{"from":[3.0454502,10.454552,12.18182],"to":[10.04545,17.454552,12.18182],"faces":{"south":{"uv":[7.125,6.375,8.0,7.25],"tintindex":0,"rotation":0,"texture":"#0"},"north":{"uv":[7.125,5.5,8.0,6.375],"tintindex":0,"rotation":0,"texture":"#0"}}},{"from":[4.54545,-0.5454483,6.18182],"to":[8.54545,3.4545517,10.18182],"faces":{"east":{"uv":[5.75,10.625,6.25,11.125],"tintindex":0,"rotation":0,"texture":"#0"},"south":{"uv":[6.25,10.625,6.75,11.125],"tintindex":0,"rotation":0,"texture":"#0"},"north":{"uv":[5.25,10.625,5.75,11.125],"tintindex":0,"rotation":0,"texture":"#0"},"west":{"uv":[6.75,10.625,7.25,11.125],"tintindex":0,"rotation":0,"texture":"#0"},"up":{"uv":[8.75,11.125,8.25,10.625],"tintindex":0,"rotation":0,"texture":"#0"},"down":{"uv":[10.375,10.625,9.875,11.125],"tintindex":0,"rotation":0,"texture":"#0"}}}],"display":{"head":{"rotation":[0.0,0.0,0.0]},"firstperson_righthand":{"rotation":[0.0,0.0,0.0]},"thirdperson_lefthand":{"rotation":[0.0,-0.0,-0.0]},"firstperson_lefthand":{"rotation":[0.0,-0.0,-0.0]},"fixed":{"rotation":[0.0,0.0,0.0]},"ground":{"rotation":[0.0,0.0,0.0]},"thirdperson_righthand":{"rotation":[0.0,0.0,0.0]},"gui":{"rotation":[-150.0,-45.0,180.0]}}}