{"textures":{"0":"modelengine:entity/mso_overlord_stage1","particle":"#0"},"elements":[{"from":[5.95455,10.454552,12.18182],"to":[12.95455,17.454552,12.18182],"faces":{"south":{"uv":[7.25,1.75,8.125,2.625],"tintindex":0,"rotation":0,"texture":"#0"},"north":{"uv":[7.25,0.875,8.125,1.75],"tintindex":0,"rotation":0,"texture":"#0"}}},{"from":[7.9445496,5.4445515,5.1718197],"to":[14.96455,13.464552,11.19182],"faces":{"east":{"uv":[8.0,8.0,8.75,9.0],"tintindex":0,"rotation":0,"texture":"#0"},"south":{"uv":[2.75,7.0,3.625,8.0],"tintindex":0,"rotation":0,"texture":"#0"},"north":{"uv":[4.875,6.75,5.75,7.75],"tintindex":0,"rotation":0,"texture":"#0"},"west":{"uv":[0.0,8.125,0.75,9.125],"tintindex":0,"rotation":0,"texture":"#0"},"up":{"uv":[5.375,9.25,4.5,8.5],"tintindex":0,"rotation":0,"texture":"#0"},"down":{"uv":[9.625,0.0,8.75,0.75],"tintindex":0,"rotation":0,"texture":"#0"}}},{"from":[7.45455,-0.5454483,6.18182],"to":[11.45455,3.4545517,10.18182],"faces":{"east":{"uv":[10.75,1.375,11.25,1.875],"tintindex":0,"rotation":0,"texture":"#0"},"south":{"uv":[10.75,8.0,11.25,8.5],"tintindex":0,"rotation":0,"texture":"#0"},"north":{"uv":[10.375,10.625,10.875,11.125],"tintindex":0,"rotation":0,"texture":"#0"},"west":{"uv":[10.875,0.375,11.375,0.875],"tintindex":0,"rotation":0,"texture":"#0"},"up":{"uv":[11.375,1.375,10.875,0.875],"tintindex":0,"rotation":0,"texture":"#0"},"down":{"uv":[11.375,1.875,10.875,2.375],"tintindex":0,"rotation":0,"texture":"#0"}}},{"from":[5.95455,10.454552,4.18182],"to":[12.95455,17.454552,4.18182],"faces":{"south":{"uv":[7.125,7.25,8.0,8.125],"tintindex":0,"rotation":0,"texture":"#0"},"north":{"uv":[7.25,3.875,8.125,4.75],"tintindex":0,"rotation":0,"texture":"#0"}}},{"from":[5.95455,4.4545517,4.18182],"to":[12.95455,10.454552,12.18182],"faces":{"east":{"uv":[8.0,6.5,9.0,7.25],"tintindex":0,"rotation":0,"texture":"#0"},"south":{"uv":[8.375,3.0,9.25,3.75],"tintindex":0,"rotation":0,"texture":"#0"},"north":{"uv":[8.375,2.25,9.25,3.0],"tintindex":0,"rotation":0,"texture":"#0"},"west":{"uv":[8.0,7.25,9.0,8.0],"tintindex":0,"rotation":0,"texture":"#0"},"up":{"uv":[1.875,7.375,1.0,6.375],"tintindex":0,"rotation":0,"texture":"#0"},"down":{"uv":[2.75,6.375,1.875,7.375],"tintindex":0,"rotation":0,"texture":"#0"}}},{"from":[5.45455,3.4545517,3.68182],"to":[13.45455,5.4545517,12.68182],"faces":{"east":{"uv":[10.25,9.75,11.375,10.0],"tintindex":0,"rotation":0,"texture":"#0"},"south":{"uv":[10.875,9.125,11.875,9.375],"tintindex":0,"rotation":0,"texture":"#0"},"north":{"uv":[10.875,5.0,11.875,5.25],"tintindex":0,"rotation":0,"texture":"#0"},"west":{"uv":[10.25,10.0,11.375,10.25],"tintindex":0,"rotation":0,"texture":"#0"},"up":{"uv":[2.0,5.375,1.0,4.25],"tintindex":0,"rotation":0,"texture":"#0"},"down":{"uv":[3.0,4.25,2.0,5.375],"tintindex":0,"rotation":0,"texture":"#0"}}},{"from":[12.95455,10.454552,4.18182],"to":[12.95455,17.454552,12.18182],"faces":{"east":{"uv":[3.875,6.625,4.875,7.5],"tintindex":0,"rotation":0,"texture":"#0"},"west":{"uv":[6.125,6.625,7.125,7.5],"tintindex":0,"rotation":0,"texture":"#0"}}}],"display":{"head":{"rotation":[0.0,0.0,0.0]},"firstperson_righthand":{"rotation":[0.0,0.0,0.0]},"thirdperson_lefthand":{"rotation":[0.0,-0.0,-0.0]},"firstperson_lefthand":{"rotation":[0.0,-0.0,-0.0]},"fixed":{"rotation":[0.0,0.0,0.0]},"ground":{"rotation":[0.0,0.0,0.0]},"thirdperson_righthand":{"rotation":[0.0,0.0,0.0]},"gui":{"rotation":[-150.0,-45.0,180.0]}}}