{
  "model": {
    "type": "range_dispatch",
    "property": "custom_model_data",
    "fallback": {
      "type": "model",
      "model": "minecraft:item/echo_shard"
    },
    "entries": [
      {
        "threshold": 1,
        "model": {
          "type": "model",
          "model": "lugin:item/empty"
        }
      },
      {
        "threshold": 2,
        "model": {
          "type": "model",
          "model": "lugin:item/icon_cofre_verde"
        }
      },
      {
        "threshold": 3,
        "model": {
          "type": "model",
          "model": "lugin:item/icon_cofre_branco"
        }
      },
      {
        "threshold": 4,
        "model": {
          "type": "model",
          "model": "lugin:item/icon_cofre_vermelho"
        }
      },
      {
        "threshold": 5,
        "model": {
          "type": "model",
          "model": "lugin:item/icon_cofre_azul"
        }
      },
      {
        "threshold": 6,
        "model": {
          "type": "model",
          "model": "lugin:item/skills/icone_skill_acrobacia"
        }
      },
      {
        "threshold": 7,
        "model": {
          "type": "model",
          "model": "lugin:item/skills/icone_skill_alquimia"
        }
      },
      {
        "threshold": 8,
        "model": {
          "type": "model",
          "model": "lugin:item/skills/icone_skill_arco"
        }
      },
      {
        "threshold": 9,
        "model": {
          "type": "model",
          "model": "lugin:item/skills/icone_skill_escavacao"
        }
      },
      {
        "threshold": 10,
        "model": {
          "type": "model",
          "model": "lugin:item/skills/icone_skill_herbalismo"
        }
      },
      {
        "threshold": 11,
        "model": {
          "type": "model",
          "model": "lugin:item/skills/icone_skill_lenha"
        }
      },
      {
        "threshold": 12,
        "model": {
          "type": "model",
          "model": "lugin:item/skills/icone_skill_mineracao"
        }
      },
      {
        "threshold": 13,
        "model": {
          "type": "model",
          "model": "lugin:item/skills/icone_skill_pesca"
        }
      },
      {
        "threshold": 14,
        "model": {
          "type": "model",
          "model": "lugin:item/skills/icone_skill_reparacao"
        }
      },
      {
        "threshold": 15,
        "model": {
          "type": "model",
          "model": "lugin:item/skills/icone_skill_espada"
        }
      },
      {
        "threshold": 16,
        "model": {
          "type": "model",
          "model": "lugin:item/misc/icone_ajuda"
        }
      },
      {
        "threshold": 17,
        "model": {
          "type": "model",
          "model": "lugin:item/misc/icone_bau"
        }
      },
      {
        "threshold": 18,
        "model": {
          "type": "model",
          "model": "lugin:item/misc/icone_capitao"
        }
      },
      {
        "threshold": 19,
        "model": {
          "type": "model",
          "model": "lugin:item/misc/icone_desfazer_faccao"
        }
      },
      {
        "threshold": 20,
        "model": {
          "type": "model",
          "model": "lugin:item/misc/icone_gerador"
        }
      },
      {
        "threshold": 21,
        "model": {
          "type": "model",
          "model": "lugin:item/misc/icone_kda"
        }
      },
      {
        "threshold": 22,
        "model": {
          "type": "model",
          "model": "lugin:item/misc/icone_kills"
        }
      },
      {
        "threshold": 23,
        "model": {
          "type": "model",
          "model": "lugin:item/misc/icone_lider"
        }
      },
      {
        "threshold": 24,
        "model": {
          "type": "model",
          "model": "lugin:item/misc/icone_lider2"
        }
      },
      {
        "threshold": 25,
        "model": {
          "type": "model",
          "model": "lugin:item/misc/icone_mapa"
        }
      },
      {
        "threshold": 26,
        "model": {
          "type": "model",
          "model": "lugin:item/misc/icone_membro"
        }
      },
      {
        "threshold": 27,
        "model": {
          "type": "model",
          "model": "lugin:item/misc/icone_missao"
        }
      },
      {
        "threshold": 28,
        "model": {
          "type": "model",
          "model": "lugin:item/misc/icone_mortes"
        }
      },
      {
        "threshold": 29,
        "model": {
          "type": "model",
          "model": "lugin:item/misc/icone_offline"
        }
      },
      {
        "threshold": 30,
        "model": {
          "type": "model",
          "model": "lugin:item/misc/icone_online"
        }
      },
      {
        "threshold": 31,
        "model": {
          "type": "model",
          "model": "lugin:item/misc/icone_particula"
        }
      },
      {
        "threshold": 32,
        "model": {
          "type": "model",
          "model": "lugin:item/misc/icone_permissao"
        }
      },
      {
        "threshold": 33,
        "model": {
          "type": "model",
          "model": "lugin:item/misc/icone_player"
        }
      },
      {
        "threshold": 34,
        "model": {
          "type": "model",
          "model": "lugin:item/misc/icone_player_online"
        }
      },
      {
        "threshold": 35,
        "model": {
          "type": "model",
          "model": "lugin:item/misc/icone_poder"
        }
      },
      {
        "threshold": 36,
        "model": {
          "type": "model",
          "model": "lugin:item/misc/icone_rank"
        }
      },
      {
        "threshold": 37,
        "model": {
          "type": "model",
          "model": "lugin:item/misc/icone_recruta"
        }
      },
      {
        "threshold": 38,
        "model": {
          "type": "model",
          "model": "lugin:item/misc/icone_terras"
        }
      },
      {
        "threshold": 39,
        "model": {
          "type": "model",
          "model": "lugin:item/misc/icone_ver"
        }
      },
      {
        "threshold": 40,
        "model": {
          "type": "model",
          "model": "lugin:item/misc/icone_ver_definir"
        }
      },
      {
        "threshold": 41,
        "model": {
          "type": "model",
          "model": "lugin:item/misc/icone_seta_esquerda"
        }
      },
      {
        "threshold": 42,
        "model": {
          "type": "model",
          "model": "lugin:item/misc/icone_seta_direita"
        }
      },
      {
        "threshold": 43,
        "model": {
          "type": "model",
          "model": "lugin:item/misc/icone_bloqueado"
        }
      },
      {
        "threshold": 44,
        "model": {
          "type": "model",
          "model": "lugin:item/misc/icone_desbloqueado"
        }
      },
      {
        "threshold": 45,
        "model": {
          "type": "model",
          "model": "lugin:item/skills/icone_skill_ferreiro"
        }
      },
      {
        "threshold": 46,
        "model": {
          "type": "model",
          "model": "lugin:item/kits/kit_simples"
        }
      },
      {
        "threshold": 47,
        "model": {
          "type": "model",
          "model": "lugin:item/kits/kit_vip_campeao"
        }
      },
      {
        "threshold": 48,
        "model": {
          "type": "model",
          "model": "lugin:item/kits/kit_vip_heroi"
        }
      },
      {
        "threshold": 49,
        "model": {
          "type": "model",
          "model": "lugin:item/kits/kit_vip_lendario"
        }
      },
      {
        "threshold": 50,
        "model": {
          "type": "model",
          "model": "lugin:item/misc/icone_bloqueado_gold"
        }
      },
      {
        "threshold": 51,
        "model": {
          "type": "model",
          "model": "lugin:item/kits/kit_vip_supremo"
        }
      },
      {
        "threshold": 52,
        "model": {
          "type": "model",
          "model": "lugin:item/misc/icone_faccao"
        }
      },
      {
        "threshold": 53,
        "model": {
          "type": "model",
          "model": "lugin:item/misc/icone_certo"
        }
      },
      {
        "threshold": 54,
        "model": {
          "type": "model",
          "model": "lugin:item/misc/icone_errado"
        }
      },
      {
        "threshold": 55,
        "model": {
          "type": "model",
          "model": "lugin:item/misc/icone_coins"
        }
      },
      {
        "threshold": 56,
        "model": {
          "type": "model",
          "model": "lugin:item/misc/icone_relogio"
        }
      },
      {
        "threshold": 57,
        "model": {
          "type": "model",
          "model": "lugin:item/misc/icone_armadura"
        }
      },
      {
        "threshold": 58,
        "model": {
          "type": "model",
          "model": "lugin:item/misc/icone_bloco"
        }
      },
      {
        "threshold": 59,
        "model": {
          "type": "model",
          "model": "lugin:item/misc/icone_bloco_especial"
        }
      },
      {
        "threshold": 60,
        "model": {
          "type": "model",
          "model": "lugin:item/misc/icone_casa"
        }
      },
      {
        "threshold": 61,
        "model": {
          "type": "model",
          "model": "lugin:item/misc/icone_item_especial"
        }
      },
      {
        "threshold": 62,
        "model": {
          "type": "model",
          "model": "lugin:item/utility/catalogue"
        }
      },
      {
        "threshold": 63,
        "model": {
          "type": "model",
          "model": "lugin:item/utility/coins"
        }
      },
      {
        "threshold": 64,
        "model": {
          "type": "model",
          "model": "lugin:item/utility/compass"
        }
      },
      {
        "threshold": 65,
        "model": {
          "type": "model",
          "model": "lugin:item/utility/duyuru"
        }
      },
      {
        "threshold": 66,
        "model": {
          "type": "model",
          "model": "lugin:item/utility/gear"
        }
      },
      {
        "threshold": 67,
        "model": {
          "type": "model",
          "model": "lugin:item/utility/info"
        }
      },
      {
        "threshold": 68,
        "model": {
          "type": "model",
          "model": "lugin:item/utility/spectator"
        }
      },
      {
        "threshold": 69,
        "model": {
          "type": "model",
          "model": "lugin:item/misc/icone_booster"
        }
      },
      {
        "threshold": 70,
        "model": {
          "type": "model",
          "model": "lugin:item/skills/icone_skill_lenhador"
        }
      },
      {
        "threshold": 71,
        "model": {
          "type": "model",
          "model": "lugin:item/misc/btn_left"
        }
      },
      {
        "threshold": 72,
        "model": {
          "type": "model",
          "model": "lugin:item/misc/btn_right"
        }
      },
      {
        "threshold": 73,
        "model": {
          "type": "model",
          "model": "lugin:item/misc/golem_heart"
        }
      },
      {
        "threshold": 74,
        "model": {
          "type": "model",
          "model": "lugin:item/misc/philosopher_stone"
        }
      }
    ]
  }
}