{
    "model": {
        "type": "range_dispatch",
        "property": "custom_model_data",
        "fallback": {
            "type": "model",
            "model": "minecraft:item/netherite_sword"
        },
        "entries": [
            {
                "threshold": 1,
                "model": {
                    "type": "model",
                    "model": "lugin:item/custom/snowswept_sword"
                }
            },
            {
                "threshold": 2,
                "model": {
                    "type": "model",
                    "model": "lugin:item/custom/snowswept_dagger"
                }
            },
            {
                "threshold": 3,
                "model": {
                    "type": "model",
                    "model": "lugin:item/custom/winter/winter_sword"
                }
            },
            {
                "threshold": 4,
                "model": {
                    "type": "model",
                    "model": "lugin:mve_crimson/crimson_staff"
                }
            },
            {
                "threshold": 5,
                "model": {
                    "type": "model",
                    "model": "lugin:mve_crimson/crimson_sword"
                }
            },
            {
                "threshold": 6,
                "model": {
                    "type": "model",
                    "model": "lugin:mve_crimson/crimson_dagger"
                }
            },
            {
                "threshold": 1000,
                "model": {
                    "type": "model",
                    "model": "item/netherite_sword"
                }
            }
        ]
    }
}