{
    "model": {
        "type": "range_dispatch",
        "property": "custom_model_data",
        "fallback": {
            "type": "model",
            "model": "minecraft:item/paper"
        },
        "entries": [
            {
                "threshold": 1,
                "model": {
                    "type": "model",
                    "model": "lugin:block/quest_board"
                }
            },
            {
                "threshold": 2,
                "model": {
                    "type": "model",
                    "model": "lugin:item/custom/earth_key"
                }
            },
            {
                "threshold": 3,
                "model": {
                    "type": "model",
                    "model": "lugin:item/custom/wind_key"
                }
            },
            {
                "threshold": 4,
                "model": {
                    "type": "model",
                    "model": "lugin:item/custom/fire_key"
                }
            },
            {
                "threshold": 5,
                "model": {
                    "type": "model",
                    "model": "lugin:item/custom/water_key"
                }
            },
            {
                "threshold": 6,
                "model": {
                    "type": "model",
                    "model": "lugin:item/custom/winter/winterkey"
                }
            }
        ]
    }
}