{"textures":{"0":"modelengine:entity/minotaur","particle":"#0"},"elements":[{"from":[8.0,9.975,4.9750004],"to":[8.0,18.974998,13.975],"faces":{"east":{"uv":[0.0,9.25,1.125,10.375],"tintindex":0,"rotation":0,"texture":"#0"},"west":{"uv":[1.125,9.25,2.25,10.375],"tintindex":0,"rotation":0,"texture":"#0"}}},{"from":[-6.75,15.75,5.75],"to":[-2.25,23.25,10.25],"faces":{"east":{"uv":[8.75,5.0,9.25,5.875],"tintindex":0,"rotation":0,"texture":"#0"},"south":{"uv":[10.25,5.0,10.75,5.875],"tintindex":0,"rotation":0,"texture":"#0"},"north":{"uv":[9.25,5.0,9.75,5.875],"tintindex":0,"rotation":0,"texture":"#0"},"west":{"uv":[9.75,5.0,10.25,5.875],"tintindex":0,"rotation":0,"texture":"#0"},"up":{"uv":[9.75,5.0,9.25,4.5],"tintindex":0,"rotation":0,"texture":"#0"},"down":{"uv":[10.25,4.5,9.75,5.0],"tintindex":0,"rotation":0,"texture":"#0"}}},{"from":[-6.5,16.0,6.0],"to":[-2.5,23.0,10.0],"faces":{"east":{"uv":[9.5,2.875,10.0,3.75],"tintindex":0,"rotation":0,"texture":"#0"},"south":{"uv":[11.0,2.875,11.5,3.75],"tintindex":0,"rotation":0,"texture":"#0"},"north":{"uv":[10.0,2.875,10.5,3.75],"tintindex":0,"rotation":0,"texture":"#0"},"west":{"uv":[10.5,2.875,11.0,3.75],"tintindex":0,"rotation":0,"texture":"#0"},"up":{"uv":[10.5,2.875,10.0,2.375],"tintindex":0,"rotation":0,"texture":"#0"},"down":{"uv":[11.0,2.375,10.5,2.875],"tintindex":0,"rotation":0,"texture":"#0"}}},{"from":[5.0,8.0,1.0],"to":[11.0,12.0,3.0],"faces":{"east":{"uv":[8.25,10.0,8.5,10.5],"tintindex":0,"rotation":0,"texture":"#0"},"south":{"uv":[9.5,10.0,10.25,10.5],"tintindex":0,"rotation":0,"texture":"#0"},"north":{"uv":[8.5,10.0,9.25,10.5],"tintindex":0,"rotation":0,"texture":"#0"},"west":{"uv":[9.25,10.0,9.5,10.5],"tintindex":0,"rotation":0,"texture":"#0"},"up":{"uv":[9.25,10.0,8.5,9.75],"tintindex":0,"rotation":0,"texture":"#0"},"down":{"uv":[10.0,9.75,9.25,10.0],"tintindex":0,"rotation":0,"texture":"#0"}}},{"from":[18.5,16.0,6.0],"to":[22.5,23.0,10.0],"faces":{"east":{"uv":[6.25,10.0,6.75,10.875],"tintindex":0,"rotation":0,"texture":"#0"},"south":{"uv":[7.75,10.0,8.25,10.875],"tintindex":0,"rotation":0,"texture":"#0"},"north":{"uv":[6.75,10.0,7.25,10.875],"tintindex":0,"rotation":0,"texture":"#0"},"west":{"uv":[7.25,10.0,7.75,10.875],"tintindex":0,"rotation":0,"texture":"#0"},"up":{"uv":[7.25,10.0,6.75,9.5],"tintindex":0,"rotation":0,"texture":"#0"},"down":{"uv":[7.75,9.5,7.25,10.0],"tintindex":0,"rotation":0,"texture":"#0"}}},{"from":[-6.5,12.0,6.0],"to":[3.5,16.0,10.0],"faces":{"east":{"uv":[7.25,1.875,7.75,2.375],"tintindex":0,"rotation":0,"texture":"#0"},"south":{"uv":[9.5,1.875,10.75,2.375],"tintindex":0,"rotation":0,"texture":"#0"},"north":{"uv":[7.75,1.875,9.0,2.375],"tintindex":0,"rotation":0,"texture":"#0"},"west":{"uv":[9.0,1.875,9.5,2.375],"tintindex":0,"rotation":0,"texture":"#0"},"up":{"uv":[9.0,1.875,7.75,1.375],"tintindex":0,"rotation":0,"texture":"#0"},"down":{"uv":[10.25,1.375,9.0,1.875],"tintindex":0,"rotation":0,"texture":"#0"}}},{"from":[2.75,7.75,2.75],"to":[13.25,17.25,12.25],"faces":{"east":{"uv":[0.0,14.0,1.125,15.125],"tintindex":0,"rotation":0,"texture":"#0"},"south":{"uv":[3.5,14.0,4.75,15.125],"tintindex":0,"rotation":0,"texture":"#0"},"north":{"uv":[1.125,14.0,2.375,15.125],"tintindex":0,"rotation":0,"texture":"#0"},"west":{"uv":[2.375,14.0,3.5,15.125],"tintindex":0,"rotation":0,"texture":"#0"},"up":{"uv":[2.375,14.0,1.125,12.875],"tintindex":0,"rotation":0,"texture":"#0"},"down":{"uv":[3.625,12.875,2.375,14.0],"tintindex":0,"rotation":0,"texture":"#0"}}},{"from":[12.5,12.0,6.0],"to":[22.5,16.0,10.0],"faces":{"east":{"uv":[8.0,6.75,8.5,7.25],"tintindex":0,"rotation":0,"texture":"#0"},"south":{"uv":[10.25,6.75,11.5,7.25],"tintindex":0,"rotation":0,"texture":"#0"},"north":{"uv":[8.5,6.75,9.75,7.25],"tintindex":0,"rotation":0,"texture":"#0"},"west":{"uv":[9.75,6.75,10.25,7.25],"tintindex":0,"rotation":0,"texture":"#0"},"up":{"uv":[9.75,6.75,8.5,6.25],"tintindex":0,"rotation":0,"texture":"#0"},"down":{"uv":[11.0,6.25,9.75,6.75],"tintindex":0,"rotation":0,"texture":"#0"}}},{"from":[3.0,8.0,3.0],"to":[13.0,17.0,12.0],"faces":{"east":{"uv":[0.0,3.75,1.125,4.875],"tintindex":0,"rotation":0,"texture":"#0"},"south":{"uv":[3.5,3.75,4.75,4.875],"tintindex":0,"rotation":0,"texture":"#0"},"north":{"uv":[1.125,3.75,2.375,4.875],"tintindex":0,"rotation":0,"texture":"#0"},"west":{"uv":[2.375,3.75,3.5,4.875],"tintindex":0,"rotation":0,"texture":"#0"},"up":{"uv":[2.375,3.75,1.125,2.625],"tintindex":0,"rotation":0,"texture":"#0"},"down":{"uv":[3.625,2.625,2.375,3.75],"tintindex":0,"rotation":0,"texture":"#0"}}}],"display":{"head":{"rotation":[0.0,0.0,0.0]},"firstperson_righthand":{"rotation":[0.0,0.0,0.0]},"thirdperson_lefthand":{"rotation":[0.0,-0.0,-0.0]},"firstperson_lefthand":{"rotation":[0.0,-0.0,-0.0]},"fixed":{"rotation":[0.0,0.0,0.0]},"ground":{"rotation":[0.0,0.0,0.0]},"thirdperson_righthand":{"rotation":[0.0,0.0,0.0]},"gui":{"rotation":[-150.0,-45.0,180.0]}}}