{"textures":{"0":"modelengine:entity/minotaur","particle":"#0"},"elements":[{"from":[3.0,3.5,8.025],"to":[13.0,12.5,8.025],"faces":{"south":{"uv":[4.625,7.75,5.875,8.875],"tintindex":0,"rotation":0,"texture":"#0"},"north":{"uv":[3.375,7.75,4.625,8.875],"tintindex":0,"rotation":0,"texture":"#0"}}}],"display":{"head":{"rotation":[0.0,0.0,0.0]},"firstperson_righthand":{"rotation":[0.0,0.0,0.0]},"thirdperson_lefthand":{"rotation":[0.0,-0.0,-0.0]},"firstperson_lefthand":{"rotation":[0.0,-0.0,-0.0]},"fixed":{"rotation":[0.0,0.0,0.0]},"ground":{"rotation":[0.0,0.0,0.0]},"thirdperson_righthand":{"rotation":[0.0,0.0,0.0]},"gui":{"rotation":[-150.0,-45.0,180.0]}}}