{"textures":{"0":"modelengine:entity/minotaur","particle":"#0"},"elements":[{"from":[10.0,-9.0,5.0],"to":[16.0,10.0,12.0],"faces":{"east":{"uv":[0.0,5.75,0.875,8.125],"tintindex":0,"rotation":0,"texture":"#0"},"south":{"uv":[2.5,5.75,3.25,8.125],"tintindex":0,"rotation":0,"texture":"#0"},"north":{"uv":[0.875,5.75,1.625,8.125],"tintindex":0,"rotation":0,"texture":"#0"},"west":{"uv":[1.625,5.75,2.5,8.125],"tintindex":0,"rotation":0,"texture":"#0"},"up":{"uv":[1.625,5.75,0.875,4.875],"tintindex":0,"rotation":0,"texture":"#0"},"down":{"uv":[2.375,4.875,1.625,5.75],"tintindex":0,"rotation":0,"texture":"#0"}}},{"from":[9.75,-9.25,4.75],"to":[16.25,10.25,12.25],"faces":{"east":{"uv":[11.5,4.125,12.375,6.5],"tintindex":0,"rotation":0,"texture":"#0"},"south":{"uv":[14.0,4.125,14.75,6.5],"tintindex":0,"rotation":0,"texture":"#0"},"north":{"uv":[12.375,4.125,13.125,6.5],"tintindex":0,"rotation":0,"texture":"#0"},"west":{"uv":[13.125,4.125,14.0,6.5],"tintindex":0,"rotation":0,"texture":"#0"},"up":{"uv":[13.125,4.125,12.375,3.25],"tintindex":0,"rotation":0,"texture":"#0"},"down":{"uv":[13.875,3.25,13.125,4.125],"tintindex":0,"rotation":0,"texture":"#0"}}}],"display":{"head":{"rotation":[0.0,0.0,0.0]},"firstperson_righthand":{"rotation":[0.0,0.0,0.0]},"thirdperson_lefthand":{"rotation":[0.0,-0.0,-0.0]},"firstperson_lefthand":{"rotation":[0.0,-0.0,-0.0]},"fixed":{"rotation":[0.0,0.0,0.0]},"ground":{"rotation":[0.0,0.0,0.0]},"thirdperson_righthand":{"rotation":[0.0,0.0,0.0]},"gui":{"rotation":[-150.0,-45.0,180.0]}}}