{"textures":{"0":"modelengine:entity/sleeping_minotaur","particle":"#0"},"elements":[{"from":[3.0,3.5,8.0],"to":[13.0,12.5,8.0],"faces":{"south":{"uv":[7.25,0.0,8.5,1.125],"tintindex":0,"rotation":0,"texture":"#0"},"north":{"uv":[6.0,0.0,7.25,1.125],"tintindex":0,"rotation":0,"texture":"#0"}}}],"display":{"head":{"rotation":[0.0,0.0,0.0]},"firstperson_righthand":{"rotation":[0.0,0.0,0.0]},"thirdperson_lefthand":{"rotation":[0.0,-0.0,-0.0]},"firstperson_lefthand":{"rotation":[0.0,-0.0,-0.0]},"fixed":{"rotation":[0.0,0.0,0.0]},"ground":{"rotation":[0.0,0.0,0.0]},"thirdperson_righthand":{"rotation":[0.0,0.0,0.0]},"gui":{"rotation":[-150.0,-45.0,180.0]}}}