{"textures":{"0":"modelengine:entity/sleeping_minotaur","particle":"#0"},"elements":[{"from":[8.0,3.0,6.0],"to":[8.0,8.0,10.0],"faces":{"east":{"uv":[0.0,0.5,0.5,1.125],"tintindex":0,"rotation":0,"texture":"#0"},"west":{"uv":[0.5,0.5,1.0,1.125],"tintindex":0,"rotation":0,"texture":"#0"}}}],"display":{"head":{"rotation":[0.0,0.0,0.0]},"firstperson_righthand":{"rotation":[0.0,0.0,0.0]},"thirdperson_lefthand":{"rotation":[0.0,-0.0,-0.0]},"firstperson_lefthand":{"rotation":[0.0,-0.0,-0.0]},"fixed":{"rotation":[0.0,0.0,0.0]},"ground":{"rotation":[0.0,0.0,0.0]},"thirdperson_righthand":{"rotation":[0.0,0.0,0.0]},"gui":{"rotation":[-150.0,-45.0,180.0]}}}