{"textures":{"0":"modelengine:entity/sleeping_minotaur","particle":"#0"},"elements":[{"from":[5.5,8.0,4.0],"to":[10.5,8.0,8.0],"faces":{"up":{"uv":[10.625,4.25,10.0,3.75],"tintindex":0,"rotation":0,"texture":"#0"},"down":{"uv":[11.25,3.75,10.625,4.25],"tintindex":0,"rotation":0,"texture":"#0"}}}],"display":{"head":{"rotation":[0.0,0.0,0.0]},"firstperson_righthand":{"rotation":[0.0,0.0,0.0]},"thirdperson_lefthand":{"rotation":[0.0,-0.0,-0.0]},"firstperson_lefthand":{"rotation":[0.0,-0.0,-0.0]},"fixed":{"rotation":[0.0,0.0,0.0]},"ground":{"rotation":[0.0,0.0,0.0]},"thirdperson_righthand":{"rotation":[0.0,0.0,0.0]},"gui":{"rotation":[-150.0,-45.0,180.0]}}}