{
  "credit": "Made with Blockbench",
  "texture_size": [64, 64],
  "textures": {
    "0": "lugin:item/mve_crimson/crimson_crown",
    "particle": "lugin:item/mve_crimson/crimson_crown_e"
  },
  "elements": [
    {
      "from": [3.5, 0, 3.5],
      "to": [12.5, 9, 12.5],
      "rotation": { "angle": 22.5, "axis": "x", "origin": [8, 4.5, 8] },
      "faces": {
        "north": { "uv": [0, 4.5, 2.25, 6.75], "texture": "#0" },
        "east": { "uv": [2.25, 4.5, 4.5, 6.75], "texture": "#0" },
        "south": { "uv": [4.5, 4.5, 6.75, 6.75], "texture": "#0" },
        "west": { "uv": [5.5, 0, 7.75, 2.25], "texture": "#0" },
        "up": { "uv": [7.75, 4.5, 5.5, 2.25], "texture": "#0" },
        "down": { "uv": [2.25, 6.75, 0, 9], "texture": "#0" }
      }
    },
    {
      "from": [7.975, 4.61417, 3.41238],
      "to": [8.025, 13.61417, 25.41238],
      "rotation": {
        "angle": -22.5,
        "axis": "x",
        "origin": [8.001, 9.61417, 7.41238]
      },
      "faces": {
        "north": { "uv": [0.25, 0.25, 0.5, 0.5], "texture": "#0" },
        "east": { "uv": [16, 13.75, 10.5, 16], "texture": "#0" },
        "south": { "uv": [0.25, 0.25, 0.5, 0.5], "texture": "#0" },
        "west": { "uv": [10.5, 13.75, 16, 16], "texture": "#0" },
        "up": { "uv": [0.25, 0.25, 0.5, 0.5], "texture": "#0" },
        "down": { "uv": [0.25, 0.25, 0.5, 0.5], "texture": "#0" }
      }
    },
    {
      "from": [3, -1.95775, 5.31493],
      "to": [3.025, 5.04225, 14.31493],
      "rotation": {
        "angle": 0,
        "axis": "y",
        "origin": [3.25, 1.04225, 9.81493]
      },
      "faces": {
        "north": { "uv": [0.25, 0.25, 0.5, 0.5], "texture": "#0" },
        "east": { "uv": [2.25, 14.25, 0, 16], "texture": "#0" },
        "south": { "uv": [0.25, 0.25, 0.5, 0.5], "texture": "#0" },
        "west": { "uv": [0, 14.25, 2.25, 16], "texture": "#0" },
        "up": { "uv": [0.25, 0.25, 0.5, 0.5], "texture": "#0" },
        "down": { "uv": [0.25, 0.25, 0.5, 0.5], "texture": "#0" }
      }
    },
    {
      "from": [-0.5, -2.16061, 6.26642],
      "to": [3.5, 8.83939, 6.29142],
      "rotation": {
        "angle": 45,
        "axis": "x",
        "origin": [-1, 4.33939, 6.26642]
      },
      "faces": {
        "north": { "uv": [15, 0, 16, 2.75], "texture": "#0" },
        "east": { "uv": [0.25, 0.25, 0.5, 0.5], "texture": "#0" },
        "south": { "uv": [16, 0, 15, 2.75], "texture": "#0" },
        "west": { "uv": [0.25, 0.25, 0.5, 0.5], "texture": "#0" },
        "up": { "uv": [0.25, 0.25, 0.5, 0.5], "texture": "#0" },
        "down": { "uv": [0.25, 0.25, 0.5, 0.5], "texture": "#0" }
      }
    },
    {
      "from": [2.5, 7.5, 3],
      "to": [7.5, 9.5, 5],
      "rotation": { "angle": -22.5, "axis": "z", "origin": [7.5, 7.5, 3] },
      "faces": {
        "north": { "uv": [9.25, 8.75, 10.5, 9.25], "texture": "#0" },
        "east": { "uv": [10.25, 4.75, 10.75, 5.25], "texture": "#0" },
        "south": { "uv": [9.25, 9.25, 10.5, 9.75], "texture": "#0" },
        "west": { "uv": [10.25, 5.25, 10.75, 5.75], "texture": "#0" },
        "up": { "uv": [3.5, 10, 2.25, 9.5], "texture": "#0" },
        "down": { "uv": [4.75, 9.5, 3.5, 10], "texture": "#0" }
      }
    },
    {
      "from": [-1.35403, 9.26118, 3],
      "to": [3.64597, 11.26118, 5],
      "rotation": {
        "angle": 45,
        "axis": "y",
        "origin": [3.64597, 11.26118, 3]
      },
      "faces": {
        "north": { "uv": [4.75, 9.5, 6, 10], "texture": "#0" },
        "east": { "uv": [10.25, 5.75, 10.75, 6.25], "texture": "#0" },
        "south": { "uv": [9.25, 9.75, 10.5, 10.25], "texture": "#0" },
        "west": { "uv": [10.25, 6.25, 10.75, 6.75], "texture": "#0" },
        "up": { "uv": [11.25, 1.25, 10, 0.75], "texture": "#0" },
        "down": { "uv": [11.25, 1.25, 10, 1.75], "texture": "#0" }
      }
    },
    {
      "from": [-6.35403, 10.26118, 3],
      "to": [-1.35403, 11.26118, 5],
      "rotation": {
        "angle": 45,
        "axis": "y",
        "origin": [3.64597, 11.26118, 3]
      },
      "faces": {
        "north": { "uv": [7.75, 4.25, 9, 4.5], "texture": "#0" },
        "east": { "uv": [9, 7.75, 9.5, 8], "texture": "#0" },
        "south": { "uv": [8.75, 2.5, 10, 2.75], "texture": "#0" },
        "west": { "uv": [9.5, 7.75, 10, 8], "texture": "#0" },
        "up": { "uv": [3.5, 10.5, 2.25, 10], "texture": "#0" },
        "down": { "uv": [4.75, 10, 3.5, 10.5], "texture": "#0" }
      }
    },
    {
      "from": [3.5, 8, 5.5],
      "to": [12.5, 10, 14.5],
      "rotation": { "angle": 45, "axis": "y", "origin": [8, 9.5, 10] },
      "faces": {
        "north": { "uv": [8.75, 2, 11, 2.5], "texture": "#0" },
        "east": { "uv": [2.25, 9, 4.5, 9.5], "texture": "#0" },
        "south": { "uv": [9, 4.25, 11.25, 4.75], "texture": "#0" },
        "west": { "uv": [4.5, 9, 6.75, 9.5], "texture": "#0" },
        "up": { "uv": [4.5, 9, 2.25, 6.75], "texture": "#0" },
        "down": { "uv": [6.75, 6.75, 4.5, 9], "texture": "#0" }
      }
    },
    {
      "from": [3.31223, 9, 6.52273],
      "to": [6.31223, 12, 15.52273],
      "rotation": {
        "angle": -22.5,
        "axis": "y",
        "origin": [6.31223, 11, 6.52273]
      },
      "faces": {
        "north": { "uv": [10, 7.75, 10.75, 8.5], "texture": "#0" },
        "east": { "uv": [7.75, 8, 10, 8.75], "texture": "#0" },
        "south": { "uv": [0.5, 10.25, 1.25, 11], "texture": "#0" },
        "west": { "uv": [8.75, 0, 11, 0.75], "texture": "#0" },
        "up": { "uv": [8.5, 11, 7.75, 8.75], "texture": "#0" },
        "down": { "uv": [9.25, 8.75, 8.5, 11], "texture": "#0" }
      }
    },
    {
      "from": [0.59644, 9, 13.68959],
      "to": [2.59644, 12, 23.68959],
      "rotation": {
        "angle": -22.5,
        "axis": "x",
        "origin": [3.09644, 9, 13.68959]
      },
      "faces": {
        "north": { "uv": [10.25, 2.5, 10.75, 3.25], "texture": "#0" },
        "east": { "uv": [7.75, 2.75, 10.25, 3.5], "texture": "#0" },
        "south": { "uv": [10.25, 3.25, 10.75, 4], "texture": "#0" },
        "west": { "uv": [7.75, 3.5, 10.25, 4.25], "texture": "#0" },
        "up": { "uv": [1.75, 11.5, 1.25, 9], "texture": "#0" },
        "down": { "uv": [2.25, 9, 1.75, 11.5], "texture": "#0" }
      }
    },
    {
      "from": [9.68777, 9, 6.52273],
      "to": [12.68777, 12, 15.52273],
      "rotation": {
        "angle": 22.5,
        "axis": "y",
        "origin": [9.68777, 11, 6.52273]
      },
      "faces": {
        "north": { "uv": [10.75, 7.75, 10, 8.5], "texture": "#0" },
        "east": { "uv": [11, 0, 8.75, 0.75], "texture": "#0" },
        "south": { "uv": [1.25, 10.25, 0.5, 11], "texture": "#0" },
        "west": { "uv": [10, 8, 7.75, 8.75], "texture": "#0" },
        "up": { "uv": [7.75, 11, 8.5, 8.75], "texture": "#0" },
        "down": { "uv": [8.5, 8.75, 9.25, 11], "texture": "#0" }
      }
    },
    {
      "from": [13.40356, 9, 13.68959],
      "to": [15.40356, 12, 23.68959],
      "rotation": {
        "angle": -22.5,
        "axis": "x",
        "origin": [12.90356, 9, 13.68959]
      },
      "faces": {
        "north": { "uv": [10.75, 2.5, 10.25, 3.25], "texture": "#0" },
        "east": { "uv": [10.25, 3.5, 7.75, 4.25], "texture": "#0" },
        "south": { "uv": [10.75, 3.25, 10.25, 4], "texture": "#0" },
        "west": { "uv": [10.25, 2.75, 7.75, 3.5], "texture": "#0" },
        "up": { "uv": [1.25, 11.5, 1.75, 9], "texture": "#0" },
        "down": { "uv": [1.75, 9, 2.25, 11.5], "texture": "#0" }
      }
    },
    {
      "from": [12.35403, 9.26118, 3],
      "to": [17.35403, 11.26118, 5],
      "rotation": {
        "angle": -45,
        "axis": "y",
        "origin": [12.35403, 11.26118, 3]
      },
      "faces": {
        "north": { "uv": [6, 9.5, 4.75, 10], "texture": "#0" },
        "east": { "uv": [10.75, 6.25, 10.25, 6.75], "texture": "#0" },
        "south": { "uv": [10.5, 9.75, 9.25, 10.25], "texture": "#0" },
        "west": { "uv": [10.75, 5.75, 10.25, 6.25], "texture": "#0" },
        "up": { "uv": [10, 1.25, 11.25, 0.75], "texture": "#0" },
        "down": { "uv": [10, 1.25, 11.25, 1.75], "texture": "#0" }
      }
    },
    {
      "from": [8.5, 7.5, 3],
      "to": [13.5, 9.5, 5],
      "rotation": { "angle": 22.5, "axis": "z", "origin": [8.5, 7.5, 3] },
      "faces": {
        "north": { "uv": [10.5, 8.75, 9.25, 9.25], "texture": "#0" },
        "east": { "uv": [10.75, 5.25, 10.25, 5.75], "texture": "#0" },
        "south": { "uv": [10.5, 9.25, 9.25, 9.75], "texture": "#0" },
        "west": { "uv": [10.75, 4.75, 10.25, 5.25], "texture": "#0" },
        "up": { "uv": [2.25, 10, 3.5, 9.5], "texture": "#0" },
        "down": { "uv": [3.5, 9.5, 4.75, 10], "texture": "#0" }
      }
    },
    {
      "from": [17.35403, 10.26118, 3],
      "to": [22.35403, 11.26118, 5],
      "rotation": {
        "angle": -45,
        "axis": "y",
        "origin": [12.35403, 11.26118, 3]
      },
      "faces": {
        "north": { "uv": [9, 4.25, 7.75, 4.5], "texture": "#0" },
        "east": { "uv": [10, 7.75, 9.5, 8], "texture": "#0" },
        "south": { "uv": [10, 2.5, 8.75, 2.75], "texture": "#0" },
        "west": { "uv": [9.5, 7.75, 9, 8], "texture": "#0" },
        "up": { "uv": [2.25, 10.5, 3.5, 10], "texture": "#0" },
        "down": { "uv": [3.5, 10, 4.75, 10.5], "texture": "#0" }
      }
    },
    {
      "from": [12.5, -2.16061, 6.26642],
      "to": [16.5, 8.83939, 6.29142],
      "rotation": {
        "angle": 45,
        "axis": "x",
        "origin": [17, 4.33939, 6.26642]
      },
      "faces": {
        "north": { "uv": [16, 0, 15, 2.75], "texture": "#0" },
        "east": { "uv": [0.25, 0.25, 0.5, 0.5], "texture": "#0" },
        "south": { "uv": [15, 0, 16, 2.75], "texture": "#0" },
        "west": { "uv": [0.25, 0.25, 0.5, 0.5], "texture": "#0" },
        "up": { "uv": [0.25, 0.25, 0.5, 0.5], "texture": "#0" },
        "down": { "uv": [0.25, 0.25, 0.5, 0.5], "texture": "#0" }
      }
    },
    {
      "from": [12.975, -1.95775, 5.31493],
      "to": [13, 5.04225, 14.31493],
      "rotation": {
        "angle": 0,
        "axis": "y",
        "origin": [12.75, 1.04225, 9.81493]
      },
      "faces": {
        "north": { "uv": [0.25, 0.25, 0.5, 0.5], "texture": "#0" },
        "east": { "uv": [2.25, 14.25, 0, 16], "texture": "#0" },
        "south": { "uv": [0.25, 0.25, 0.5, 0.5], "texture": "#0" },
        "west": { "uv": [0, 14.25, 2.25, 16], "texture": "#0" },
        "up": { "uv": [0.25, 0.25, 0.5, 0.5], "texture": "#0" },
        "down": { "uv": [0.25, 0.25, 0.5, 0.5], "texture": "#0" }
      }
    },
    {
      "from": [8.5, 8, 4.5],
      "to": [13.5, 11, 9.5],
      "rotation": { "angle": 45, "axis": "y", "origin": [8, 9.5, 10] },
      "faces": {
        "north": { "uv": [9, 4.75, 10.25, 5.5], "texture": "#0" },
        "east": { "uv": [9, 5.5, 10.25, 6.25], "texture": "#0" },
        "south": { "uv": [9, 6.25, 10.25, 7], "texture": "#0" },
        "west": { "uv": [9, 7, 10.25, 7.75], "texture": "#0" },
        "up": { "uv": [10, 2, 8.75, 0.75], "texture": "#0" },
        "down": { "uv": [1.25, 9, 0, 10.25], "texture": "#0" }
      }
    }
  ],
  "display": {
    "head": {
      "rotation": [-22.5, 0, 0],
      "translation": [0, 5.4, -2.25],
      "scale": [1.65, 1.65, 1.65]
    }
  },
  "groups": [
    {
      "name": "crown",
      "origin": [8, 4.5, 8],
      "color": 0,
      "children": [0, 1, 2, 3, 4, 5, 6, 7, 8, 9, 10, 11, 12, 13, 14, 15, 16, 17]
    }
  ]
}
