{
  "credit": "Made with Blockbench",
  "texture_size": [8, 8],
  "textures": {
    "0": "lugin:item/mve_crimson/crimson_kanabo",
    "2": "lugin:item/mve_crimson/crimson_golden_heart_anim",
    "particle": "lugin:item/mve_crimson/crimson_kanabo_e"
  },
  "elements": [
    {
      "from": [7, -7, 7],
      "to": [9, 5, 9],
      "rotation": { "angle": 0, "axis": "y", "origin": [8, -7, 8] },
      "faces": {
        "north": { "uv": [0, 8.75, 0.5, 11.75], "texture": "#0" },
        "east": { "uv": [0.5, 8.75, 1, 11.75], "texture": "#0" },
        "south": { "uv": [1, 8.75, 1.5, 11.75], "texture": "#0" },
        "west": { "uv": [1.5, 8.75, 2, 11.75], "texture": "#0" },
        "up": { "uv": [9.75, 2.5, 9.25, 2], "texture": "#0" },
        "down": { "uv": [9.75, 2.5, 9.25, 3], "texture": "#0" }
      }
    },
    {
      "from": [8, -3, 3],
      "to": [8, 12, 13],
      "rotation": { "angle": 0, "axis": "y", "origin": [8, -7, 8] },
      "faces": {
        "north": { "uv": [0, 0, 0, 3.75], "texture": "#0" },
        "east": { "uv": [12.5, 12.25, 10, 16], "texture": "#0" },
        "south": { "uv": [0, 0, 0, 3.75], "texture": "#0" },
        "west": { "uv": [10, 12.25, 12.5, 16], "texture": "#0" },
        "up": { "uv": [0, 2.5, 0, 0], "texture": "#0" },
        "down": { "uv": [0, 0, 0, 2.5], "texture": "#0" }
      }
    },
    {
      "from": [8, -12, 4.5],
      "to": [8, -5, 11.5],
      "rotation": { "angle": 0, "axis": "y", "origin": [8, -7, 8] },
      "faces": {
        "north": { "uv": [0, 0, 0, 1.75], "texture": "#0" },
        "east": { "uv": [16, 5.75, 14.25, 7.5], "texture": "#0" },
        "south": { "uv": [0, 0, 0, 1.75], "texture": "#0" },
        "west": { "uv": [14.25, 5.75, 16, 7.5], "texture": "#0" },
        "up": { "uv": [0, 1.75, 0, 0], "texture": "#0" },
        "down": { "uv": [0, 0, 0, 1.75], "texture": "#0" }
      }
    },
    {
      "from": [6.5, -9, 6.5],
      "to": [9.5, -7, 9.5],
      "rotation": { "angle": 45, "axis": "y", "origin": [8, -7.5, 8] },
      "faces": {
        "north": { "uv": [9.25, 0, 10, 0.5], "texture": "#0" },
        "east": { "uv": [9.25, 0.5, 10, 1], "texture": "#0" },
        "south": { "uv": [9.25, 1, 10, 1.5], "texture": "#0" },
        "west": { "uv": [9.25, 1.5, 10, 2], "texture": "#0" },
        "up": { "uv": [9.75, 4.25, 9, 3.5], "texture": "#0" },
        "down": { "uv": [9.75, 4.25, 9, 5], "texture": "#0" }
      }
    },
    {
      "from": [6, 5, 6],
      "to": [10, 7, 10],
      "rotation": { "angle": 0, "axis": "y", "origin": [8, -11, 8] },
      "faces": {
        "north": { "uv": [9, 5, 10, 5.5], "texture": "#0" },
        "east": { "uv": [9, 5.5, 10, 6], "texture": "#0" },
        "south": { "uv": [9, 6, 10, 6.5], "texture": "#0" },
        "west": { "uv": [7.5, 9, 8.5, 9.5], "texture": "#0" },
        "up": { "uv": [3, 9.75, 2, 8.75], "texture": "#0" },
        "down": { "uv": [4, 8.75, 3, 9.75], "texture": "#0" }
      }
    },
    {
      "from": [5.5, 10, 5.5],
      "to": [10.5, 30, 10.5],
      "rotation": { "angle": 0, "axis": "y", "origin": [8, -11, 8] },
      "faces": {
        "north": { "uv": [3, 3.5, 4.25, 8.5], "texture": "#0" },
        "east": { "uv": [3, 3.5, 4.25, 8.5], "texture": "#0" },
        "south": { "uv": [3, 3.5, 4.25, 8.5], "texture": "#0" },
        "west": { "uv": [3, 3.5, 4.25, 8.5], "texture": "#0" },
        "up": { "uv": [8.75, 7.75, 7.5, 6.5], "texture": "#0" },
        "down": { "uv": [8.75, 7.75, 7.5, 9], "texture": "#0" }
      }
    },
    {
      "from": [6.5, 10, 0.5],
      "to": [6.5, 30, 5.5],
      "rotation": { "angle": 0, "axis": "y", "origin": [8, 20, 8] },
      "faces": {
        "north": { "uv": [0, 0, 0, 5], "texture": "#0" },
        "east": { "uv": [16, 11, 14.75, 16], "texture": "#0" },
        "south": { "uv": [0, 0, 0, 5], "texture": "#0" },
        "west": { "uv": [14.75, 11, 16, 16], "texture": "#0" },
        "up": { "uv": [0, 1.25, 0, 0], "texture": "#0" },
        "down": { "uv": [0, 0, 0, 1.25], "texture": "#0" }
      }
    },
    {
      "from": [9.5, 10, 0.5],
      "to": [9.5, 30, 5.5],
      "rotation": { "angle": 0, "axis": "y", "origin": [8, 20, 8] },
      "faces": {
        "north": { "uv": [0, 0, 0, 5], "texture": "#0" },
        "east": { "uv": [16, 11, 14.75, 16], "texture": "#0" },
        "south": { "uv": [0, 0, 0, 5], "texture": "#0" },
        "west": { "uv": [14.75, 11, 16, 16], "texture": "#0" },
        "up": { "uv": [0, 1.25, 0, 0], "texture": "#0" },
        "down": { "uv": [0, 0, 0, 1.25], "texture": "#0" }
      }
    },
    {
      "from": [9.5, 10, 10.5],
      "to": [9.5, 30, 15.5],
      "rotation": { "angle": 0, "axis": "y", "origin": [8, 20, 8] },
      "faces": {
        "north": { "uv": [0, 0, 0, 5], "texture": "#0" },
        "east": { "uv": [14.75, 11, 16, 16], "texture": "#0" },
        "south": { "uv": [0, 0, 0, 5], "texture": "#0" },
        "west": { "uv": [16, 11, 14.75, 16], "texture": "#0" },
        "up": { "uv": [0, 0, 0, 1.25], "texture": "#0" },
        "down": { "uv": [0, 1.25, 0, 0], "texture": "#0" }
      }
    },
    {
      "from": [6.5, 10, 10.5],
      "to": [6.5, 30, 15.5],
      "rotation": { "angle": 0, "axis": "y", "origin": [8, 20, 8] },
      "faces": {
        "north": { "uv": [0, 0, 0, 5], "texture": "#0" },
        "east": { "uv": [14.75, 11, 16, 16], "texture": "#0" },
        "south": { "uv": [0, 0, 0, 5], "texture": "#0" },
        "west": { "uv": [16, 11, 14.75, 16], "texture": "#0" },
        "up": { "uv": [0, 0, 0, 1.25], "texture": "#0" },
        "down": { "uv": [0, 1.25, 0, 0], "texture": "#0" }
      }
    },
    {
      "from": [0.5, 10, 9.5],
      "to": [5.5, 30, 9.5],
      "rotation": { "angle": 0, "axis": "y", "origin": [8, 20, 8] },
      "faces": {
        "north": { "uv": [16, 11, 14.75, 16], "texture": "#0" },
        "east": { "uv": [0, 0, 0, 5], "texture": "#0" },
        "south": { "uv": [14.75, 11, 16, 16], "texture": "#0" },
        "west": { "uv": [0, 0, 0, 5], "texture": "#0" },
        "up": { "uv": [0, 0, 0, 1.25], "rotation": 90, "texture": "#0" },
        "down": { "uv": [0, 1.25, 0, 0], "rotation": 270, "texture": "#0" }
      }
    },
    {
      "from": [0.5, 10, 6.5],
      "to": [5.5, 30, 6.5],
      "rotation": { "angle": 0, "axis": "y", "origin": [8, 20, 8] },
      "faces": {
        "north": { "uv": [16, 11, 14.75, 16], "texture": "#0" },
        "east": { "uv": [0, 0, 0, 5], "texture": "#0" },
        "south": { "uv": [14.75, 11, 16, 16], "texture": "#0" },
        "west": { "uv": [0, 0, 0, 5], "texture": "#0" },
        "up": { "uv": [0, 0, 0, 1.25], "rotation": 90, "texture": "#0" },
        "down": { "uv": [0, 1.25, 0, 0], "rotation": 270, "texture": "#0" }
      }
    },
    {
      "from": [10.5, 10, 6.5],
      "to": [15.5, 30, 6.5],
      "rotation": { "angle": 0, "axis": "y", "origin": [8, 20, 8] },
      "faces": {
        "north": { "uv": [14.75, 11, 16, 16], "texture": "#0" },
        "east": { "uv": [0, 0, 0, 5], "texture": "#0" },
        "south": { "uv": [16, 11, 14.75, 16], "texture": "#0" },
        "west": { "uv": [0, 0, 0, 5], "texture": "#0" },
        "up": { "uv": [0, 1.25, 0, 0], "rotation": 90, "texture": "#0" },
        "down": { "uv": [0, 0, 0, 1.25], "rotation": 270, "texture": "#0" }
      }
    },
    {
      "from": [10.5, 10, 9.5],
      "to": [15.5, 30, 9.5],
      "rotation": { "angle": 0, "axis": "y", "origin": [8, 20, 8] },
      "faces": {
        "north": { "uv": [14.75, 11, 16, 16], "texture": "#0" },
        "east": { "uv": [0, 0, 0, 5], "texture": "#0" },
        "south": { "uv": [16, 11, 14.75, 16], "texture": "#0" },
        "west": { "uv": [0, 0, 0, 5], "texture": "#0" },
        "up": { "uv": [0, 1.25, 0, 0], "rotation": 90, "texture": "#0" },
        "down": { "uv": [0, 0, 0, 1.25], "rotation": 270, "texture": "#0" }
      }
    },
    {
      "from": [5, 8, 5],
      "to": [11, 10, 11],
      "rotation": { "angle": 0, "axis": "y", "origin": [8, -11, 8] },
      "faces": {
        "north": { "uv": [8.75, 6.5, 10.25, 7], "texture": "#0" },
        "east": { "uv": [8.75, 7, 10.25, 7.5], "texture": "#0" },
        "south": { "uv": [8.75, 7.5, 10.25, 8], "texture": "#0" },
        "west": { "uv": [8.75, 8, 10.25, 8.5], "texture": "#0" },
        "up": { "uv": [9, 5, 7.5, 3.5], "texture": "#0" },
        "down": { "uv": [9, 5, 7.5, 6.5], "texture": "#0" }
      }
    },
    {
      "from": [6.5, 7, 6.5],
      "to": [9.5, 8, 9.5],
      "rotation": { "angle": 0, "axis": "y", "origin": [8, -11, 8] },
      "faces": {
        "north": { "uv": [9.25, 3, 10, 3.25], "texture": "#0" },
        "east": { "uv": [9.25, 3.25, 10, 3.5], "texture": "#0" },
        "south": { "uv": [8.5, 9.25, 9.25, 9.5], "texture": "#0" },
        "west": { "uv": [9.25, 9.25, 10, 9.5], "texture": "#0" },
        "up": { "uv": [4.75, 9.5, 4, 8.75], "texture": "#0" },
        "down": { "uv": [9.5, 8.5, 8.75, 9.25], "texture": "#0" }
      }
    },
    {
      "name": "1",
      "from": [5.5, 3.5, 7.5],
      "to": [8.5, 7.5, 10.5],
      "rotation": { "angle": 22.5, "axis": "x", "origin": [7, 5.5, 9] },
      "faces": {
        "north": { "uv": [0, 0, 3, 4], "texture": "#2" },
        "east": { "uv": [3, 0, 6, 4], "texture": "#2" },
        "south": { "uv": [0, 4, 3, 8], "texture": "#2" },
        "west": { "uv": [3, 4, 6, 8], "texture": "#2" },
        "up": { "uv": [7, 6, 6, 3], "texture": "#2" },
        "down": { "uv": [7, 0, 6, 3], "texture": "#2" }
      }
    },
    {
      "name": "2",
      "from": [5.25, 3.25, 7.25],
      "to": [8.75, 7.75, 10.75],
      "rotation": { "angle": 22.5, "axis": "x", "origin": [7, 5.5, 9] },
      "faces": {
        "north": { "uv": [9, 0, 12, 4], "texture": "#2" },
        "east": { "uv": [12, 0, 15, 4], "texture": "#2" },
        "south": { "uv": [9, 4, 12, 8], "texture": "#2" },
        "west": { "uv": [12, 4, 15, 8], "texture": "#2" },
        "up": { "uv": [16, 6, 15, 3], "texture": "#2" },
        "down": { "uv": [16, 0, 15, 3], "texture": "#2" }
      }
    },
    {
      "name": "3",
      "from": [5.6, 3.6, 7.6],
      "to": [8.4, 7.4, 10.4],
      "rotation": { "angle": 22.5, "axis": "x", "origin": [7, 5.5, 9] },
      "faces": {
        "north": { "uv": [0, 8, 3, 12], "texture": "#2" },
        "east": { "uv": [3, 8, 6, 12], "texture": "#2" },
        "south": { "uv": [0, 12, 3, 16], "texture": "#2" },
        "west": { "uv": [3, 12, 6, 16], "texture": "#2" },
        "up": { "uv": [7, 14, 6, 11], "texture": "#2" },
        "down": { "uv": [7, 8, 6, 11], "texture": "#2" }
      }
    },
    {
      "name": "4",
      "from": [5.5, 3.5, 7.5],
      "to": [8.5, 7.5, 10.5],
      "rotation": { "angle": 22.5, "axis": "x", "origin": [7, 5.5, 9] },
      "faces": {
        "north": { "uv": [9, 8, 12, 12], "texture": "#2" },
        "east": { "uv": [12, 8, 15, 12], "texture": "#2" },
        "south": { "uv": [9, 12, 12, 16], "texture": "#2" },
        "west": { "uv": [12, 12, 15, 16], "texture": "#2" },
        "up": { "uv": [16, 14, 15, 11], "texture": "#2" },
        "down": { "uv": [16, 8, 15, 11], "texture": "#2" }
      }
    }
  ],
  "gui_light": "front",
  "display": {
    "thirdperson_righthand": { "translation": [0, 8, 2] },
    "thirdperson_lefthand": { "translation": [0, 8, 2] },
    "firstperson_righthand": {
      "rotation": [-22.94, 2.06, -4.6],
      "translation": [1.75, 1.75, 0],
      "scale": [0.4, 0.4, 0.4]
    },
    "firstperson_lefthand": {
      "rotation": [-22.94, 2.06, -4.6],
      "translation": [1.75, 1.75, 0],
      "scale": [0.4, 0.4, 0.4]
    },
    "ground": {
      "rotation": [-10, 0, 0],
      "translation": [0, 8, 0],
      "scale": [0.4, 0.4, 0.4]
    },
    "gui": {
      "rotation": [54.05, 42.03, -68.25],
      "translation": [-0.75, -1, 0],
      "scale": [0.41, 0.41, 0.41]
    },
    "fixed": {
      "rotation": [0, 90, 0],
      "translation": [0, -0.5, 0],
      "scale": [0.4, 0.4, 0.4]
    }
  },
  "groups": [
    0,
    1,
    2,
    3,
    4,
    5,
    6,
    7,
    8,
    9,
    10,
    11,
    12,
    13,
    14,
    15,
    {
      "name": "heart",
      "origin": [8, 5, 8.5],
      "color": 0,
      "children": [16, 17, 18, 19]
    }
  ]
}
