{
  "credit": "Made with Blockbench",
  "texture_size": [8, 8],
  "textures": {
    "0": "lugin:item/mve_crimson/crimson_lance",
    "2": "lugin:item/mve_crimson/crimson_golden_heart_anim",
    "particle": "lugin:item/mve_crimson/crimson_lance_e"
  },
  "elements": [
    {
      "from": [7.5, 0, 7.5],
      "to": [8.5, 16, 8.5],
      "rotation": { "angle": 0, "axis": "y", "origin": [8, 0, 8] },
      "faces": {
        "north": { "uv": [5.5, 0, 6, 8], "texture": "#0" },
        "east": { "uv": [6, 0, 6.5, 8], "texture": "#0" },
        "south": { "uv": [6.5, 0, 7, 8], "texture": "#0" },
        "west": { "uv": [0, 7, 0.5, 15], "texture": "#0" },
        "up": { "uv": [9.75, 9, 9.25, 8.5], "texture": "#0" },
        "down": { "uv": [9.75, 9, 9.25, 9.5], "texture": "#0" }
      }
    },
    {
      "from": [8, -5, 5.5],
      "to": [8, 9, 11],
      "rotation": { "angle": 0, "axis": "y", "origin": [8, 0, 8] },
      "faces": {
        "north": { "uv": [0, 0, 0, 7], "texture": "#0" },
        "east": { "uv": [16, 9, 13.25, 16], "texture": "#0" },
        "south": { "uv": [0, 0, 0, 7], "texture": "#0" },
        "west": { "uv": [13.25, 9, 16, 16], "texture": "#0" },
        "up": { "uv": [0, 2.75, 0, 0], "texture": "#0" },
        "down": { "uv": [0, 0, 0, 2.75], "texture": "#0" }
      }
    },
    {
      "from": [7.75, -1.625, 7.125],
      "to": [8.25, 0.375, 8.625],
      "rotation": { "angle": -22.5, "axis": "x", "origin": [8, 0, 7.5] },
      "faces": {
        "north": { "uv": [9.5, 4.75, 9.75, 5.75], "texture": "#0" },
        "east": { "uv": [11.5, 1.5, 10.75, 2.5], "texture": "#0" },
        "south": { "uv": [9.5, 5.75, 9.75, 6.75], "texture": "#0" },
        "west": { "uv": [10.75, 1.5, 11.5, 2.5], "texture": "#0" },
        "up": { "uv": [10, 5.5, 9.75, 4.75], "texture": "#0" },
        "down": { "uv": [10, 5.5, 9.75, 6.25], "texture": "#0" }
      }
    },
    {
      "from": [7.75, 18, 7.25],
      "to": [8.25, 26.5, 8.75],
      "rotation": { "angle": 0, "axis": "y", "origin": [8, -2, 8] },
      "faces": {
        "north": { "uv": [6.5, 8, 6.25, 12.25], "texture": "#0" },
        "east": { "uv": [14, 3.25, 14.75, 7.5], "texture": "#0" },
        "south": { "uv": [6.25, 8, 6, 12.25], "texture": "#0" },
        "west": { "uv": [14.75, 3.25, 14, 7.5], "texture": "#0" },
        "up": { "uv": [9.75, 7.25, 9.5, 8], "texture": "#0" },
        "down": { "uv": [9.5, 10.25, 9.25, 9.5], "texture": "#0" }
      }
    },
    {
      "from": [7.75, 26.5, 6.75],
      "to": [8.25, 30, 8.75],
      "rotation": { "angle": 0, "axis": "y", "origin": [8, -2, 8] },
      "faces": {
        "north": { "uv": [9.25, 9, 9, 10.75], "texture": "#0" },
        "east": { "uv": [15, 0, 16, 1.75], "texture": "#0" },
        "south": { "uv": [9, 9, 8.75, 10.75], "texture": "#0" },
        "west": { "uv": [16, 0, 15, 1.75], "texture": "#0" },
        "up": { "uv": [8, 9.25, 7.75, 10.25], "texture": "#0" },
        "down": { "uv": [2.75, 10.5, 2.5, 9.5], "texture": "#0" }
      }
    },
    {
      "from": [7.7375, 22.5, 7.25],
      "to": [8.2625, 26.5, 8.75],
      "rotation": { "angle": -22.5, "axis": "x", "origin": [7.75, 26.5, 8.75] },
      "faces": {
        "north": { "uv": [8.25, 9, 8, 11], "texture": "#0" },
        "east": { "uv": [14, 0, 14.75, 2], "texture": "#0" },
        "south": { "uv": [9.25, 7, 9, 9], "texture": "#0" },
        "west": { "uv": [14.75, 0, 14, 2], "texture": "#0" },
        "up": { "uv": [10, 0.75, 9.75, 1.5], "texture": "#0" },
        "down": { "uv": [10, 4.25, 9.75, 3.5], "texture": "#0" }
      }
    },
    {
      "from": [7.75, 19.5, 5.75],
      "to": [8.25, 26.5, 7.25],
      "rotation": { "angle": 0, "axis": "y", "origin": [8, -2, 8] },
      "faces": {
        "north": { "uv": [1, 8.5, 0.75, 12], "texture": "#0" },
        "east": { "uv": [15.25, 3.5, 16, 7], "texture": "#0" },
        "south": { "uv": [0.75, 8.5, 0.5, 12], "texture": "#0" },
        "west": { "uv": [16, 3.5, 15.25, 7], "texture": "#0" },
        "up": { "uv": [9.75, 9.5, 9.5, 10.25], "texture": "#0" },
        "down": { "uv": [10, 0.75, 9.75, 0], "texture": "#0" }
      }
    },
    {
      "from": [7.75, 18, 8.75],
      "to": [8.25, 22, 9.75],
      "rotation": { "angle": 0, "axis": "y", "origin": [8, 0, 8] },
      "faces": {
        "north": { "uv": [8.75, 9, 8.5, 11], "texture": "#0" },
        "east": { "uv": [12.75, 6.25, 13.25, 8.25], "texture": "#0" },
        "south": { "uv": [8.5, 9, 8.25, 11], "texture": "#0" },
        "west": { "uv": [13.25, 6.25, 12.75, 8.25], "texture": "#0" },
        "up": { "uv": [10, 9.5, 9.75, 10], "texture": "#0" },
        "down": { "uv": [10.25, 0.5, 10, 0], "texture": "#0" }
      }
    },
    {
      "from": [7.625, 18.375, 7.375],
      "to": [8.375, 19.625, 10.625],
      "rotation": {
        "angle": 22.5,
        "axis": "x",
        "origin": [7.625, 19.625, 7.375]
      },
      "faces": {
        "north": { "uv": [10, 7.25, 9.75, 7.75], "texture": "#0" },
        "east": { "uv": [11.75, 2.75, 13.25, 3.25], "texture": "#0" },
        "south": { "uv": [10, 6.25, 9.75, 6.75], "texture": "#0" },
        "west": { "uv": [13.25, 2.75, 11.75, 3.25], "texture": "#0" },
        "up": { "uv": [7.25, 9.25, 7, 10.75], "texture": "#0" },
        "down": { "uv": [9.5, 8.5, 9.25, 7], "texture": "#0" }
      }
    },
    {
      "from": [7.625, 19.625, 7.375],
      "to": [8.375, 20.875, 10.625],
      "rotation": {
        "angle": 22.5,
        "axis": "x",
        "origin": [7.625, 19.625, 7.375]
      },
      "faces": {
        "north": { "uv": [10, 9, 9.75, 9.5], "texture": "#0" },
        "east": { "uv": [11.75, 3.5, 13.25, 4], "texture": "#0" },
        "south": { "uv": [10, 8.5, 9.75, 9], "texture": "#0" },
        "west": { "uv": [13.25, 3.5, 11.75, 4], "texture": "#0" },
        "up": { "uv": [7.5, 9.25, 7.25, 10.75], "texture": "#0" },
        "down": { "uv": [7.75, 10.75, 7.5, 9.25], "texture": "#0" }
      }
    },
    {
      "from": [8, 13.5, 8.5],
      "to": [8, 18, 9.5],
      "rotation": { "angle": 0, "axis": "y", "origin": [8, 0, 9] },
      "faces": {
        "north": { "uv": [0, 0, 0, 2.25], "texture": "#0" },
        "east": { "uv": [11.25, 11, 11.75, 13.25], "texture": "#0" },
        "south": { "uv": [0, 0, 0, 2.25], "texture": "#0" },
        "west": { "uv": [11.75, 11, 11.25, 13.25], "texture": "#0" },
        "up": { "uv": [0, 0, 0, 0.5], "texture": "#0" },
        "down": { "uv": [0, 0.5, 0, 0], "texture": "#0" }
      }
    },
    {
      "from": [7.375, 15.875, 6.875],
      "to": [8.625, 17.125, 9.125],
      "rotation": { "angle": 22.5, "axis": "x", "origin": [8, 16, 7.5] },
      "faces": {
        "north": { "uv": [10, 4.25, 9.5, 4.75], "texture": "#0" },
        "east": { "uv": [9.5, 4.5, 8.5, 5], "texture": "#0" },
        "south": { "uv": [2.5, 9.5, 2, 10], "texture": "#0" },
        "west": { "uv": [9.5, 5, 8.5, 5.5], "texture": "#0" },
        "up": { "uv": [9, 7, 8.5, 8], "texture": "#0" },
        "down": { "uv": [9, 9, 8.5, 8], "texture": "#0" }
      }
    },
    {
      "from": [7.5, 17, 6],
      "to": [8.5, 18.5, 9],
      "rotation": { "angle": 45, "axis": "x", "origin": [8, 17.5, 7.5] },
      "faces": {
        "north": { "uv": [5.5, 9.25, 5, 10], "texture": "#0" },
        "east": { "uv": [9.5, 5.5, 8, 6.25], "texture": "#0" },
        "south": { "uv": [9.75, 3.5, 9.25, 4.25], "texture": "#0" },
        "west": { "uv": [9.5, 6.25, 8, 7], "texture": "#0" },
        "up": { "uv": [1.5, 8.5, 1, 10], "texture": "#0" },
        "down": { "uv": [2, 10, 1.5, 8.5], "texture": "#0" }
      }
    },
    {
      "from": [8, 17.76777, 3.14645],
      "to": [8, 20.76777, 7.64645],
      "rotation": {
        "angle": 22.5,
        "axis": "x",
        "origin": [8, 19.26777, 7.14645]
      },
      "faces": {
        "north": { "uv": [0, 0, 0, 1.5], "texture": "#0" },
        "east": { "uv": [8, 14.5, 10.25, 16], "texture": "#0" },
        "south": { "uv": [0, 0, 0, 1.5], "texture": "#0" },
        "west": { "uv": [10.25, 14.5, 8, 16], "texture": "#0" },
        "up": { "uv": [0, 0, 0, 2.25], "texture": "#0" },
        "down": { "uv": [0, 2.25, 0, 0], "texture": "#0" }
      }
    },
    {
      "from": [7.375, 14.375, 7.125],
      "to": [8.625, 15.125, 8.875],
      "rotation": { "angle": 0, "axis": "y", "origin": [8, 14.5, 7.5] },
      "faces": {
        "north": { "uv": [10, 8.25, 9.5, 8.5], "texture": "#0" },
        "east": { "uv": [10.25, 6.75, 9.5, 7], "texture": "#0" },
        "south": { "uv": [10, 8, 9.5, 8.25], "texture": "#0" },
        "west": { "uv": [10.25, 7, 9.5, 7.25], "texture": "#0" },
        "up": { "uv": [9.75, 0, 9.25, 0.75], "texture": "#0" },
        "down": { "uv": [9.75, 1.5, 9.25, 0.75], "texture": "#0" }
      }
    },
    {
      "name": "1",
      "from": [7.25, 17.75, 7],
      "to": [8.75, 19.75, 8.5],
      "rotation": { "angle": -22.5, "axis": "x", "origin": [8, 18.75, 7.75] },
      "faces": {
        "north": { "uv": [0, 0, 3, 4], "texture": "#2" },
        "east": { "uv": [3, 0, 6, 4], "texture": "#2" },
        "south": { "uv": [0, 4, 3, 8], "texture": "#2" },
        "west": { "uv": [3, 4, 6, 8], "texture": "#2" },
        "up": { "uv": [7, 6, 6, 3], "texture": "#2" },
        "down": { "uv": [7, 0, 6, 3], "texture": "#2" }
      }
    },
    {
      "name": "2",
      "from": [7.125, 17.625, 6.875],
      "to": [8.875, 19.875, 8.625],
      "rotation": { "angle": -22.5, "axis": "x", "origin": [8, 18.75, 7.75] },
      "faces": {
        "north": { "uv": [9, 0, 12, 4], "texture": "#2" },
        "east": { "uv": [12, 0, 15, 4], "texture": "#2" },
        "south": { "uv": [9, 4, 12, 8], "texture": "#2" },
        "west": { "uv": [12, 4, 15, 8], "texture": "#2" },
        "up": { "uv": [16, 6, 15, 3], "texture": "#2" },
        "down": { "uv": [16, 0, 15, 3], "texture": "#2" }
      }
    },
    {
      "name": "3",
      "from": [7.3, 17.8, 7.05],
      "to": [8.7, 19.7, 8.45],
      "rotation": { "angle": -22.5, "axis": "x", "origin": [8, 18.75, 7.75] },
      "faces": {
        "north": { "uv": [0, 8, 3, 12], "texture": "#2" },
        "east": { "uv": [3, 8, 6, 12], "texture": "#2" },
        "south": { "uv": [0, 12, 3, 16], "texture": "#2" },
        "west": { "uv": [3, 12, 6, 16], "texture": "#2" },
        "up": { "uv": [7, 14, 6, 11], "texture": "#2" },
        "down": { "uv": [7, 8, 6, 11], "texture": "#2" }
      }
    },
    {
      "name": "4",
      "from": [7.25, 17.75, 7],
      "to": [8.75, 19.75, 8.5],
      "rotation": { "angle": -22.5, "axis": "x", "origin": [8, 18.75, 7.75] },
      "faces": {
        "north": { "uv": [9, 8, 12, 12], "texture": "#2" },
        "east": { "uv": [12, 8, 15, 12], "texture": "#2" },
        "south": { "uv": [9, 12, 12, 16], "texture": "#2" },
        "west": { "uv": [12, 12, 15, 16], "texture": "#2" },
        "up": { "uv": [16, 14, 15, 11], "texture": "#2" },
        "down": { "uv": [16, 8, 15, 11], "texture": "#2" }
      }
    }
  ],
  "gui_light": "front",
  "display": {
    "thirdperson_righthand": { "translation": [0, 0, 2], "scale": [2, 2, 2] },
    "thirdperson_lefthand": { "translation": [0, 0, 2], "scale": [2, 2, 2] },
    "firstperson_righthand": {
      "rotation": [-41.23, -2.53, -8.18],
      "translation": [1.25, -1.25, 0],
      "scale": [0.75, 0.75, 0.75]
    },
    "firstperson_lefthand": {
      "rotation": [-41.23, -2.53, -8.18],
      "translation": [1.25, -1.25, 0],
      "scale": [0.75, 0.75, 0.75]
    },
    "ground": {
      "rotation": [-10, 0, 0],
      "translation": [0, 8, 0],
      "scale": [0.8, 0.8, 0.8]
    },
    "gui": {
      "rotation": [-131.72, -41.63, -109.55],
      "translation": [-2, -2.25, 0],
      "scale": [0.6, 0.6, 0.6]
    },
    "fixed": {
      "rotation": [0, 90, 0],
      "translation": [0, -2.75, 0],
      "scale": [0.54, 0.54, 0.54]
    }
  },
  "groups": [
    0,
    1,
    2,
    3,
    4,
    5,
    6,
    7,
    8,
    9,
    10,
    11,
    12,
    13,
    14,
    {
      "name": "heart",
      "origin": [8, 5, 8.5],
      "color": 0,
      "children": [15, 16, 17, 18]
    }
  ]
}
