{
  "credit": "Made with Blockbench",
  "texture_size": [8, 8],
  "textures": {
    "0": "lugin:item/mve_crimson/crimson_bow",
    "2": "lugin:item/mve_crimson/crimson_golden_heart_anim",
    "particle": "lugin:item/mve_crimson/crimson_bow_e"
  },
  "elements": [
    {
      "from": [7.5, 6, 7.5],
      "to": [8.5, 10, 8.5],
      "rotation": { "angle": 0, "axis": "y", "origin": [8, 8, 8] },
      "faces": {
        "north": { "uv": [3.25, 9.25, 3.75, 11.25], "texture": "#0" },
        "east": { "uv": [6.75, 9.25, 7.25, 11.25], "texture": "#0" },
        "south": { "uv": [9.25, 7.75, 9.75, 9.75], "texture": "#0" },
        "west": { "uv": [9.5, 3, 10, 5], "texture": "#0" },
        "up": { "uv": [5.25, 6.5, 4.75, 6], "texture": "#0" },
        "down": { "uv": [9, 7.75, 8.5, 8.25], "texture": "#0" }
      }
    },
    {
      "from": [7.375, 4.375, 6.375],
      "to": [8.625, 6.125, 11.625],
      "rotation": { "angle": 22.5, "axis": "x", "origin": [7.5, 6, 8.5] },
      "faces": {
        "north": { "uv": [10, 3, 10.5, 3.75], "texture": "#0" },
        "east": { "uv": [7.5, 0, 10, 0.75], "texture": "#0" },
        "south": { "uv": [10, 3.75, 10.5, 4.5], "texture": "#0" },
        "west": { "uv": [7.5, 0.75, 10, 1.5], "texture": "#0" },
        "up": { "uv": [1.75, 10.5, 1.25, 8], "texture": "#0" },
        "down": { "uv": [9, 4.5, 8.5, 7], "texture": "#0" }
      }
    },
    {
      "from": [8, 5.08861, 6.05945],
      "to": [8, 8.08861, 8.05945],
      "rotation": {
        "angle": -45,
        "axis": "x",
        "origin": [7.375, 5.46361, 6.93445]
      },
      "faces": {
        "north": { "uv": [0, 0, 0, 1.5], "texture": "#0" },
        "east": { "uv": [14.75, 0, 13.75, 1.5], "texture": "#0" },
        "south": { "uv": [0, 0, 0, 1.5], "texture": "#0" },
        "west": { "uv": [13.75, 0, 14.75, 1.5], "texture": "#0" },
        "up": { "uv": [0, 1, 0, 0], "texture": "#0" },
        "down": { "uv": [0, 0, 0, 1], "texture": "#0" }
      }
    },
    {
      "from": [7.5, 2.03518, 6.55945],
      "to": [8.5, 5.03518, 10.05945],
      "rotation": {
        "angle": 0,
        "axis": "y",
        "origin": [7.375, 5.16018, 6.93445]
      },
      "faces": {
        "north": { "uv": [8.75, 9.75, 9.25, 11.25], "texture": "#0" },
        "east": { "uv": [5.25, 3.5, 7, 5], "texture": "#0" },
        "south": { "uv": [9.25, 9.75, 9.75, 11.25], "texture": "#0" },
        "west": { "uv": [5.25, 5, 7, 6.5], "texture": "#0" },
        "up": { "uv": [10.25, 9.5, 9.75, 7.75], "texture": "#0" },
        "down": { "uv": [8.75, 9.75, 8.25, 11.5], "texture": "#0" }
      }
    },
    {
      "from": [8, -2.96482, 7.05945],
      "to": [8, 2.03518, 9.55945],
      "rotation": {
        "angle": 0,
        "axis": "y",
        "origin": [7.375, 5.16018, 6.93445]
      },
      "faces": {
        "north": { "uv": [0, 0, 0, 2.5], "texture": "#0" },
        "east": { "uv": [14.25, 8, 13, 10.5], "texture": "#0" },
        "south": { "uv": [0, 0, 0, 2.5], "texture": "#0" },
        "west": { "uv": [13, 8, 14.25, 10.5], "texture": "#0" },
        "up": { "uv": [0, 1.25, 0, 0], "texture": "#0" },
        "down": { "uv": [0, 0, 0, 1.25], "texture": "#0" }
      }
    },
    {
      "from": [8, 0.03518, 6.05945],
      "to": [8, 5.03518, 8.05945],
      "rotation": {
        "angle": 22.5,
        "axis": "x",
        "origin": [8, 5.03518, 6.55945]
      },
      "faces": {
        "north": { "uv": [0, 0, 0, 2.5], "texture": "#0" },
        "east": { "uv": [12.75, 8, 11.75, 10.5], "texture": "#0" },
        "south": { "uv": [0, 0, 0, 2.5], "texture": "#0" },
        "west": { "uv": [11.75, 8, 12.75, 10.5], "texture": "#0" },
        "up": { "uv": [0, 1, 0, 0], "texture": "#0" },
        "down": { "uv": [0, 0, 0, 1], "texture": "#0" }
      }
    },
    {
      "from": [7.75, -4.96482, 8.55945],
      "to": [8.25, 2.03518, 10.05945],
      "rotation": {
        "angle": -22.5,
        "axis": "x",
        "origin": [7.5, 2.03518, 8.55945]
      },
      "faces": {
        "north": { "uv": [7, 2.5, 7.25, 6], "texture": "#0" },
        "east": { "uv": [15.25, 8, 14.5, 11.5], "texture": "#0" },
        "south": { "uv": [4.5, 9.5, 4.75, 13], "texture": "#0" },
        "west": { "uv": [14.5, 8, 15.25, 11.5], "texture": "#0" },
        "up": { "uv": [7, 3.25, 6.75, 2.5], "texture": "#0" },
        "down": { "uv": [2, 8, 1.75, 8.75], "texture": "#0" }
      }
    },
    {
      "from": [7.9875, -2.73855, 9.71063],
      "to": [8.0125, 1.26145, 11.71063],
      "rotation": {
        "angle": -45,
        "axis": "x",
        "origin": [8, 0.76145, 10.71063]
      },
      "faces": {
        "north": { "uv": [0, 0, 0, 2], "texture": "#0" },
        "east": { "uv": [12.75, 10.75, 11.75, 12.75], "texture": "#0" },
        "south": { "uv": [0, 0, 0, 2], "texture": "#0" },
        "west": { "uv": [11.75, 10.75, 12.75, 12.75], "texture": "#0" },
        "up": { "uv": [0, 1, 0, 0], "texture": "#0" },
        "down": { "uv": [0, 0, 0, 1], "texture": "#0" }
      }
    },
    {
      "from": [8, 4.5, 8.5],
      "to": [8, 8, 13],
      "rotation": { "angle": -22.5, "axis": "x", "origin": [7.5, 6, 8.5] },
      "faces": {
        "north": { "uv": [0, 0, 0, 1.75], "texture": "#0" },
        "east": { "uv": [14, 6, 11.75, 7.75], "texture": "#0" },
        "south": { "uv": [0, 0, 0, 1.75], "texture": "#0" },
        "west": { "uv": [11.75, 6, 14, 7.75], "texture": "#0" },
        "up": { "uv": [0, 2.25, 0, 0], "texture": "#0" },
        "down": { "uv": [0, 0, 0, 2.25], "texture": "#0" }
      }
    },
    {
      "from": [8, 0, 12],
      "to": [8, 8, 12.5],
      "rotation": { "angle": 0, "axis": "y", "origin": [8, 0, 12] },
      "faces": {
        "north": { "uv": [0, 0, 0, 8], "texture": "#0" },
        "east": { "uv": [15.75, 12, 16, 16], "texture": "#0" },
        "south": { "uv": [0, 0, 0, 8], "texture": "#0" },
        "west": { "uv": [15.75, 12, 16, 16], "texture": "#0" },
        "up": { "uv": [0, 0.25, 0, 0], "texture": "#0" },
        "down": { "uv": [0, 0, 0, 0.25], "texture": "#0" }
      }
    },
    {
      "from": [8, 8, 12],
      "to": [8, 16, 12.5],
      "rotation": { "angle": 0, "axis": "y", "origin": [8, 16, 12] },
      "faces": {
        "north": { "uv": [0, 0, 0, 8], "texture": "#0" },
        "east": { "uv": [15.75, 8, 16, 12], "texture": "#0" },
        "south": { "uv": [0, 0, 0, 8], "texture": "#0" },
        "west": { "uv": [15.75, 8, 16, 12], "texture": "#0" },
        "up": { "uv": [0, 0.25, 0, 0], "texture": "#0" },
        "down": { "uv": [0, 0, 0, 0.25], "texture": "#0" }
      }
    },
    {
      "from": [8, 9.5, 7.5],
      "to": [8, 13, 9.5],
      "rotation": { "angle": -45, "axis": "x", "origin": [8, 12, 8] },
      "faces": {
        "north": { "uv": [0, 0, 0, 1.75], "texture": "#0" },
        "east": { "uv": [12.75, 4, 11.75, 5.75], "texture": "#0" },
        "south": { "uv": [0, 0, 0, 1.75], "texture": "#0" },
        "west": { "uv": [11.75, 4, 12.75, 5.75], "texture": "#0" },
        "up": { "uv": [0, 1, 0, 0], "texture": "#0" },
        "down": { "uv": [0, 0, 0, 1], "texture": "#0" }
      }
    },
    {
      "from": [7.375, 9.875, 7.125],
      "to": [8.625, 12.625, 8.875],
      "rotation": { "angle": -22.5, "axis": "x", "origin": [7.5, 10, 8.5] },
      "faces": {
        "north": { "uv": [9.75, 9.5, 10.25, 10.75], "texture": "#0" },
        "east": { "uv": [3.75, 9.5, 4.5, 10.75], "texture": "#0" },
        "south": { "uv": [10, 0, 10.5, 1.25], "texture": "#0" },
        "west": { "uv": [9.5, 5, 10.25, 6.25], "texture": "#0" },
        "up": { "uv": [10, 7, 9.5, 6.25], "texture": "#0" },
        "down": { "uv": [10.5, 2.25, 10, 3], "texture": "#0" }
      }
    },
    {
      "from": [7.5, 9.5, 7],
      "to": [8.5, 17.5, 9],
      "rotation": { "angle": 45, "axis": "x", "origin": [8, 13.5, 8] },
      "faces": {
        "north": { "uv": [0, 7, 0.5, 11], "texture": "#0" },
        "east": { "uv": [2, 0, 3, 4], "texture": "#0" },
        "south": { "uv": [0.5, 7, 1, 11], "texture": "#0" },
        "west": { "uv": [3, 0, 4, 4], "texture": "#0" },
        "up": { "uv": [6.75, 3.5, 6.25, 2.5], "texture": "#0" },
        "down": { "uv": [10.5, 1.25, 10, 2.25], "texture": "#0" }
      }
    },
    {
      "from": [7.75, 11.33061, 11.97112],
      "to": [8.25, 12.83061, 14.97112],
      "rotation": {
        "angle": -22.5,
        "axis": "x",
        "origin": [8.25, 10.83061, 1.47112]
      },
      "faces": {
        "north": { "uv": [6.5, 10, 6.75, 10.75], "texture": "#0" },
        "east": { "uv": [13.25, 3, 11.75, 3.75], "texture": "#0" },
        "south": { "uv": [7.25, 10, 7.5, 10.75], "texture": "#0" },
        "west": { "uv": [11.75, 3, 13.25, 3.75], "texture": "#0" },
        "up": { "uv": [6.5, 11.5, 6.25, 10], "texture": "#0" },
        "down": { "uv": [10.25, 6.25, 10, 7.75], "texture": "#0" }
      }
    },
    {
      "from": [7.25, 14.56066, 7.76777],
      "to": [8.75, 23.56066, 9.76777],
      "rotation": {
        "angle": 22.5,
        "axis": "x",
        "origin": [7.25, 14.56066, 9.76777]
      },
      "faces": {
        "north": { "uv": [0, 0, 0, 4.5], "texture": "#0" },
        "east": { "uv": [16, 2, 15, 6.5], "texture": "#0" },
        "south": { "uv": [0, 0, 0, 4.5], "texture": "#0" },
        "west": { "uv": [15, 2, 16, 6.5], "texture": "#0" },
        "up": { "uv": [0, 1, 0, 0], "texture": "#0" },
        "down": { "uv": [0, 0, 0, 1], "texture": "#0" }
      }
    },
    {
      "from": [7.3, 14.31586, 11.35876],
      "to": [8.7, 20.81586, 13.35876],
      "rotation": {
        "angle": 45,
        "axis": "x",
        "origin": [8, 17.56586, 11.35876]
      },
      "faces": {
        "north": { "uv": [0, 0, 0, 3.25], "texture": "#0" },
        "east": { "uv": [13.75, 1.75, 14.75, 5], "texture": "#0" },
        "south": { "uv": [0, 0, 0, 3.25], "texture": "#0" },
        "west": { "uv": [14.75, 1.75, 13.75, 5], "texture": "#0" },
        "up": { "uv": [0, 1, 0, 0], "texture": "#0" },
        "down": { "uv": [0, 0, 0, 1], "texture": "#0" }
      }
    },
    {
      "from": [7.975, 12.7929, 5.87868],
      "to": [8.025, 18.2929, 7.37868],
      "rotation": {
        "angle": 0,
        "axis": "y",
        "origin": [7.5, 12.7929, 5.87868]
      },
      "faces": {
        "north": { "uv": [0, 0, 0, 2.75], "texture": "#0" },
        "east": { "uv": [11.75, 0, 12.5, 2.75], "texture": "#0" },
        "south": { "uv": [0, 0, 0, 2.75], "texture": "#0" },
        "west": { "uv": [12.5, 0, 11.75, 2.75], "texture": "#0" },
        "up": { "uv": [0, 0.75, 0, 0], "texture": "#0" },
        "down": { "uv": [0, 0, 0, 0.75], "texture": "#0" }
      }
    },
    {
      "from": [8, 11.73224, 4.81802],
      "to": [8, 14.73224, 6.31802],
      "rotation": {
        "angle": -22.5,
        "axis": "x",
        "origin": [7.5, 11.73224, 4.81802]
      },
      "faces": {
        "north": { "uv": [0, 0, 0, 1.5], "texture": "#0" },
        "east": { "uv": [13.5, 0, 12.75, 1.5], "texture": "#0" },
        "south": { "uv": [0, 0, 0, 1.5], "texture": "#0" },
        "west": { "uv": [12.75, 0, 13.5, 1.5], "texture": "#0" },
        "up": { "uv": [0, 0.75, 0, 0], "texture": "#0" },
        "down": { "uv": [0, 0, 0, 0.75], "texture": "#0" }
      }
    },
    {
      "from": [8, 9.96447, 2.37868],
      "to": [8, 11.96447, 5.87868],
      "rotation": {
        "angle": -22.5,
        "axis": "x",
        "origin": [8, 9.96447, 5.87868]
      },
      "faces": {
        "north": { "uv": [0, 0, 0, 1], "rotation": 180, "texture": "#0" },
        "east": { "uv": [16, 0, 15, 1.75], "rotation": 270, "texture": "#0" },
        "south": { "uv": [0, 1, 0, 0], "texture": "#0" },
        "west": { "uv": [15, 0, 16, 1.75], "rotation": 90, "texture": "#0" },
        "up": { "uv": [0, 0, 0, 1.75], "rotation": 180, "texture": "#0" },
        "down": { "uv": [0, 0, 0, 1.75], "texture": "#0" }
      }
    },
    {
      "from": [7.3625, 7.4875, 11.4875],
      "to": [7.3875, 8.5125, 12.5125],
      "rotation": { "angle": 45, "axis": "x", "origin": [7.375, 8, 12] },
      "faces": {
        "north": { "uv": [0.25, 13.25, 0.5, 13.5], "texture": "#0" },
        "east": { "uv": [7.25, 13, 6.75, 13.5], "texture": "#0" },
        "south": { "uv": [0.25, 13.25, 0.5, 13.5], "texture": "#0" },
        "west": { "uv": [6.75, 13, 7.25, 13.5], "texture": "#0" },
        "up": { "uv": [0.25, 13.25, 0.5, 13.5], "texture": "#0" },
        "down": { "uv": [0.25, 13.25, 0.5, 13.5], "texture": "#0" }
      }
    },
    {
      "name": "1",
      "from": [7.25, 3.75, 7.5],
      "to": [8.75, 5.75, 9],
      "rotation": { "angle": -22.5, "axis": "x", "origin": [8, 4.75, 8.25] },
      "faces": {
        "north": { "uv": [0, 0, 3, 4], "texture": "#2" },
        "east": { "uv": [3, 0, 6, 4], "texture": "#2" },
        "south": { "uv": [0, 4, 3, 8], "texture": "#2" },
        "west": { "uv": [3, 4, 6, 8], "texture": "#2" },
        "up": { "uv": [7, 6, 6, 3], "texture": "#2" },
        "down": { "uv": [7, 0, 6, 3], "texture": "#2" }
      }
    },
    {
      "name": "2",
      "from": [7.125, 3.625, 7.375],
      "to": [8.875, 5.875, 9.125],
      "rotation": { "angle": -22.5, "axis": "x", "origin": [8, 4.75, 8.25] },
      "faces": {
        "north": { "uv": [9, 0, 12, 4], "texture": "#2" },
        "east": { "uv": [12, 0, 15, 4], "texture": "#2" },
        "south": { "uv": [9, 4, 12, 8], "texture": "#2" },
        "west": { "uv": [12, 4, 15, 8], "texture": "#2" },
        "up": { "uv": [16, 6, 15, 3], "texture": "#2" },
        "down": { "uv": [16, 0, 15, 3], "texture": "#2" }
      }
    },
    {
      "name": "3",
      "from": [7.3, 3.8, 7.55],
      "to": [8.7, 5.7, 8.95],
      "rotation": { "angle": -22.5, "axis": "x", "origin": [8, 4.75, 8.25] },
      "faces": {
        "north": { "uv": [0, 8, 3, 12], "texture": "#2" },
        "east": { "uv": [3, 8, 6, 12], "texture": "#2" },
        "south": { "uv": [0, 12, 3, 16], "texture": "#2" },
        "west": { "uv": [3, 12, 6, 16], "texture": "#2" },
        "up": { "uv": [7, 14, 6, 11], "texture": "#2" },
        "down": { "uv": [7, 8, 6, 11], "texture": "#2" }
      }
    },
    {
      "name": "4",
      "from": [7.25, 3.75, 7.5],
      "to": [8.75, 5.75, 9],
      "rotation": { "angle": -22.5, "axis": "x", "origin": [8, 4.75, 8.25] },
      "faces": {
        "north": { "uv": [9, 8, 12, 12], "texture": "#2" },
        "east": { "uv": [12, 8, 15, 12], "texture": "#2" },
        "south": { "uv": [9, 12, 12, 16], "texture": "#2" },
        "west": { "uv": [12, 12, 15, 16], "texture": "#2" },
        "up": { "uv": [16, 14, 15, 11], "texture": "#2" },
        "down": { "uv": [16, 8, 15, 11], "texture": "#2" }
      }
    }
  ],
  "gui_light": "front",
  "display": {
    "thirdperson_righthand": {
      "rotation": [0, -5, 0],
      "translation": [0, -2, 2],
      "scale": [1.8, 1.8, 1.8]
    },
    "thirdperson_lefthand": {
      "rotation": [0, -5, 0],
      "translation": [0, -2, 2],
      "scale": [1.8, 1.8, 1.8]
    },
    "firstperson_righthand": {
      "rotation": [-4.5, 0, 0],
      "translation": [0.5, 1.75, 0],
      "scale": [0.6, 0.6, 0.6]
    },
    "firstperson_lefthand": {
      "rotation": [-4.5, 0, 0],
      "translation": [0.5, 1.75, 0],
      "scale": [0.6, 0.6, 0.6]
    },
    "ground": {
      "rotation": [10, 0, 0],
      "translation": [0, 9, 0],
      "scale": [0.8, 0.8, 0.8]
    },
    "gui": {
      "rotation": [51.41, 41.2, -62.24],
      "translation": [-2, 0.75, 0],
      "scale": [0.73, 0.73, 0.73]
    },
    "fixed": {
      "rotation": [0, -90, 0],
      "translation": [1, -0.75, 0],
      "scale": [0.64, 0.64, 0.64]
    }
  },
  "groups": [
    0,
    1,
    2,
    3,
    4,
    5,
    6,
    7,
    8,
    9,
    10,
    11,
    12,
    13,
    14,
    15,
    16,
    17,
    18,
    19,
    { "name": "arrow", "origin": [7.375, 8, 11], "color": 0, "children": [20] },
    {
      "name": "heart",
      "origin": [8, 5, 8.5],
      "color": 0,
      "children": [21, 22, 23, 24]
    }
  ]
}
