{
  "credit": "Made with Blockbench",
  "textures": {
    "0": "lugin:item/mve_crimson/crimson_pickaxe",
    "1": "lugin:item/mve_crimson/crimson_golden_small_heart_anim",
    "particle": "lugin:item/mve_crimson/crimson_pickaxe"
  },
  "elements": [
    {
      "name": "1",
      "from": [6.75, 10.75, 6.75],
      "to": [9.25, 14.25, 9.25],
      "rotation": { "angle": -22.5, "axis": "x", "origin": [8, 12.5, 8] },
      "faces": {
        "north": { "uv": [0, 0, 2, 3], "texture": "#1" },
        "east": { "uv": [2, 0, 4, 3], "texture": "#1" },
        "south": { "uv": [0, 3, 2, 6], "texture": "#1" },
        "west": { "uv": [2, 3, 4, 6], "texture": "#1" },
        "up": { "uv": [6, 2, 4, 0], "texture": "#1" },
        "down": { "uv": [6, 2, 4, 4], "texture": "#1" }
      }
    },
    {
      "name": "2",
      "from": [6.5, 10.5, 6.5],
      "to": [9.5, 14.5, 9.5],
      "rotation": { "angle": -22.5, "axis": "x", "origin": [8, 12.5, 8] },
      "faces": {
        "north": { "uv": [10, 0, 12, 3], "texture": "#1" },
        "east": { "uv": [12, 0, 14, 3], "texture": "#1" },
        "south": { "uv": [10, 3, 12, 6], "texture": "#1" },
        "west": { "uv": [12, 3, 14, 6], "texture": "#1" },
        "up": { "uv": [16, 2, 14, 0], "texture": "#1" },
        "down": { "uv": [16, 2, 14, 4], "texture": "#1" }
      }
    },
    {
      "name": "3",
      "from": [6.85, 10.85, 6.85],
      "to": [9.15, 14.15, 9.15],
      "rotation": { "angle": -22.5, "axis": "x", "origin": [8, 12.5, 8] },
      "faces": {
        "north": { "uv": [0, 10, 2, 13], "texture": "#1" },
        "east": { "uv": [2, 10, 4, 13], "texture": "#1" },
        "south": { "uv": [0, 13, 2, 16], "texture": "#1" },
        "west": { "uv": [2, 13, 4, 16], "texture": "#1" },
        "up": { "uv": [6, 12, 4, 10], "texture": "#1" },
        "down": { "uv": [6, 12, 4, 14], "texture": "#1" }
      }
    },
    {
      "name": "4",
      "from": [6.75, 10.75, 6.75],
      "to": [9.25, 14.25, 9.25],
      "rotation": { "angle": -22.5, "axis": "x", "origin": [8, 12.5, 8] },
      "faces": {
        "north": { "uv": [10, 10, 12, 13], "texture": "#1" },
        "east": { "uv": [12, 10, 14, 13], "texture": "#1" },
        "south": { "uv": [10, 13, 12, 16], "texture": "#1" },
        "west": { "uv": [12, 13, 14, 16], "texture": "#1" },
        "up": { "uv": [16, 12, 14, 10], "texture": "#1" },
        "down": { "uv": [16, 12, 14, 14], "texture": "#1" }
      }
    },
    {
      "from": [7, 0, 7],
      "to": [9, 13, 9],
      "rotation": { "angle": 0, "axis": "y", "origin": [6, 0, 6] },
      "faces": {
        "north": { "uv": [4, 8, 5, 14.5], "texture": "#0" },
        "east": { "uv": [1, 8, 2, 14.5], "texture": "#0" },
        "south": { "uv": [2, 8, 3, 14.5], "texture": "#0" },
        "west": { "uv": [3, 8, 4, 14.5], "texture": "#0" },
        "up": { "uv": [11.5, 5.5, 10.5, 4.5], "texture": "#0" },
        "down": { "uv": [11.5, 5.5, 10.5, 6.5], "texture": "#0" }
      }
    },
    {
      "from": [7.975, 5, 9],
      "to": [8.025, 13, 12],
      "rotation": { "angle": 0, "axis": "y", "origin": [7, 0, 8] },
      "faces": {
        "north": { "uv": [0, 1, 1, 2], "texture": "#0" },
        "east": { "uv": [6.5, 1.5, 5, 5.5], "texture": "#0" },
        "south": { "uv": [0, 1, 1, 2], "texture": "#0" },
        "west": { "uv": [5, 1.5, 6.5, 5.5], "texture": "#0" },
        "up": { "uv": [0, 1, 1, 2], "texture": "#0" },
        "down": { "uv": [0, 1, 1, 2], "texture": "#0" }
      }
    },
    {
      "from": [7.975, 5, 4],
      "to": [8.025, 13, 7],
      "rotation": { "angle": 0, "axis": "y", "origin": [7, 0, 4] },
      "faces": {
        "north": { "uv": [1, 1, 2, 2], "texture": "#0" },
        "east": { "uv": [16, 7.5, 14.5, 11.5], "texture": "#0" },
        "south": { "uv": [1, 1, 2, 2], "texture": "#0" },
        "west": { "uv": [14.5, 7.5, 16, 11.5], "texture": "#0" },
        "up": { "uv": [1, 1, 2, 2], "texture": "#0" },
        "down": { "uv": [1, 1, 2, 2], "texture": "#0" }
      }
    },
    {
      "from": [7.5, 12, 3],
      "to": [8.5, 15, 10],
      "rotation": { "angle": 0, "axis": "y", "origin": [8, 13.5, 8] },
      "faces": {
        "north": { "uv": [11, 8, 11.5, 9.5], "texture": "#0" },
        "east": { "uv": [3.5, 14.5, 0, 16], "texture": "#0" },
        "south": { "uv": [10, 11, 10.5, 12.5], "texture": "#0" },
        "west": { "uv": [0, 14.5, 3.5, 16], "texture": "#0" },
        "up": { "uv": [10.5, 9.5, 10, 6], "texture": "#0" },
        "down": { "uv": [9, 11.5, 8.5, 15], "texture": "#0" }
      }
    },
    {
      "from": [7.975, 15, 6.5],
      "to": [8.025, 19, 9.5],
      "rotation": { "angle": 0, "axis": "y", "origin": [8, 16.5, 8] },
      "faces": {
        "north": { "uv": [1, 1, 2, 2], "texture": "#0" },
        "east": { "uv": [16, 5, 14.5, 7], "texture": "#0" },
        "south": { "uv": [1, 1, 2, 2], "texture": "#0" },
        "west": { "uv": [14.5, 5, 16, 7], "texture": "#0" },
        "up": { "uv": [1, 1, 2, 2], "texture": "#0" },
        "down": { "uv": [1, 1, 2, 2], "texture": "#0" }
      }
    },
    {
      "from": [7.975, 12, -3],
      "to": [8.025, 16, 6],
      "rotation": { "angle": -22.5, "axis": "x", "origin": [8, 15, 3] },
      "faces": {
        "north": { "uv": [1, 1, 2, 2], "texture": "#0" },
        "east": { "uv": [16, 14, 11.5, 16], "texture": "#0" },
        "south": { "uv": [1, 1, 2, 2], "texture": "#0" },
        "west": { "uv": [11.5, 14, 16, 16], "texture": "#0" },
        "up": { "uv": [1, 1, 2, 2], "texture": "#0" },
        "down": { "uv": [1, 1, 2, 2], "texture": "#0" }
      }
    },
    {
      "from": [7.975, -5.1, 4.35],
      "to": [8.025, 3.9, 11.35],
      "rotation": { "angle": 0, "axis": "y", "origin": [6, -5.1, 5.85] },
      "faces": {
        "north": { "uv": [1, 1, 2, 2], "texture": "#0" },
        "east": { "uv": [16, 0, 12.5, 4.5], "texture": "#0" },
        "south": { "uv": [1, 1, 2, 2], "texture": "#0" },
        "west": { "uv": [12.5, 0, 16, 4.5], "texture": "#0" },
        "up": { "uv": [1, 1, 2, 2], "texture": "#0" },
        "down": { "uv": [1, 1, 2, 2], "texture": "#0" }
      }
    },
    {
      "from": [7.5, -3, 6],
      "to": [8.5, 0, 9],
      "rotation": { "angle": 22.5, "axis": "x", "origin": [8, 0, 9] },
      "faces": {
        "north": { "uv": [10.5, 6.5, 11, 8], "texture": "#0" },
        "east": { "uv": [8.5, 3.5, 7, 5], "texture": "#0" },
        "south": { "uv": [10.5, 8.5, 11, 10], "texture": "#0" },
        "west": { "uv": [7, 3.5, 8.5, 5], "texture": "#0" },
        "up": { "uv": [11.5, 2.5, 11, 1], "texture": "#0" },
        "down": { "uv": [11.5, 6.5, 11, 8], "texture": "#0" }
      }
    }
  ],
  "gui_light": "front",
  "display": {
    "thirdperson_righthand": { "translation": [0, 2, 2] },
    "thirdperson_lefthand": { "translation": [0, 2, 2] },
    "firstperson_righthand": {
      "rotation": [-17, 0, 0],
      "translation": [0.5, 2.25, 0],
      "scale": [0.52, 0.52, 0.52]
    },
    "firstperson_lefthand": {
      "rotation": [-17, 0, 0],
      "translation": [0.5, 2.25, 0],
      "scale": [0.52, 0.52, 0.52]
    },
    "ground": {
      "rotation": [10, 0, 0],
      "translation": [0, 5, 0],
      "scale": [0.4, 0.4, 0.4]
    },
    "gui": {
      "rotation": [39.95, 35.26, -55.48],
      "translation": [0.75, 0.5, 0],
      "scale": [0.71, 0.71, 0.71]
    },
    "fixed": {
      "rotation": [0, -90, 0],
      "translation": [0, 0.75, 0],
      "scale": [0.7, 0.7, 0.7]
    }
  },
  "groups": [
    {
      "name": "small_heart",
      "origin": [8, 12.5, 8],
      "color": 0,
      "children": [0, 1, 2, 3]
    },
    4,
    5,
    6,
    7,
    8,
    9,
    10,
    11
  ]
}
